Detail,Value,ds,amount_paid,reading_fee_paid,payable_amount,Coupon_Discount,subscription_id,id,day_of_week,ds,trend,yhat_lower,yhat_upper,trend_lower,trend_upper,Coupon_Discount,Coupon_Discount_lower,Coupon_Discount_upper,additive_terms,additive_terms_lower,additive_terms_upper,amount_paid,amount_paid_lower,amount_paid_upper,daily,daily_lower,daily_upper,extra_regressors_additive,extra_regressors_additive_lower,extra_regressors_additive_upper,id,id_lower,id_upper,payable_amount,payable_amount_lower,payable_amount_upper,reading_fee_paid,reading_fee_paid_lower,reading_fee_paid_upper,subscription_id,subscription_id_lower,subscription_id_upper,weekly,weekly_lower,weekly_upper,yearly,yearly_lower,yearly_upper,multiplicative_terms,multiplicative_terms_lower,multiplicative_terms_upper,yhat
Forecasting Period,2024-08-15 00:00:00 to 2024-10-31 00:00:00,2024-08-15,22596.861313868612,21428.14598540146,26978.160583941608,3081.343065693431,12439828.97080292,23357796.386861313,3,2024-08-15,682.2441788693219,134653.23351187858,136802.90506528414,682.2441788693219,682.2441788693219,1.5568889103097407,1.5568889103097407,1.5568889103097407,135052.11165300128,135052.11165300128,135052.11165300128,-419.54968585348496,-419.54968585348496,-419.54968585348496,-138.72484,-138.72484,-138.72484,135082.05554480103,135082.05554480103,135082.05554480103,135509.60050479913,135509.60050479913,135509.60050479913,38.96093704684296,38.96093704684296,38.96093704684296,-75.9244670436502,-75.9244670436502,-75.9244670436502,27.41136694185467,27.41136694185467,27.41136694185467,74.47378500028034,74.47378500028034,74.47378500028034,34.30716319997728,34.30716319997728,34.30716319997728,0.0,0.0,0.0,135734.3558318706
Regressors,"amount_paid, reading_fee_paid, payable_amount, Coupon_Discount, subscription_id, id",2024-08-16,22908.350364963506,21886.515328467154,25154.71532846716,3640.2233576642334,19096819.671532847,23357808.211678833,4,2024-08-16,682.1834626507482,134659.23651286506,136872.79417440644,682.1834626507482,682.1834626507482,1.3678898605189502,1.3678898605189502,1.3678898605189502,135089.1577282361,135089.1577282361,135089.1577282361,-413.8370868945109,-413.8370868945109,-413.8370868945109,-138.72484,-138.72484,-138.72484,135076.09929367228,135076.09929367228,135076.09929367228,135509.51245497272,135509.51245497272,135509.51245497272,41.81752787637509,41.81752787637509,41.81752787637509,-74.42426271657928,-74.42426271657928,-74.42426271657928,11.662770573769029,11.662770573769029,11.662770573769029,105.1033271407785,105.1033271407785,105.1033271407785,46.67994742306614,46.67994742306614,46.67994742306614,0.0,0.0,0.0,135771.34119088686
Number of Days in future_df,78,2024-08-17,17067.777372262775,16678.45839416059,23838.45766423358,2691.1182481751825,12251712.645985402,21022036.39051095,5,2024-08-17,682.1227464321745,151611.3999534917,153910.42779530011,682.1227464321745,682.1227464321745,1.6888529834311214,1.6888529834311214,1.6888529834311214,152066.23119729778,152066.23119729778,152066.23119729778,-520.9511285619008,-520.9511285619008,-520.9511285619008,-138.72484,-138.72484,-138.72484,152363.1148460686,152363.1148460686,152363.1148460686,152902.11095505315,152902.11095505315,152902.11095505315,43.87956377334677,43.87956377334677,43.87956377334677,-91.46979524766435,-91.46979524766435,-91.46979524766435,27.85639806822742,27.85639806822742,27.85639806822742,-215.62938228956494,-215.62938228956494,-215.62938228956494,57.470573518718716,57.470573518718716,57.470573518718716,0.0,0.0,0.0,152748.35394372995
Weekend Adjustment Factor,0.9,2024-08-18,14506.784671532849,13868.549343065693,13899.192700729927,3378.4764700729925,9205770.63941606,21022045.351094894,6,2024-08-18,682.0620302136008,151742.64311274845,153911.42164773442,682.0620302136008,682.0620302136008,1.456405977031117,1.456405977031117,1.456405977031117,152162.84949605953,152162.84949605953,152162.84949605953,-567.9188283404493,-567.9188283404493,-567.9188283404493,-138.72484,-138.72484,-138.72484,152329.42798780694,152329.42798780694,152329.42798780694,152902.04423285136,152902.04423285136,152902.04423285136,59.45031538313226,59.45031538313226,59.45031538313226,-100.66639135711253,-100.66639135711253,-100.66639135711253,35.06225329299102,35.06225329299102,35.06225329299102,-94.34515154710179,-94.34515154710179,-94.34515154710179,66.49149979967352,66.49149979967352,66.49149979967352,0.0,0.0,0.0,152844.91152627312
,,2024-08-19,21626.985401459857,21092.467153284673,23045.036496350367,4250.014635036497,14820543.240875913,23357836.94890511,0,2024-08-19,682.001313995027,134729.5672027617,136928.0102752192,682.001313995027,682.001313995027,1.1616740149258638,1.1616740149258638,1.1616740149258638,135118.667494956,135118.667494956,135118.667494956,-437.3368668413405,-437.3368668413405,-437.3368668413405,-138.72484,-138.72484,-138.72484,135063.00194931604,135063.00194931604,135063.00194931604,135509.29847215378,135509.29847215378,135509.29847215378,45.1225293218475,45.1225293218475,45.1225293218475,-77.02311564235357,-77.02311564235357,-77.02311564235357,21.779256309191446,21.779256309191446,21.779256309191446,120.80121214731922,120.80121214731922,120.80121214731922,73.58917349263643,73.58917349263643,73.58917349263643,0.0,0.0,0.0,135800.668808951
,,2024-08-20,30185.35766423358,29817.05109781022,36799.29197080292,5728.972262773723,22490925.394160584,23357846.635036495,1,2024-08-20,681.9405977764534,134737.52132599207,136940.16445035016,681.9405977764534,681.9405977764534,0.6615282943861595,0.6615282943861595,0.6615282943861595,135168.4515984422,135168.4515984422,135168.4515984422,-280.379348408568,-280.379348408568,-280.379348408568,-138.72484,-138.72484,-138.72484,135208.2487501697,135208.2487501697,135208.2487501697,135509.22634738858,135509.22634738858,135509.22634738858,23.57525229918738,23.57525229918738,23.57525229918738,-48.46828582339087,-48.46828582339087,-48.46828582339087,3.6332564195111776,3.6332564195111776,3.6332564195111776,20.279513301873283,20.279513301873283,20.279513301873283,78.64817497062461,78.64817497062461,78.64817497062461,0.0,0.0,0.0,135850.39219621863
,,2024-08-21,21984.92700729927,20578.394124087594,36932.401459854016,2908.2481459854016,13142065.90510949,23357860.467153285,2,2024-08-21,681.8798815578797,134679.62895675635,136753.54890968013,681.8798815578797,681.8798815578797,1.6154251940514113,1.6154251940514113,1.6154251940514113,134982.56401340468,134982.56401340468,134982.56401340468,-430.77234446822894,-430.77234446822894,-430.77234446822894,-138.72484,-138.72484,-138.72484,135050.3775912687,135050.3775912687,135050.3775912687,135509.12335083232,135509.12335083232,135509.12335083232,23.36672432468116,23.36672432468116,23.36672432468116,-78.70563345140648,-78.70563345140648,-78.70563345140648,25.750068837300695,25.750068837300695,25.750068837300695,-10.683303753130554,-10.683303753130554,-10.683303753130554,81.59456588909701,81.59456588909701,81.59456588909701,0.0,0.0,0.0,135664.44389496258
,,2024-08-22,26438.788321167885,27047.56204379562,27270.985401459857,5750.732846715328,12414891.043795621,23357872.408759125,3,2024-08-22,681.819165339306,134808.8993068776,136956.9726760197,681.819165339306,681.819165339306,0.6541694203178804,0.6541694203178804,0.6541694203178804,135187.1857483226,135187.1857483226,135187.1857483226,-349.0901042238694,-349.0901042238694,-349.0901042238694,-138.72484,-138.72484,-138.72484,135169.03846972468,135169.03846972468,135169.03846972468,135509.03443137798,135509.03443137798,135509.03443137798,38.50220065984658,38.50220065984658,38.50220065984658,-57.53259068029916,-57.53259068029916,-57.53259068029916,27.470363170683953,27.470363170683953,27.470363170683953,74.4737849998142,74.4737849998142,74.4737849998142,82.39833359811605,82.39833359811605,82.39833359811605,0.0,0.0,0.0,135869.00491366192
,,2024-08-23,23012.116788321167,20592.175182481755,22189.525547445253,3928.1167883211683,22489055.386861313,23357885.357664235,4,2024-08-23,681.7584491207323,134724.61361109585,136878.6943037978,681.7584491207323,681.7584491207323,1.2705316505106894,1.2705316505106894,1.2705316505106894,135117.16774334118,135117.16774334118,135117.16774334118,-411.9340474137786,-411.9340474137786,-411.9340474137786,-138.72484,-138.72484,-138.72484,135069.7144108438,135069.7144108438,135069.7144108438,135508.93801138285,135508.93801138285,135508.93801138285,46.46276409109524,46.46276409109524,46.46276409109524,-78.660529205786,-78.660529205786,-78.660529205786,3.637680338889397,3.637680338889397,3.637680338889397,105.10332714058804,105.10332714058804,105.10332714058804,81.07484535680149,81.07484535680149,81.07484535680149,0.0,0.0,0.0,135798.92619246192
,,2024-08-24,12436.535036496352,13400.90802919708,16720.265693430658,2438.947445255474,3834366.2671532854,21022106.62992701,5,2024-08-24,681.6977329021586,151661.83805621852,153753.41001799094,681.6977329021586,681.6977329021586,1.7741307125289572,1.7741307125289572,1.7741307125289572,152021.4100409137,152021.4100409137,152021.4100409137,-605.8864739715088,-605.8864739715088,-605.8864739715088,-138.72484,-138.72484,-138.72484,152298.07901327268,152298.07901327268,152298.07901327268,152901.58793908416,152901.58793908416,152901.58793908416,55.03085106623241,55.03085106623241,55.03085106623241,-102.19694206517389,-102.19694206517389,-102.19694206517389,47.76950844647372,47.76950844647372,47.76950844647372,-215.6293822894372,-215.6293822894372,-215.6293822894372,77.68524993046074,77.68524993046074,77.68524993046074,0.0,0.0,0.0,152703.10777381586
,,2024-08-25,15189.582481751826,14474.943091970805,19563.293430656937,2335.743091970803,15270511.164963506,21022113.51459854,6,2024-08-25,681.6370166835849,151779.73279687314,154017.99833184975,681.6370166835849,681.6370166835849,1.809031790604716,1.809031790604716,1.809031790604716,152159.82498099186,152159.82498099186,152159.82498099186,-555.3965581478499,-555.3965581478499,-555.3965581478499,-138.72484,-138.72484,-138.72484,152320.55918205515,152320.55918205515,152320.55918205515,152901.53667451855,152901.53667451855,152901.53667451855,50.57699266939618,50.57699266939618,50.57699266939618,-98.68171559338936,-98.68171559338936,-98.68171559338936,20.71475681781257,20.71475681781257,20.71475681781257,-94.34515154670434,-94.34515154670434,-94.34515154670434,72.33579048345706,72.33579048345706,72.33579048345706,0.0,0.0,0.0,152841.46199767545
,,2024-08-26,18567.452554744526,17970.83182481752,20135.56204379562,3028.8759124087587,14797725.649635037,23357912.686131388,0,2024-08-26,681.5763004650113,134628.50815879824,136819.27643778062,681.5763004650113,681.5763004650113,1.57463196237025,1.57463196237025,1.57463196237025,135048.38767992606,135048.38767992606,135048.38767992606,-493.44761646049284,-493.44761646049284,-493.44761646049284,-138.72484,-138.72484,-138.72484,135001.13528717947,135001.13528717947,135001.13528717947,135508.73451845066,135508.73451845066,135508.73451845066,49.68048246849318,49.68048246849318,49.68048246849318,-87.23996565239594,-87.23996565239594,-87.23996565239594,21.833236410816813,21.833236410816813,21.833236410816813,120.80121214716362,120.80121214716362,120.80121214716362,65.17602059943519,65.17602059943519,65.17602059943519,0.0,0.0,0.0,135729.96398039107
,,2024-08-27,33619.25547445256,33158.416058394156,45110.71532846716,6514.455032846716,4225185.277372263,23357923.226277374,1,2024-08-27,681.5155842464376,134829.14697843872,136995.0361761114,681.5155842464376,681.5155842464376,0.39589807034063296,0.39589807034063296,0.39589807034063296,135249.46699259905,135249.46699259905,135249.46699259905,-217.4028778490805,-217.4028778490805,-217.4028778490805,-138.72484,-138.72484,-138.72484,135311.51637528458,135311.51637528458,135311.51637528458,135508.6560345313,135508.6560345313,135508.6560345313,10.554660826763298,10.554660826763298,10.554660826763298,-37.532279198984675,-37.532279198984675,-37.532279198984675,46.84493890422717,46.84493890422717,46.84493890422717,20.27951330241318,20.27951330241318,20.27951330241318,56.39594401207223,56.39594401207223,56.39594401207223,0.0,0.0,0.0,135930.98257684548
,,2024-08-28,19220.788321167885,18791.38686131387,21271.014598540147,3186.4233540145988,9292686.489051096,23357937.70072993,2,2024-08-28,681.4548680278639,134500.58967945955,136646.1917968523,681.4548680278639,681.4548680278639,1.521353438886317,1.521353438886317,1.521353438886317,134923.62189289328,134923.62189289328,134923.62189289328,-481.46566972428616,-481.46566972428616,-481.46566972428616,-138.72484,-138.72484,-138.72484,135026.807909223,135026.807909223,135026.807909223,135508.54825502154,135508.54825502154,135508.54825502154,47.90169402090246,47.90169402090246,47.90169402090246,-84.5543579978386,-84.5543579978386,-84.5543579978386,34.856634463789206,34.856634463789206,34.856634463789206,-10.683303753209458,-10.683303753209458,-10.683303753209458,46.22212742349787,46.22212742349787,46.22212742349787,0.0,0.0,0.0,135605.07676092113
,,2024-08-29,24647.262773722632,24059.547744525553,30126.335766423363,4794.102218978102,14039835.9270073,23357948.70072993,3,2024-08-29,681.3941518092902,134635.91501808155,136840.90955364346,681.3873530343091,681.417435592891,0.9776774814190021,0.9776774814190021,0.9776774814190021,135088.50290557783,135088.50290557783,135088.50290557783,-381.94604873086706,-381.94604873086706,-381.94604873086706,-138.72484,-138.72484,-138.72484,135117.84109675736,135117.84109675736,135117.84109675736,135508.46634694227,135508.46634694227,135508.46634694227,34.02903775947002,34.02903775947002,34.02903775947002,-67.31211029462087,-67.31211029462087,-67.31211029462087,23.62619359969735,23.62619359969735,23.62619359969735,74.47378499990322,74.47378499990322,74.47378499990322,34.912863820571495,34.912863820571495,34.912863820571495,0.0,0.0,0.0,135769.8970573871
,,2024-08-30,22754.51094890511,23098.569343065694,24285.029197080294,4575.299270072994,12656002.343065694,23357960.19708029,4,2024-08-30,681.3334355907165,134671.69902505475,136870.2501597119,681.2788661484066,681.4040273893065,1.0516710539757683,1.0516710539757683,1.0516710539757683,135081.52756211098,135081.52756211098,135081.52756211098,-416.6584473402,-416.6584473402,-416.6584473402,-138.72484,-138.72484,-138.72484,135092.39658479425,135092.39658479425,135092.39658479425,135508.38074294437,135508.38074294437,135508.38074294437,43.17996934262277,43.17996934262277,43.17996934262277,-70.45731181802456,-70.45731181802456,-70.45731181802456,26.8999606115257,26.8999606115257,26.8999606115257,105.1033271403976,105.1033271403976,105.1033271403976,22.752490176317114,22.752490176317114,22.752490176317114,0.0,0.0,0.0,135762.8609977017
,,2024-08-31,19196.441605839416,19425.39004379562,19058.268613138687,3463.3842043795626,9571138.922627736,21022173.860583942,5,2024-08-31,681.2727193721429,151794.11071586816,153841.73526700222,681.1908597274034,681.3897409475454,1.427692348487799,1.427692348487799,1.427692348487799,152079.38033834146,152079.38033834146,152079.38033834146,-481.91217986694113,-481.91217986694113,-481.91217986694113,-138.72484,-138.72484,-138.72484,152423.68957305184,152423.68957305184,152423.68957305184,152901.08732690435,152901.08732690435,152901.08732690435,51.368159422594594,51.368159422594594,51.368159422594594,-82.47931887900396,-82.47931887900396,-82.47931887900396,34.19789312235563,34.19789312235563,34.19789312235563,-215.62938228969432,-215.62938228969432,-215.62938228969432,10.044987579286694,10.044987579286694,10.044987579286694,0.0,0.0,0.0,152760.6530577136
,,2024-09-01,15655.62481751825,15693.7401459854,16923.66569343066,2709.1878832116786,9661241.470072992,21022308.998540144,6,2024-09-01,681.2120031535691,151671.26533745453,153903.80218730375,681.0725608106885,681.3652176825158,1.6827422940741552,1.6827422940741552,1.6827422940741552,152112.9555680425,152112.9555680425,152112.9555680425,-546.8495066454648,-546.8495066454648,-546.8495066454648,-138.72484,-138.72484,-138.72484,152348.9185466323,152348.9185466323,152348.9185466323,152900.081064138,152900.081064138,152900.081064138,54.71220669071171,54.71220669071171,54.71220669071171,-94.69269529367895,-94.69269529367895,-94.69269529367895,33.98473544867944,33.98473544867944,33.98473544867944,-94.34515154657562,-94.34515154657562,-94.34515154657562,-2.892987043216021,-2.892987043216021,-2.892987043216021,0.0,0.0,0.0,152794.16757119607
,,2024-09-02,24842.70802919708,24802.238175182483,29369.912408759126,5471.8934306569345,18254869.729927007,23358131.613138687,0,2024-09-02,681.1512869349954,134730.29447454514,136917.36145662266,680.9778650728338,681.3897510844216,0.7484657936850926,0.7484657936850926,0.7484657936850926,135079.81534854035,135079.81534854035,135079.81534854035,-378.36165191487873,-378.36165191487873,-378.36165191487873,-138.72484,-138.72484,-138.72484,135113.4784473757,135113.4784473757,135113.4784473757,135507.1043465716,135507.1043465716,135507.1043465716,35.21404291400389,35.21404291400389,35.21404291400389,-64.88134694929391,-64.88134694929391,-64.88134694929391,13.654590960573799,13.654590960573799,13.654590960573799,120.80121214700802,120.80121214700802,120.80121214700802,-15.739470982345372,-15.739470982345372,-15.739470982345372,0.0,0.0,0.0,135760.96663547534
,,2024-09-03,17762.43795620438,17617.868613138686,21142.036496350367,3473.6642335766423,22490779.88321168,23358144.489051096,1,2024-09-03,681.0905707164217,134451.37518336915,136551.757071294,680.884468528748,681.4594881909522,1.4242159050025254,1.4242159050025254,1.4242159050025254,134816.94343818421,134816.94343818421,134816.94343818421,-508.2112992975451,-508.2112992975451,-508.2112992975451,-138.72484,-138.72484,-138.72484,134963.56355259378,134963.56355259378,134963.56355259378,135507.00847009395,135507.00847009395,135507.00847009395,48.103749806684704,48.103749806684704,48.103749806684704,-88.39518457239589,-88.39518457239589,-88.39518457239589,3.6336006581175457,3.6336006581175457,3.6336006581175457,20.279513302221915,20.279513302221915,20.279513302221915,-28.174787711798665,-28.174787711798665,-28.174787711798665,0.0,0.0,0.0,135498.03400890063
,,2024-09-04,20789.21897810219,20376.944197080295,25136.532846715327,3531.4741605839417,14893827.91240876,23358154.218978103,2,2024-09-04,681.029854497848,134436.11141005356,136666.72334367482,680.7691989028972,681.4598701347953,1.4046660632388703,1.4046660632388703,1.4046660632388703,134850.42909801542,134850.42909801542,134850.42909801542,-452.7012065544511,-452.7012065544511,-452.7012065544511,-138.72484,-138.72484,-138.72484,135039.7264140394,135039.7264140394,135039.7264140394,135506.93601921824,135506.93601921824,135506.93601921824,41.84601236773806,41.84601236773806,41.84601236773806,-79.36496212762896,-79.36496212762896,-79.36496212762896,21.605885072273242,21.605885072273242,21.605885072273242,-10.683303752945546,-10.683303752945546,-10.683303752945546,-39.88917227106495,-39.88917227106495,-39.88917227106495,0.0,0.0,0.0,135531.45895251326
,,2024-09-05,20041.70072992701,19988.194554744525,23123.8394160584,3164.7007591240877,19117714.445255473,23358166.518248178,3,2024-09-05,680.9691382792743,134518.8796385374,136619.27657644646,680.6565369360058,681.4559168073174,1.5286994660271551,1.5286994660271551,1.5286994660271551,134903.09652617405,134903.09652617405,134903.09652617405,-466.41042667416167,-466.41042667416167,-466.41042667416167,-138.72484,-138.72484,-138.72484,135017.937819087,135017.937819087,135017.937819087,135506.84443652836,135506.84443652836,135506.84443652836,44.999077467670645,44.999077467670645,44.999077467670645,-80.63730702678554,-80.63730702678554,-80.63730702678554,11.613339325874383,11.613339325874383,11.613339325874383,74.47378499999222,74.47378499999222,74.47378499999222,-50.59023791295623,-50.59023791295623,-50.59023791295623,0.0,0.0,0.0,135584.06566445332
,,2024-09-06,22231.197080291975,21181.95620437956,24604.970802919714,3594.832116788322,10682739.131386863,23356908.91240876,4,2024-09-06,680.9084220607006,134576.90121955515,136838.30194058738,680.565023728502,681.4708112471149,1.3832400196095849,1.3832400196095849,1.3832400196095849,134995.22128414913,134995.22128414913,134995.22128414913,-426.25583848620647,-426.25583848620647,-426.25583848620647,-138.72484,-138.72484,-138.72484,135088.85289031264,135088.85289031264,135088.85289031264,135516.20880732784,135516.20880732784,135516.20880732784,42.67875207027375,42.67875207027375,42.67875207027375,-76.73022550101014,-76.73022550101014,-76.73022550101014,31.568154882146327,31.568154882146327,31.568154882146327,105.10332714028519,105.10332714028519,105.10332714028519,-60.01009330380964,-60.01009330380964,-60.01009330380964,0.0,0.0,0.0,135676.12970620982
,,2024-09-07,18552.685401459858,22204.628868613137,23957.704379562045,3503.7732481751823,4540266.696350365,21022368.17518248,5,2024-09-07,680.847705842127,151565.64798390688,153771.55862527216,680.4041924485165,681.5125778095883,1.414033804772807,1.414033804772807,1.414033804772807,152001.47906097444,152001.47906097444,152001.47906097444,-493.71844082553713,-493.71844082553713,-493.71844082553713,-138.72484,-138.72484,-138.72484,152423.7452094177,152423.7452094177,152423.7452094177,152899.6404236733,152899.6404236733,152899.6404236733,43.69275307944937,43.69275307944937,43.69275307944937,-73.38310384187146,-73.38310384187146,-73.38310384187146,46.09954352760066,46.09954352760066,46.09954352760066,-215.62938228916147,-215.62938228916147,-215.62938228916147,-67.9119261541138,-67.9119261541138,-67.9119261541138,0.0,0.0,0.0,152682.32676681658
,,2024-09-08,15526.103649635039,14451.533842335768,16476.398540145987,2370.8667153284673,17167648.0270073,21022105.237226278,6,2024-09-08,680.7869896235533,151636.06351258833,153872.5767809762,680.2839083892638,681.5317999713511,1.7971538776863714,1.7971538776863714,1.7971538776863714,152019.8859271085,152019.8859271085,152019.8859271085,-549.2248790260154,-549.2248790260154,-549.2248790260154,-138.72484,-138.72484,-138.72484,152327.05179943005,152327.05179943005,152327.05179943005,152901.5983093971,152901.5983093971,152901.5983093971,55.41289087335337,55.41289087335337,55.41289087335337,-98.75833209954807,-98.75833209954807,-98.75833209954807,16.226656407507313,16.226656407507313,16.226656407507313,-94.3451515474927,-94.3451515474927,-94.3451515474927,-74.09588077404196,-74.09588077404196,-74.09588077404196,0.0,0.0,0.0,152700.67291673206
,,2024-09-09,23545.24087591241,23622.46683211679,23874.131386861314,5160.525547445256,4479011.080291972,23358204.357664235,0,2024-09-09,680.7262734049796,134599.30905232145,136816.06878637418,680.1780719763875,681.4979161739919,0.8537624643815276,0.8537624643815276,0.8537624643815276,135030.2574935885,135030.2574935885,135030.2574935885,-402.15674032361727,-402.15674032361727,-402.15674032361727,-138.72484,-138.72484,-138.72484,135126.58519487904,135126.58519487904,135126.58519487904,135506.56267708383,135506.56267708383,135506.56267708383,43.823677681561065,43.823677681561065,43.823677681561065,-68.74263937776192,-68.74263937776192,-68.74263937776192,46.24445735067034,46.24445735067034,46.24445735067034,120.8012121471442,120.8012121471442,120.8012121471442,-78.40407343769836,-78.40407343769836,-78.40407343769836,0.0,0.0,0.0,135710.98376699348
,,2024-09-10,28449.82481751825,32588.38467153285,38910.97810218979,4668.37299270073,22489862.452554747,23358214.145985402,1,2024-09-10,680.6655571864057,134603.96705159897,136703.79267783646,679.9123528960546,681.5515007220544,1.0201958966122795,1.0201958966122795,1.0201958966122795,134980.63657706077,134980.63657706077,134980.63657706077,-312.20840660037874,-312.20840660037874,-312.20840660037874,-138.72484,-138.72484,-138.72484,135179.80651396592,135179.80651396592,135179.80651396592,135506.48979139418,135506.48979139418,135506.48979139418,20.267106239052254,20.267106239052254,20.267106239052254,-39.397944008537614,-39.397944008537614,-39.397944008537614,3.6357710449726977,3.6357710449726977,3.6357710449726977,20.279513302030633,20.279513302030633,20.279513302030633,-80.72461020716032,-80.72461020716032,-80.72461020716032,0.0,0.0,0.0,135661.30213424718
,,2024-09-11,18506.029197080294,17482.139781021902,21668.978102189783,3279.73102189781,10380663.97810219,14255892.897810219,2,2024-09-11,680.604840967832,202217.78461079713,204335.15364948474,679.7533548618123,681.5999048730756,1.4897991672086839,1.4897991672086839,1.4897991672086839,202551.32904878035,202551.32904878035,202551.32904878035,-494.5740991019084,-494.5740991019084,-494.5740991019084,-138.72484,-138.72484,-138.72484,202781.73168903033,202781.73168903033,202781.73168903033,203284.09437312337,203284.09437312337,203284.09437312337,47.27824843535445,47.27824843535445,47.27824843535445,-88.83941362988043,-88.83941362988043,-88.83941362988043,32.2827810361811,32.2827810361811,32.2827810361811,-10.683303753024457,-10.683303753024457,-10.683303753024457,-80.99449649696318,-80.99449649696318,-80.99449649696318,0.0,0.0,0.0,203231.93388974818
,,2024-09-12,23698.992700729927,23425.08025547445,28853.05109489051,4011.2701094890513,16653235.583941609,23358235.75182482,3,2024-09-12,680.5441247492583,134560.92767877108,136666.65842333552,679.5955543500482,681.7231091454958,1.242411319710942,1.242411319710942,1.242411319710942,134948.86062210295,134948.86062210295,134948.86062210295,-399.3369862702867,-399.3369862702867,-399.3369862702867,-138.72484,-138.72484,-138.72484,135092.3130326148,135092.3130326148,135092.3130326148,135506.32891022984,135506.32891022984,135506.32891022984,36.023752602246134,36.023752602246134,36.023752602246134,-69.3886690498251,-69.3886690498251,-69.3886690498251,17.443613783108592,17.443613783108592,17.443613783108592,74.47378499952607,74.47378499952607,74.47378499952607,-79.20135551136994,-79.20135551136994,-79.20135551136994,0.0,0.0,0.0,135629.4047468522
,,2024-09-13,15205.080291970802,16977.02189781022,21557.087591240874,5002.962043795621,13739232.321167884,23358247.408759125,4,2024-09-13,680.4834085306848,134435.03086626864,136556.19254845227,679.3296605609212,681.8960513215177,0.9070464196387019,0.9070464196387019,0.9070464196387019,134824.32965867696,134824.32965867696,134824.32965867696,-555.1123337932149,-555.1123337932149,-555.1123337932149,-138.72484,-138.72484,-138.72484,134933.33507457518,134933.33507457518,134933.33507457518,135506.24211049356,135506.24211049356,135506.24211049356,47.45353497413521,47.45353497413521,47.45353497413521,-90.49262199893677,-90.49262199893677,-90.49262199893677,24.33733848001647,24.33733848001647,24.33733848001647,105.10332714017277,105.10332714017277,105.10332714017277,-75.38390303841959,-75.38390303841959,-75.38390303841959,0.0,0.0,0.0,135504.81306720764
,,2024-09-14,20299.24379562044,20490.543065693433,23540.00583941606,3839.7416058394156,13309672.059854018,21022430.72189781,5,2024-09-14,680.422692312111,151657.8688856614,153727.49771400003,679.1926048346793,681.937477798289,1.3004178815231286,1.3004178815231286,1.3004178815231286,152005.51006036456,152005.51006036456,152005.51006036456,-461.6871779955971,-461.6871779955971,-461.6871779955971,-138.72484,-138.72484,-138.72484,152429.4954407796,152429.4954407796,152429.4954407796,152899.17468900804,152899.17468900804,152899.17468900804,44.34711537286492,44.34711537286492,44.34711537286492,-78.9931625803382,-78.9931625803382,-78.9931625803382,25.353559093102152,25.353559093102152,25.353559093102152,-215.62938228922616,-215.62938228922616,-215.62938228922616,-69.63115812582889,-69.63115812582889,-69.63115812582889,0.0,0.0,0.0,152685.93275267666
,,2024-09-15,13373.093430656936,14098.483576642337,17245.845985401458,2392.606642335767,13427497.484671533,21022440.12919708,6,2024-09-15,680.3619760935374,151512.83855658871,153686.59378739257,679.0739046609602,682.0033333059793,1.7898019892660237,1.7898019892660237,1.7898019892660237,151996.40218755492,151996.40218755492,151996.40218755492,-588.710324477027,-588.710324477027,-588.710324477027,-138.72484,-138.72484,-138.72484,152291.55258113638,152291.55258113638,152291.55258113638,152899.10464047946,152899.10464047946,152899.10464047946,54.2074823153916,54.2074823153916,54.2074823153916,-99.91383594001961,-99.91383594001961,-99.91383594001961,25.07481676931525,25.07481676931525,25.07481676931525,-94.34515154763272,-94.34515154763272,-94.34515154763272,-62.08040203384339,-62.08040203384339,-62.08040203384339,0.0,0.0,0.0,152676.76416364845
,,2024-09-16,26491.700729927008,26520.175182481755,31055.693430656935,5136.759124087592,4715043.671532848,23358276.562043797,0,2024-09-16,680.3012598749636,134701.72131783538,136846.81211251172,678.9410633050425,682.0813061392265,0.861799662142938,0.861799662142938,0.861799662142938,135106.9300629346,135106.9300629346,135106.9300629346,-348.1197093732906,-348.1197093732906,-348.1197093732906,-138.72484,-138.72484,-138.72484,135177.76762145507,135177.76762145507,135177.76762145507,135506.02502962516,135506.02502962516,135506.02502962516,32.57311547552174,32.57311547552174,32.57311547552174,-59.258683542644036,-59.258683542644036,-59.258683542644036,45.68606960817907,45.68606960817907,45.68606960817907,120.8012121472804,120.8012121472804,120.8012121472804,-52.91393066773654,-52.91393066773654,-52.91393066773654,0.0,0.0,0.0,135787.2313228096
,,2024-09-17,18594.598540145984,18499.299270072992,22903.10218978102,3032.598540145985,16827938.91240876,23358288.087591242,1,2024-09-17,680.24054365639,134425.05820584306,136637.87015804983,678.7743199837905,682.1038510834408,1.573373064686491,1.573373064686491,1.573373064686491,134830.62766847826,134830.62766847826,134830.62766847826,-492.94976869538004,-492.94976869538004,-492.94976869538004,-138.72484,-138.72484,-138.72484,134991.42767271725,134991.42767271725,134991.42767271725,135505.93920822025,135505.93920822025,135505.93920822025,45.34488216590725,45.34488216590725,45.34488216590725,-85.5103361296494,-85.5103361296494,-85.5103361296494,17.030314091419285,17.030314091419285,17.030314091419285,20.279513302096408,20.279513302096408,20.279513302096408,-42.35467754108086,-42.35467754108086,-42.35467754108086,0.0,0.0,0.0,135510.86821213466
,,2024-09-18,18261.299270072992,17565.401459854016,21045.19708029197,3098.4671532846714,18112785.17518248,23358296.927007303,2,2024-09-18,680.1798274378162,134418.7293783698,136652.24372929853,678.5187503948907,682.2305569392537,1.5510979809644492,1.5510979809644492,1.5510979809644492,134801.9724447698,134801.9724447698,134801.9724447698,-499.0623593516268,-499.0623593516268,-499.0623593516268,-138.72484,-138.72484,-138.72484,134982.04140285257,134982.04140285257,134982.04140285257,135505.8733882574,135505.8733882574,135505.8733882574,48.25545745297633,48.25545745297633,48.25545745297633,-88.56690515444944,-88.56690515444944,-88.56690515444944,13.990723667288467,13.990723667288467,13.990723667288467,-10.683303753226504,-10.683303753226504,-10.683303753226504,-30.660814329540372,-30.660814329540372,-30.660814329540372,0.0,0.0,0.0,135482.15227220763
,,2024-09-19,26639.905109489053,27866.71532846716,33060.01459854015,5659.708026277373,22488211.562043793,23358306.7810219,3,2024-09-19,680.1191112192427,134745.26040483892,136894.7297130144,678.3076745563128,682.3122117675325,0.6849516912573066,0.6849516912573066,0.6849516912573066,135056.93402521167,135056.93402521167,135056.93402521167,-345.4016935026666,-345.4016935026666,-345.4016935026666,-138.72484,-138.72484,-138.72484,135139.3045436212,135139.3045436212,135139.3045436212,135505.80001340204,135505.80001340204,135505.80001340204,29.433166277473255,29.433166277473255,29.433166277473255,-54.85157084162625,-54.85157084162625,-54.85157084162625,3.6396765947133733,3.6396765947133733,3.6396765947133733,74.47378499966689,74.47378499966689,74.47378499966689,-18.119463409205448,-18.119463409205448,-18.119463409205448,0.0,0.0,0.0,135737.0531364309
,,2024-09-20,16284.036496350365,16300.437956204378,17626.934306569343,2658.394160583942,4075984.211678833,23358318.846715327,4,2024-09-20,680.0583950006688,134520.8169069827,136647.6528600101,678.1282639046656,682.3649167492371,1.6999194345994122,1.6999194345994122,1.6999194345994122,134941.5255931772,134941.5255931772,134941.5255931772,-535.3246588548762,-535.3246588548762,-535.3246588548762,-138.72484,-138.72484,-138.72484,134980.18678670935,134980.18678670935,134980.18678670935,135505.71016996808,135505.71016996808,135505.71016996808,53.61047321943894,53.61047321943894,53.61047321943894,-92.70702436283638,-92.70702436283638,-92.70702436283638,47.19790730495461,47.19790730495461,47.19790730495461,105.10332713998231,105.10332713998231,105.10332713998231,-5.039680672128689,-5.039680672128689,-5.039680672128689,0.0,0.0,0.0,135621.58398817788
,,2024-09-21,19083.396350364965,18583.74302189781,21253.585401459855,3286.957664233577,16428852.656934306,21022494.076642334,5,2024-09-21,679.9976787820951,151605.72902950176,153807.02945522222,677.988762233512,682.5981151999476,1.4873553012247513,1.4873553012247513,1.4873553012247513,152050.77527532278,152050.77527532278,152050.77527532278,-483.9853898448532,-483.9853898448532,-483.9853898448532,-138.72484,-138.72484,-138.72484,152396.87438430282,152396.87438430282,152396.87438430282,152898.70293760468,152898.70293760468,152898.70293760468,47.92899842414473,47.92899842414473,47.92899842414473,-85.23395882868418,-85.23395882868418,-85.23395882868418,17.974441646356198,17.974441646356198,17.974441646356198,-215.62938228929085,-215.62938228929085,-215.62938228929085,8.25511330924548,8.25511330924548,8.25511330924548,0.0,0.0,0.0,152730.77295410488
,,2024-09-22,13015.491240875912,12921.970099270075,14375.246715328467,1929.3437627737226,20241724.664233577,21022503.378832117,6,2024-09-22,679.9369625635214,151652.79877626587,153824.55739515237,677.8498537951335,682.6235405818841,1.9464656707349455,1.9464656707349455,1.9464656707349455,152057.57089516846,152057.57089516846,152057.57089516846,-595.2686220797495,-595.2686220797495,-595.2686220797495,-138.72484,-138.72484,-138.72484,152269.20582611838,152269.20582611838,152269.20582611838,152898.6336717412,152898.6336717412,152898.6336717412,58.704533995738586,58.704533995738586,58.704533995738586,-103.76446564794523,-103.76446564794523,-103.76446564794523,8.95424243839507,8.95424243839507,8.95424243839507,-94.34515154723528,-94.34515154723528,-94.34515154723528,21.435060597290985,21.435060597290985,21.435060597290985,0.0,0.0,0.0,152737.50785773198
,,2024-09-23,32891.21167883212,33375.38686131387,40554.31386861314,6590.963503649635,18283869.664233577,23358346.277372263,0,2024-09-23,679.8762463449477,134891.96056844047,136995.33368294244,677.5980453117689,682.6613728021471,0.3700248583300481,0.3700248583300481,0.3700248583300481,135285.82582450527,135285.82582450527,135285.82582450527,-230.75494340107906,-230.75494340107906,-230.75494340107906,-138.72484,-138.72484,-138.72484,135269.57750382245,135269.57750382245,135269.57750382245,135505.50591611143,135505.50591611143,135505.50591611143,17.69267310698344,17.69267310698344,17.69267310698344,-36.8221520006621,-36.8221520006621,-36.8221520006621,13.585985147432872,13.585985147432872,13.585985147432872,120.80121214703233,120.80121214703233,120.80121214703233,34.17194853578042,34.17194853578042,34.17194853578042,0.0,0.0,0.0,135965.7020708502
,,2024-09-24,24898.116788321167,24448.77372262774,26946.569343065694,5002.540145985402,22491058.562043797,23358361.13868613,1,2024-09-24,679.815530126374,134690.59981858727,136798.11042250515,677.4156362960975,682.7483179477764,0.9071890947095279,0.9071890947095279,0.9071890947095279,135033.26404605215,135033.26404605215,135033.26404605215,-377.345474882082,-377.345474882082,-377.345474882082,-138.72484,-138.72484,-138.72484,135105.56213272864,135105.56213272864,135105.56213272864,135505.39525595924,135505.39525595924,135505.39525595924,39.01042756415284,39.01042756415284,39.01042756415284,-66.03820638854393,-66.03820638854393,-66.03820638854393,3.6329413811798643,3.6329413811798643,3.6329413811798643,20.27951330216218,20.27951330216218,20.27951330216218,46.14724002136691,46.14724002136691,46.14724002136691,0.0,0.0,0.0,135713.0795761785
,,2024-09-25,26412.189781021898,25804.99270072993,29798.350364963506,4794.618,19139260.87591241,23358372.715328466,2,2024-09-25,679.7548139078004,134681.5594670658,136776.01729337842,677.272686177972,682.7782385915982,0.977503057442277,0.977503057442277,0.977503057442277,135048.86615318776,135048.86615318776,135048.86615318776,-349.5779120367415,-349.5779120367415,-349.5779120367415,-138.72484,-138.72484,-138.72484,135141.21445222772,135141.21445222772,135141.21445222772,135505.30905409213,135505.30905409213,135505.30905409213,34.5428563603947,34.5428563603947,34.5428563603947,-61.59941568365816,-61.59941568365816,-61.59941568365816,11.562366438147228,11.562366438147228,11.562366438147228,-10.683303753133993,-10.683303753133993,-10.683303753133993,57.05984471318358,57.05984471318358,57.05984471318358,0.0,0.0,0.0,135728.62096709557
,,2024-09-26,15540.576642335767,15209.912795620437,17871.299270072992,2512.569635036497,10575974.489051094,23358385.10948905,3,2024-09-26,679.6940976892267,134584.80798614435,136675.35059065427,677.0601600331452,682.8771764683671,1.7492335670900594,1.7492335670900594,1.7492335670900594,134949.16108747871,134949.16108747871,134949.16108747871,-548.9594494619752,-548.9594494619752,-548.9594494619752,-138.72484,-138.72484,-138.72484,134946.77871140192,134946.77871140192,134946.77871140192,135505.21676482962,135505.21676482962,135505.21676482962,53.227653547881616,53.227653547881616,53.227653547881616,-96.27622153851495,-96.27622153851495,-96.27622153851495,31.82073045782569,31.82073045782569,31.82073045782569,74.47378499970407,74.47378499970407,74.47378499970407,66.63343107707603,66.63343107707603,66.63343107707603,0.0,0.0,0.0,135628.85518516795
,,2024-09-27,18383.854014598543,17596.81754744526,24993.09489051095,2473.1094890510944,8479867.678832116,23358393.408759125,4,2024-09-27,679.633381470653,134629.91603855792,136755.78221254767,676.8600741874218,682.8572960119724,1.7625779812749789,1.7625779812749789,1.7625779812749789,135041.49055100203,135041.49055100203,135041.49055100203,-496.81474870999074,-496.81474870999074,-496.81474870999074,-138.72484,-138.72484,-138.72484,135000.48897270195,135000.48897270195,135000.48897270195,135505.15496689588,135505.15496689588,135505.15496689588,42.070720814054226,42.070720814054226,42.070720814054226,-88.46408294075428,-88.46408294075428,-88.46408294075428,36.77953866149565,36.77953866149565,36.77953866149565,105.10332713979184,105.10332713979184,105.10332713979184,74.6230911602839,74.6230911602839,74.6230911602839,0.0,0.0,0.0,135721.1239324727
,,2024-09-28,12054.744525547445,12182.616762043797,21887.3299270073,2222.9014565693433,13262229.374452556,21022564.322627738,5,2024-09-28,679.5726652520793,151618.39077379345,153799.557731689,676.6156162478757,682.9875005346001,1.8471919515087774,1.8471919515087774,1.8471919515087774,151979.82332171279,151979.82332171279,151979.82332171279,-612.8883768240379,-612.8883768240379,-612.8883768240379,-138.72484,-138.72484,-138.72484,152253.35635691008,152253.35635691008,152253.35635691008,152898.1798727191,152898.1798727191,152898.1798727191,46.936180682833395,46.936180682833395,46.936180682833395,-106.18430696700615,-106.18430696700615,-106.18430696700615,25.465795347679432,25.465795347679432,25.465795347679432,-215.62938228954798,-215.62938228954798,-215.62938228954798,80.8211870922762,80.8211870922762,80.8211870922762,0.0,0.0,0.0,152659.39598696487
,,2024-09-29,12874.348905109491,12772.458394160585,14496.687591240876,2502.972262773723,4051946.4766423358,21022571.325547446,6,2024-09-29,679.5119490335055,151713.65017853183,153868.30702517743,676.4914954355316,683.111048818741,1.7524791534244004,1.7524791534244004,1.7524791534244004,152155.53057774287,152155.53057774287,152155.53057774287,-597.8571225664674,-597.8571225664674,-597.8571225664674,-138.72484,-138.72484,-138.72484,152303.5383392331,152303.5383392331,152303.5383392331,152898.12772765523,152898.12772765523,152898.12772765523,58.514285952140774,58.514285952140774,58.514285952140774,-104.25380489007875,-104.25380489007875,-104.25380489007875,47.25477392888594,47.25477392888594,47.25477392888594,-94.34515154710655,-94.34515154710655,-94.34515154710655,85.06223005688251,85.06223005688251,85.06223005688251,0.0,0.0,0.0,152835.04252677638
,,2024-09-30,24246.291970802922,24576.807299270076,25483.051094890514,4580.004817518248,10414453.613138687,23358419.87591241,0,2024-09-30,679.4512328149318,134848.5495009818,136919.0894321929,676.3569564305737,683.1385487939712,1.0500797579349608,1.0500797579349608,1.0500797579349608,135193.89813758116,135193.89813758116,135193.89813758116,-389.2997113501041,-389.2997113501041,-389.2997113501041,-138.72484,-138.72484,-138.72484,135124.59509713692,135124.59509713692,135124.59509713692,135504.95788746953,135504.95788746953,135504.95788746953,41.30316039725473,41.30316039725473,41.30316039725473,-65.6191632553262,-65.6191632553262,-65.6191632553262,32.20284411760371,32.20284411760371,32.20284411760371,120.80121214687672,120.80121214687672,120.80121214687672,87.22666829738795,87.22666829738795,87.22666829738795,0.0,0.0,0.0,135873.34937039608
,,2024-10-01,25488.737226277375,24440.17518248175,27846.058394160584,4554.423357664234,22489570.445255477,23358430.270072997,1,2024-10-01,679.3905165963582,134674.55924617502,136919.03199538004,676.1767431190066,683.2531538151947,1.058730754712143,1.058730754712143,1.058730754712143,135083.39508977727,135083.39508977727,135083.39508977727,-366.5137050745789,-366.5137050745789,-366.5137050745789,-138.72484,-138.72484,-138.72484,135114.59692657736,135114.59692657736,135114.59692657736,135504.88049058506,135504.88049058506,135504.88049058506,37.6012971463857,37.6012971463857,37.6012971463857,-66.06634868760615,-66.06634868760615,-66.06634868760615,3.636461853372391,3.636461853372391,3.636461853372391,20.279513301970912,20.279513301970912,20.279513301970912,87.24348989795541,87.24348989795541,87.24348989795541,0.0,0.0,0.0,135762.78560637363
,,2024-10-02,21422.0,20193.72262773723,24459.598540145984,3319.1970510948904,18111824.985401463,23358443.430656936,2,2024-10-02,679.3298003777845,134556.86564813947,136737.67713933377,675.9819845207488,683.2797161728622,1.4764527634717397,1.4764527634717397,1.4764527634717397,134977.78100975082,134977.78100975082,134977.78100975082,-441.09622655837825,-441.09622655837825,-441.09622655837825,-138.72484,-138.72484,-138.72484,135042.0975756649,135042.0975756649,135042.0975756649,135504.78249438934,135504.78249438934,135504.78249438934,42.90649078162855,42.90649078162855,42.90649078162855,-79.96463092158186,-79.96463092158186,-79.96463092158186,13.992995210389218,13.992995210389218,13.992995210389218,-10.683303753041498,-10.683303753041498,-10.683303753041498,85.09157783897071,85.09157783897071,85.09157783897071,0.0,0.0,0.0,135657.1108101286
,,2024-10-03,24621.57664233577,23309.401167883214,24042.934306569343,3601.109489051095,10414553.0729927,23358454.11678832,3,2024-10-03,679.2690841592108,134718.04126998078,136890.45904061032,675.7372559085414,683.3893764818602,1.381117172535011,1.381117172535011,1.381117172535011,135146.21021518036,135146.21021518036,135146.21021518036,-382.4171232900045,-382.4171232900045,-382.4171232900045,-138.72484,-138.72484,-138.72484,135129.6614819027,135129.6614819027,135129.6614819027,135504.70292343514,135504.70292343514,135504.70292343514,43.55923274087063,43.55923274087063,43.55923274087063,-69.76727697895774,-69.76727697895774,-69.76727697895774,32.20260882313417,32.20260882313417,32.20260882313417,74.47378499984491,74.47378499984491,74.47378499984491,80.79978827782837,80.79978827782837,80.79978827782837,0.0,0.0,0.0,135825.47929933955
,,2024-10-04,15570.394160583943,14858.744525547447,16683.19708029197,2216.875912408759,18988403.88321168,23358322.489051096,4,2024-10-04,679.2083679406371,134559.57170721766,136745.16784365603,675.4606831491377,683.5222049568866,1.8492296367468937,1.8492296367468937,1.8492296367468937,134969.52652465465,134969.52652465465,134969.52652465465,-548.4126067299273,-548.4126067299273,-548.4126067299273,-138.72484,-138.72484,-138.72484,134928.70228027165,134928.70228027165,134928.70228027165,135505.68304844745,135505.68304844745,135505.68304844745,55.088922379334655,55.088922379334655,55.088922379334655,-97.4255657655306,-97.4255657655306,-97.4255657655306,11.919252303570854,11.919252303570854,11.919252303570854,105.10332714055245,105.10332714055245,105.10332714055245,74.4457572424373,74.4457572424373,74.4457572424373,0.0,0.0,0.0,135648.7348925953
,,2024-10-05,15869.837956204381,15611.084671532848,15392.831386861315,2898.499270072993,16402166.52043796,21022626.889051095,5,2024-10-05,679.1476517220634,151626.51288720616,153782.413264021,675.2669086453394,683.5627936641961,1.6187220150530541,1.6187220150530541,1.6187220150530541,152048.39580265307,152048.39580265307,152048.39580265307,-542.9209134934565,-542.9209134934565,-542.9209134934565,-138.72484,-138.72484,-138.72484,152336.59654994492,152336.59654994492,152336.59654994492,152897.71399130416,152897.71399130416,152897.71399130416,57.11039617764607,57.11039617764607,57.11039617764607,-94.96321971313614,-94.96321971313614,-94.96321971313614,18.03757365467619,18.03757365467619,18.03757365467619,-215.62938228980508,-215.62938228980508,-215.62938228980508,66.15347499795617,66.15347499795617,66.15347499795617,0.0,0.0,0.0,152727.54345437515
,,2024-10-06,16346.417518248176,16039.252510948903,21026.15474452555,2465.251094890511,20241056.897080295,21022633.786861315,6,2024-10-06,679.0869355034897,151786.88166902302,153886.36891040526,675.0290392775697,683.6028057075443,1.7652354896011255,1.7652354896011255,1.7652354896011255,152151.94620897624,152151.94620897624,152151.94620897624,-534.1806129903408,-534.1806129903408,-534.1806129903408,-138.72484,-138.72484,-138.72484,152328.92650020946,152328.92650020946,152328.92650020946,152897.6626289054,152897.6626289054,152897.6626289054,48.285288982911176,48.285288982911176,48.285288982911176,-93.56186236862342,-93.56186236862342,-93.56186236862342,8.955822190544001,8.955822190544001,8.955822190544001,-94.3451515467091,-94.3451515467091,-94.3451515467091,56.08970031345921,56.08970031345921,56.08970031345921,0.0,0.0,0.0,152831.03314447973
,,2024-10-07,25548.912408759126,25995.737299270073,27488.218978102188,4825.678832116789,13405948.88321168,23355939.503649637,0,2024-10-07,679.0262192849161,134827.64132405416,136910.44156689066,674.8154825883023,683.6992809281487,0.9669990768222357,0.9669990768222357,0.9669990768222357,135187.83233858654,135187.83233858654,135187.83233858654,-365.41011352427245,-365.41011352427245,-365.41011352427245,-138.72484,-138.72484,-138.72484,135161.29664863204,135161.29664863204,135161.29664863204,135523.42720819093,135523.42720819093,135523.42720819093,38.161884743566716,38.161884743566716,38.161884743566716,-60.97512464756609,-60.97512464756609,-60.97512464756609,25.125794792560917,25.125794792560917,25.125794792560917,120.80121214730471,120.80121214730471,120.80121214730471,44.459317807169185,44.459317807169185,44.459317807169185,0.0,0.0,0.0,135866.85855787146
,,2024-10-08,25087.4598540146,22064.817550364965,23672.773722627735,4134.671532846715,4098562.8394160587,23358503.52554745,1,2024-10-08,678.9655030663424,134614.68977507192,136796.79281067516,674.4619457090964,683.8384841809265,1.2006801080498803,1.2006801080498803,1.2006801080498803,135062.1600699829,135062.1600699829,135062.1600699829,-373.8729900670708,-373.8729900670708,-373.8729900670708,-138.72484,-138.72484,-138.72484,135149.10562706226,135149.10562706226,135149.10562706226,135504.33501647518,135504.33501647518,135504.33501647518,44.13912255459949,44.13912255459949,44.13912255459949,-73.84069453327014,-73.84069453327014,-73.84069453327014,47.144492524798785,47.144492524798785,47.144492524798785,20.27951330177963,20.27951330177963,20.27951330177963,31.499769618868424,31.499769618868424,31.499769618868424,0.0,0.0,0.0,135741.12557304924
,,2024-10-09,25341.167883211678,25390.45693430657,27756.328467153286,4277.036496350365,8277731.065693432,23358514.86861314,2,2024-10-09,678.9047868477687,134632.12308496915,136741.64413474128,674.2190203912542,684.0703091791023,1.152535911140006,1.152535911140006,1.152535911140006,135016.2930371445,135016.2930371445,135016.2930371445,-369.2200746006037,-369.2200746006037,-369.2200746006037,-138.72484,-138.72484,-138.72484,135148.22646382166,135148.22646382166,135148.22646382166,135504.2505538639,135504.2505538639,135504.2505538639,37.741867139290115,37.741867139290115,37.741867139290115,-62.95615639924492,-62.95615639924492,-62.95615639924492,37.25773790716741,37.25773790716741,37.25773790716741,-10.683303753243544,-10.683303753243544,-10.683303753243544,17.474717076077884,17.474717076077884,17.474717076077884,0.0,0.0,0.0,135695.19782399226
,,2024-10-10,23850.569343065697,24358.33576642336,29591.240875912405,4596.846715328466,22486845.64233577,23358527.211678833,3,2024-10-10,678.844070629195,134656.81206541756,136817.1095395513,673.8755195533007,684.1132906809179,1.0443842579709521,1.0443842579709521,1.0443842579709521,135019.23797588027,135019.23797588027,135019.23797588027,-396.55712429385943,-396.55712429385943,-396.55712429385943,-138.72484,-138.72484,-138.72484,135080.82192277742,135080.82192277742,135080.82192277742,135504.1586450636,135504.1586450636,135504.1586450636,34.8673119838121,34.8673119838121,34.8673119838121,-66.33420221654112,-66.33420221654112,-66.33420221654112,3.642907982455966,3.642907982455966,3.642907982455966,74.4737849999339,74.4737849999339,74.4737849999339,2.667108102910209,2.667108102910209,2.667108102910209,0.0,0.0,0.0,135698.08204650946
,,2024-10-11,17436.671532846718,17290.30683211679,23346.63503649635,2815.6791240875914,9726676.88321168,23358538.459854018,4,2024-10-11,678.7833544106212,134512.64956769883,136724.9288356787,673.7902719223492,683.9879407390578,1.6467296745101048,1.6467296745101048,1.6467296745101048,134934.29892168677,134934.29892168677,134934.29892168677,-514.1857402109586,-514.1857402109586,-514.1857402109586,-138.72484,-138.72484,-138.72484,134980.54859323663,134980.54859323663,134980.54859323663,135504.07488902498,135504.07488902498,135504.07488902498,44.65004811003447,44.65004811003447,44.65004811003447,-89.46726674522496,-89.46726674522496,-89.46726674522496,33.829933383297686,33.829933383297686,33.829933383297686,105.10332714044004,105.10332714044004,105.10332714044004,-12.628158690309586,-12.628158690309586,-12.628158690309586,0.0,0.0,0.0,135613.08227609738
,,2024-10-12,18583.318248175183,18438.437956204383,22580.796350364966,3090.547445255475,768518.9080291971,21022693.239416063,5,2024-10-12,678.7226381920475,151682.28821287252,153764.25636653136,673.5412046963519,684.1327590046255,1.5537762240759754,1.5537762240759754,1.5537762240759754,152038.3137975524,152038.3137975524,152038.3137975524,-493.1566452579521,-493.1566452579521,-493.1566452579521,-138.72484,-138.72484,-138.72484,152420.77979226244,152420.77979226244,152420.77979226244,152897.2199339447,152897.2199339447,152897.2199339447,45.84980322258082,45.84980322258082,45.84980322258082,-85.70953009363974,-85.70953009363974,-85.70953009363974,55.02245422266542,55.02245422266542,55.02245422266542,-215.6293822890798,-215.6293822890798,-215.6293822890798,-28.111772420971413,-28.111772420971413,-28.111772420971413,0.0,0.0,0.0,152717.03643574443
,,2024-10-13,13552.659854014599,13537.524087591242,21403.826277372264,2161.235036496351,7310200.480291972,21022702.5810219,6,2024-10-13,678.6619219734739,151618.5695207096,153696.28300773958,673.2722622492789,684.3167664183334,1.868045960793478,1.868045960793478,1.868045960793478,152022.53421415045,152022.53421415045,152022.53421415045,-585.4171398224333,-585.4171398224333,-585.4171398224333,-138.72484,-138.72484,-138.72484,152299.09175144052,152299.09175144052,152299.09175144052,152897.15037458183,152897.15037458183,152897.15037458183,47.69363259286256,47.69363259286256,47.69363259286256,-101.7498091906681,-101.7498091906681,-101.7498091906681,39.546647318081035,39.546647318081035,39.546647318081035,-94.34515154658038,-94.34515154658038,-94.34515154658038,-43.487545743481476,-43.487545743481476,-43.487545743481476,0.0,0.0,0.0,152701.19613612394
,,2024-10-14,20800.16788321168,20779.328467153286,27116.1897810219,2807.459854014599,18110502.270072993,23358566.416058395,0,2024-10-14,678.6012057549002,134521.99935527123,136765.34449625874,673.0331163501934,684.4403064314487,1.6495092218587717,1.6495092218587717,1.6495092218587717,134951.31528540832,134951.31528540832,134951.31528540832,-452.5004075096356,-452.5004075096356,-452.5004075096356,-138.72484,-138.72484,-138.72484,135027.7086576131,135027.7086576131,135027.7086576131,135503.86672184276,135503.86672184276,135503.86672184276,38.744701907672486,38.744701907672486,38.744701907672486,-78.04799223808237,-78.04799223808237,-78.04799223808237,13.996124388535081,13.996124388535081,13.996124388535081,120.80121214714912,120.80121214714912,120.80121214714912,-58.469744351933016,-58.469744351933016,-58.469744351933016,0.0,0.0,0.0,135629.91649116323
,,2024-10-15,25451.737226277375,24676.58686131387,31238.102189781024,5162.800072992701,19126993.416058395,23358576.591240875,1,2024-10-15,678.5404895363265,134584.22928526008,136673.19363934494,672.8351951611511,684.6476760003692,0.852993277896751,0.852993277896751,0.852993277896751,134924.80248705175,134924.80248705175,134924.80248705175,-367.1922719800258,-367.1922719800258,-367.1922719800258,-138.72484,-138.72484,-138.72484,135116.03782728742,135116.03782728742,135116.03782728742,135503.79095551066,135503.79095551066,135503.79095551066,32.28735576489931,32.28735576489931,32.28735576489931,-65.29259313671797,-65.29259313671797,-65.29259313671797,11.591387850732556,11.591387850732556,11.591387850732556,20.27951330231953,20.27951330231953,20.27951330231953,-72.79001353800402,-72.79001353800402,-72.79001353800402,0.0,0.0,0.0,135603.3429765881
,,2024-10-16,20057.912408759126,19213.38686131387,23379.77372262774,3090.944087591241,18253122.540145986,23358588.02189781,2,2024-10-16,678.4797733177528,134355.1278682305,136537.00034212176,672.642959870715,684.753863992315,1.5536420897619847,1.5536420897619847,1.5536420897619847,134778.61818135364,134778.61818135364,134778.61818135364,-466.11311022180473,-466.11311022180473,-466.11311022180473,-138.72484,-138.72484,-138.72484,135014.23004278156,135014.23004278156,135014.23004278156,135503.70584067842,135503.70584067842,135503.70584067842,44.598133380693696,44.598133380693696,44.598133380693696,-83.17318747323571,-83.17318747323571,-83.17318747323571,13.658724327717715,13.658724327717715,13.658724327717715,-10.683303753151037,-10.683303753151037,-10.683303753151037,-86.20371767476982,-86.20371767476982,-86.20371767476982,0.0,0.0,0.0,135457.0979546714
,,2024-10-17,22387.562043795624,21564.000000000004,24909.291970802922,3735.1970802919714,22489436.540145986,23358599.9270073,3,2024-10-17,678.4190570991791,134547.1596205891,136621.74585440158,672.316846576665,684.8477326919121,1.3357721716513773,1.3357721716513773,1.3357721716513773,134889.17717963888,134889.17717963888,134889.17717963888,-423.3881603941799,-423.3881603941799,-423.3881603941799,-138.72484,-138.72484,-138.72484,135051.92376073913,135051.92376073913,135051.92376073913,135503.6171929828,135503.6171929828,135503.6171929828,42.20200561748184,42.20200561748184,42.20200561748184,-75.47982827442631,-75.47982827442631,-75.47982827442631,3.6367786357769045,3.6367786357769045,3.6367786357769045,74.47378500007473,74.47378500007473,74.47378500007473,-98.49552610031381,-98.49552610031381,-98.49552610031381,0.0,0.0,0.0,135567.59623673806
,,2024-10-18,23767.58394160584,23985.781386861316,30399.642335766424,4016.7010189781026,13240532.722627738,23358611.204379562,4,2024-10-18,678.3583408806054,134588.63130581967,136719.19659657008,672.1157608595745,684.9741538029315,1.240574724741184,1.240574724741184,1.240574724741184,134955.1535938473,134955.1535938473,134955.1535938473,-398.07904718753184,-398.07904718753184,-398.07904718753184,-138.72484,-138.72484,-138.72484,135098.2592077714,135098.2592077714,135098.2592077714,135503.53321953723,135503.53321953723,135503.53321953723,33.600878461957606,33.600878461957606,33.600878461957606,-67.55354138209282,-67.55354138209282,-67.55354138209282,25.51712361708658,25.51712361708658,25.51712361708658,105.10332714017157,105.10332714017157,105.10332714017157,-109.48410106427413,-109.48410106427413,-109.48410106427413,0.0,0.0,0.0,135633.5119347279
,,2024-10-19,17368.370802919708,16571.74598540146,20192.518248175184,2363.662773722628,577965.4751824818,21022761.82992701,5,2024-10-19,678.2976246620318,151531.2595844852,153669.91222287473,671.9146751424842,685.1293965638719,1.7995900668628597,1.7995900668628597,1.7995900668628597,151922.93589317717,151922.93589317717,151922.93589317717,-515.4383514257244,-515.4383514257244,-515.4383514257244,-138.72484,-138.72484,-138.72484,152396.31588501378,152396.31588501378,152396.31588501378,152896.70919603488,152896.70919603488,152896.70919603488,49.59125545680904,49.59125545680904,49.59125545680904,-91.81905599076265,-91.81905599076265,-91.81905599076265,55.47325087168687,55.47325087168687,55.47325087168687,-215.62938228895206,-215.62938228895206,-215.62938228895206,-119.02576954764658,-119.02576954764658,-119.02576954764658,0.0,0.0,0.0,152601.2335178392
,,2024-10-20,16239.021897810222,16399.024764963502,20958.378832116792,2743.5153284671533,9443049.740145985,21022770.90218978,6,2024-10-20,678.236908443458,151577.4513732316,153752.80530674642,671.6952592503254,685.2567940839712,1.6711336282681883,1.6711336282681883,1.6711336282681883,151992.583508217,151992.583508217,151992.583508217,-536.1502106611282,-536.1502106611282,-536.1502106611282,-138.72484,-138.72484,-138.72484,152352.67058988672,152352.67058988672,152352.67058988672,152896.6416422514,152896.6416422514,152896.6416422514,48.391466039375445,48.391466039375445,48.391466039375445,-92.38435802546014,-92.38435802546014,-92.38435802546014,34.50091665426502,34.50091665426502,34.50091665426502,-94.3451515474975,-94.3451515474975,-94.3451515474975,-127.01709012220978,-127.01709012220978,-127.01709012220978,0.0,0.0,0.0,152670.82041666046
,,2024-10-21,23449.9197080292,23601.22627737226,28278.4598540146,3910.1605839416065,13354152.678832117,23358643.671532847,0,2024-10-21,678.1761922248843,134649.251887687,136708.81307006994,671.488704649538,685.5144676210753,1.2766039805147034,1.2766039805147034,1.2766039805147034,134942.70335829398,134942.70335829398,134942.70335829398,-403.9048968077818,-403.9048968077818,-403.9048968077818,-138.72484,-138.72484,-138.72484,135094.02324389716,135094.02324389716,135094.02324389716,135503.29146297675,135503.29146297675,135503.29146297675,36.92390140818796,36.92390140818796,36.92390140818796,-68.81215792785517,-68.81215792785517,-68.81215792785517,25.248330267348816,25.248330267348816,25.248330267348816,120.80121214728534,120.80121214728534,120.80121214728534,-133.39625775045656,-133.39625775045656,-133.39625775045656,0.0,0.0,0.0,135620.87955051888
,,2024-10-22,22888.109489051098,22348.569372262777,32325.131386861318,4456.175182481753,18113601.109489053,23358655.518248174,1,2024-10-22,678.1154760063106,134415.0013633039,136649.1042241988,671.2743025227156,685.7198605228028,1.0919557798560569,1.0919557798560569,1.0919557798560569,134805.15948072585,134805.15948072585,134805.15948072585,-414.2082973953599,-414.2082973953599,-414.2082973953599,-138.72484,-138.72484,-138.72484,135061.74813005645,135061.74813005645,135061.74813005645,135503.2032500951,135503.2032500951,135503.2032500951,30.58442685793562,30.58442685793562,30.58442685793562,-72.91199867377341,-72.91199867377341,-72.91199867377341,13.988793392689214,13.988793392689214,13.988793392689214,20.279513302128244,20.279513302128244,20.279513302128244,-138.14332263276742,-138.14332263276742,-138.14332263276742,0.0,0.0,0.0,135483.27495673217
,,2024-10-23,21627.94890510949,21820.810248175185,26280.02189781022,4105.357700729927,19091767.437956207,23358666.525547445,2,2024-10-23,678.0547597877369,134401.07407614417,136433.3327699436,671.0923918419832,685.7983290961674,1.2105932978606404,1.2105932978606404,1.2105932978606404,134753.41535460117,134753.41535460117,134753.41535460117,-437.31919652539676,-437.31919652539676,-437.31919652539676,-138.72484,-138.72484,-138.72484,135044.10273130142,135044.10273130142,135044.10273130142,135503.12128766408,135503.12128766408,135503.12128766408,40.05463402653409,40.05463402653409,40.05463402653409,-74.63930992088245,-74.63930992088245,-74.63930992088245,11.674722759213283,11.674722759213283,11.674722759213283,-10.683303753229957,-10.683303753229957,-10.683303753229957,-141.27923294700133,-141.27923294700133,-141.27923294700133,0.0,0.0,0.0,135431.4701143889
,,2024-10-24,16162.07299270073,14850.175576642338,18755.12408759124,2963.1824817518245,14928923.197080294,23358679.036496352,3,2024-10-24,677.9940435691632,134329.53042391827,136467.53286960797,670.8485108516836,685.8678012706315,1.5968478038483505,1.5968478038483505,1.5968478038483505,134735.86106129322,134735.86106129322,134735.86106129322,-537.5614263480923,-537.5614263480923,-537.5614263480923,-138.72484,-138.72484,-138.72484,134942.97586092216,134942.97586092216,134942.97586092216,135503.0281287736,135503.0281287736,135503.0281287736,51.84306255944604,51.84306255944604,51.84306255944604,-97.453611214949,-97.453611214949,-97.453611214949,21.522859348254364,21.522859348254364,21.522859348254364,74.47378500016372,74.47378500016372,74.47378500016372,-142.86374462907645,-142.86374462907645,-142.86374462907645,0.0,0.0,0.0,135413.8551048624
,,2024-10-25,16546.87591240876,17671.97080291971,31252.978102189787,3548.905109489051,14010971.98540146,23358684.416058395,4,2024-10-25,677.9333273505896,134220.22253281655,136469.5543346713,670.679057411385,685.948587576256,1.3987713612296082,1.3987713612296082,1.3987713612296082,134765.0091961272,134765.0091961272,134765.0091961272,-530.504276985033,-530.504276985033,-530.504276985033,-138.72484,-138.72484,-138.72484,134941.6229822639,134941.6229822639,134941.6229822639,135502.98807153778,135502.98807153778,135502.98807153778,32.26405131150801,32.26405131150801,32.26405131150801,-88.21811265333895,-88.21811265333895,-88.21811265333895,23.69447769177104,23.69447769177104,23.69447769177104,105.10332714005914,105.10332714005914,105.10332714005914,-142.99227327674927,-142.99227327674927,-142.99227327674927,0.0,0.0,0.0,135442.9425234778
,,2024-10-26,15064.180291970803,15210.867159854017,15640.968613138688,2998.2087591240875,9362339.251094889,21022821.893430658,5,2024-10-26,677.8726111320159,151423.6393692562,153564.80528774505,670.4549621618522,686.0166628692923,1.5850028108575938,1.5850028108575938,1.5850028108575938,151839.1449737748,151839.1449737748,151839.1449737748,-557.6963899277409,-557.6963899277409,-557.6963899277409,-138.72484,-138.72484,-138.72484,152335.29098896807,152335.29098896807,152335.29098896807,152896.2619518332,152896.2619518332,152896.2619518332,56.72166691751534,56.72166691751534,56.72166691751534,-96.27309798460702,-96.27309798460702,-96.27309798460702,34.69185531887772,34.69185531887772,34.69185531887772,-215.62938228920922,-215.62938228920922,-215.62938228920922,-141.79179290407532,-141.79179290407532,-141.79179290407532,0.0,0.0,0.0,152517.0175849068
,,2024-10-27,19483.331386861315,20042.925477372268,22969.780291970805,3409.3445255474458,16460796.481751826,21022828.410218976,6,2024-10-27,677.8118949134422,151592.8924036827,153833.82168948086,670.1437595531518,686.1064966314226,1.4459671885510506,1.4459671885510506,1.4459671885510506,152031.20388563533,152031.20388563533,152031.20388563533,-476.6507228152558,-476.6507228152558,-476.6507228152558,-138.72484,-138.72484,-138.72484,152403.6897899822,152403.6897899822,152403.6897899822,152896.21342659555,152896.21342659555,152896.21342659555,45.24042492778941,45.24042492778941,45.24042492778941,-80.4581773179757,-80.4581773179757,-80.4581773179757,17.898871403566343,17.898871403566343,17.898871403566343,-94.34515154736877,-94.34515154736877,-94.34515154736877,-139.41591279947434,-139.41591279947434,-139.41591279947434,0.0,0.0,0.0,152709.01578054877
,,2024-10-28,21428.24817518248,20988.55474452555,22661.430656934306,3672.467153284672,22490930.350364964,23358709.262773726,0,2024-10-28,677.7511786948685,134547.1806000744,136705.02768195907,669.7895282857651,686.2487201689001,1.356985831836132,1.356985831836132,1.356985831836132,134881.20900736406,134881.20900736406,134881.20900736406,-440.9816372368036,-440.9816372368036,-440.9816372368036,-138.72484,-138.72484,-138.72484,135035.17192160382,135035.17192160382,135035.17192160382,135502.80305819877,135502.80305819877,135502.80305819877,45.72348233633533,45.72348233633533,45.72348233633533,-77.36321222083365,-77.36321222083365,-77.36321222083365,3.6332446945042154,3.6332446945042154,3.6332446945042154,120.80121214712973,120.80121214712973,120.80121214712973,-136.03928638689615,-136.03928638689615,-136.03928638689615,0.0,0.0,0.0,135558.96018605892
,,2024-10-29,20442.379562043796,20237.868321167887,23344.510948905114,3366.4376642335765,14750225.927007299,23358719.321167886,1,2024-10-29,677.6904624762948,134375.5975473767,136498.80259763592,669.5028461366174,686.4784539539164,1.4604771938855206,1.4604771938855206,1.4604771938855206,134781.60850667767,134781.60850667767,134781.60850667767,-459.0621186961198,-459.0621186961198,-459.0621186961198,-138.72484,-138.72484,-138.72484,135031.90535749804,135031.90535749804,135031.90535749804,135502.72816149457,135502.72816149457,135502.72816149457,44.653375684095735,44.653375684095735,44.653375684095735,-79.82014577808759,-79.82014577808759,-79.82014577808759,21.945607599675203,21.945607599675203,21.945607599675203,20.27951330193698,20.27951330193698,20.27951330193698,-131.85152412228118,-131.85152412228118,-131.85152412228118,0.0,0.0,0.0,135459.29896915396
,,2024-10-30,21129.934306569343,20377.45503649635,23180.07299270073,3128.919708029197,5205902.890510949,23358729.795620438,2,2024-10-30,677.629746257721,134395.95038948552,136620.52626057636,669.1823894283502,686.585653664642,1.540799704225934,1.540799704225934,1.540799704225934,134791.35194407916,134791.35194407916,134791.35194407916,-446.4526080118494,-446.4526080118494,-446.4526080118494,-138.72484,-138.72484,-138.72484,135067.8108833952,135067.8108833952,135067.8108833952,135502.65016674093,135502.65016674093,135502.65016674093,44.910982517265076,44.910982517265076,44.910982517265076,-79.36329019316388,-79.36329019316388,-79.36329019316388,44.52483263778758,44.52483263778758,44.52483263778758,-10.683303752966037,-10.683303752966037,-10.683303752966037,-127.05079556309137,-127.05079556309137,-127.05079556309137,0.0,0.0,0.0,135468.9816903369
,,2024-10-31,16720.48175182482,17202.335795620438,18975.401459854016,3065.4014598540152,12586906.744525548,23358740.656934306,3,2024-10-31,677.5690300391473,134399.39312290153,136577.51914762735,668.9018420908709,686.8152247191824,1.5622799545084263,1.5622799545084263,1.5622799545084263,134779.52900688292,134779.52900688292,134779.52900688292,-527.3204073304366,-527.3204073304366,-527.3204073304366,-138.72484,-138.72484,-138.72484,134965.61737534223,134965.61737534223,134965.61737534223,135502.56929134481,135502.56929134481,135502.56929134481,51.49797826384126,51.49797826384126,51.49797826384126,-89.75518855239919,-89.75518855239919,-89.75518855239919,27.063421661892008,27.063421661892008,27.063421661892008,74.4737849996976,74.4737849996976,74.4737849996976,-121.8373134589861,-121.8373134589861,-121.8373134589861,0.0,0.0,0.0,135457.09803692208
