Detail,Value,ds,reading_fee_paid,amount_paid,Coupon_Discount,payable_amount,transaction_type_id,transaction,member_branch_id,day_of_week,ds,trend,yhat_lower,yhat_upper,trend_lower,trend_upper,Coupon_Discount,Coupon_Discount_lower,Coupon_Discount_upper,additive_terms,additive_terms_lower,additive_terms_upper,amount_paid,amount_paid_lower,amount_paid_upper,daily,daily_lower,daily_upper,extra_regressors_additive,extra_regressors_additive_lower,extra_regressors_additive_upper,member_branch_id,member_branch_id_lower,member_branch_id_upper,payable_amount,payable_amount_lower,payable_amount_upper,reading_fee_paid,reading_fee_paid_lower,reading_fee_paid_upper,transaction_type_id,transaction_type_id_lower,transaction_type_id_upper,weekly,weekly_lower,weekly_upper,yearly,yearly_lower,yearly_upper,multiplicative_terms,multiplicative_terms_lower,multiplicative_terms_upper,yhat
Forecasting Period,2024-08-15 00:00:00 to 2024-10-31 00:00:00,2024-08-15,21428.14598540146,22596.861313868612,3081.343065693431,26978.160583941608,1.0364963503649636,,269.2043795620438,3,2024-08-15,3.6203989772525818,0.2855718644029516,7.696551556334699,3.6203989772525818,3.6203989772525818,-1.614279701586788,-1.614279701586788,-1.614279701586788,0.4795237365705581,0.4795237365705581,0.4795237365705581,4.119412279857626,4.119412279857626,4.119412279857626,1.175184,1.175184,1.175184,-0.7062241479549165,-0.7062241479549165,-0.7062241479549165,-0.049225024328972015,-0.049225024328972015,-0.049225024328972015,0.7329468787816531,0.7329468787816531,0.7329468787816531,-3.9022237483946673,-3.9022237483946673,-3.9022237483946673,0.00714516771623161,0.00714516771623161,0.00714516771623161,0.09599456400068465,0.09599456400068465,0.09599456400068465,-0.08543067947521055,-0.08543067947521055,-0.08543067947521055,0.0,0.0,0.0,4.0999227138231396
Regressors,"reading_fee_paid, amount_paid, Coupon_Discount, payable_amount, transaction_type_id, transaction, member_branch_id",2024-08-16,21886.515328467154,22908.350364963506,3640.2233576642334,25154.71532846716,0.8686131386861314,,176.60583941605842,4,2024-08-16,3.6205938155281467,0.7834712686698377,8.058463828189302,3.6205938155281467,3.6205938155281467,-1.4183136775011231,-1.4183136775011231,-1.4183136775011231,0.875229552509996,0.875229552509996,0.875229552509996,4.063322259783776,4.063322259783776,4.063322259783776,1.175184,1.175184,1.175184,-0.46069030866286476,-0.46069030866286476,-0.46069030866286476,-0.07578429769425117,-0.07578429769425117,-0.07578429769425117,0.7866860722190328,0.7866860722190328,0.7866860722190328,-3.8251190523659826,-3.8251190523659826,-3.8251190523659826,0.00851838689568353,0.00851838689568353,0.00851838689568353,0.24300633057931859,0.24300633057931859,0.24300633057931859,-0.08227046940645756,-0.08227046940645756,-0.08227046940645756,0.0,0.0,0.0,4.495823368038143
Number of Days in future_df,78,2024-08-17,16678.45839416059,17067.777372262775,2691.1182481751825,23838.45766423358,0.716058394160584,,190.68175182481755,5,2024-08-17,3.6207886538037117,0.7391783300062066,7.981433656777634,3.6207886538037117,3.6207886538037117,-1.7511082981346169,-1.7511082981346169,-1.7511082981346169,0.602117487301706,0.602117487301706,0.602117487301706,5.115037738231112,5.115037738231112,5.115037738231112,1.175184,1.175184,1.175184,-0.5737669881605844,-0.5737669881605844,-0.5737669881605844,-0.07174702016330331,-0.07174702016330331,-0.07174702016330331,0.8254778182390013,0.8254778182390013,0.8254778182390013,-4.7011934515263105,-4.7011934515263105,-4.7011934515263105,0.00976622519353332,0.00976622519353332,0.00976622519353332,0.08497267477252733,0.08497267477252733,0.08497267477252733,-0.0842721993102366,-0.0842721993102366,-0.0842721993102366,0.0,0.0,0.0,4.222906141105418
Weekend Adjustment Factor,0.9,2024-08-18,13868.549343065693,14506.784671532849,3378.4764700729925,13899.192700729927,1.0116788321167882,,333.6963503649635,6,2024-08-18,3.620983492079277,1.0096588068779595,8.178904877068431,3.620983492079277,3.620983492079277,-1.5100927178698123,-1.5100927178698123,-1.5100927178698123,1.053194824036004,1.053194824036004,1.053194824036004,5.576197228389772,5.576197228389772,5.576197228389772,1.175184,1.175184,1.175184,-0.012737261870351013,-0.012737261870351013,-0.012737261870351013,-0.030727325772170244,-0.030727325772170244,-0.030727325772170244,1.1184002851436172,1.1184002851436172,1.1184002851436172,-5.1738628970958205,-5.1738628970958205,-5.1738628970958205,0.007348165334063634,0.007348165334063634,0.007348165334063634,-0.017665206447362327,-0.017665206447362327,-0.017665206447362327,-0.09158670764628318,-0.09158670764628318,-0.09158670764628318,0.0,0.0,0.0,4.674178316115281
,,2024-08-19,21092.467153284673,21626.985401459857,4250.014635036497,23045.036496350367,1.1240875912408759,,114.67883211678834,0,2024-08-19,3.6211783303548426,1.070622546281065,8.47624256698153,3.6211783303548426,3.6211783303548426,-1.2044962037674019,-1.2044962037674019,-1.2044962037674019,1.0926915430444297,1.0926915430444297,1.0926915430444297,4.29405841655146,4.29405841655146,4.29405841655146,1.175184,1.175184,1.175184,-0.1073845006319688,-0.1073845006319688,-0.1073845006319688,-0.09354630898473108,-0.09354630898473108,-0.09354630898473108,0.8488609241974491,0.8488609241974491,0.8488609241974491,-3.958690034164392,-3.958690034164392,-3.958690034164392,0.006428705535647999,0.006428705535647999,0.006428705535647999,0.1291091204913545,0.1291091204913545,0.1291091204913545,-0.10421707681495579,-0.10421707681495579,-0.10421707681495579,0.0,0.0,0.0,4.713869873399272
,,2024-08-20,29817.05109781022,30185.35766423358,5728.972262773723,36799.29197080292,0.5620437956204379,,374.2408759124088,1,2024-08-20,3.6213731686304076,0.7618020457255236,7.955928219697618,3.6213731686304076,3.6213731686304076,-0.6859138700143039,-0.6859138700143039,-0.6859138700143039,0.7826321024003138,0.7826321024003138,0.7826321024003138,2.7529471950458877,2.7529471950458877,2.7529471950458877,1.175184,1.175184,1.175184,0.01138470967770161,0.01138470967770161,0.01138470967770161,-0.019098274862917555,-0.019098274862917555,-0.019098274862917555,0.4435059549107931,0.4435059549107931,0.4435059549107931,-2.491082299929484,-2.491082299929484,-2.491082299929484,0.011026004527726169,0.011026004527726169,0.011026004527726169,-0.2819208878279421,-0.2819208878279421,-0.2819208878279421,-0.12201571944944584,-0.12201571944944584,-0.12201571944944584,0.0,0.0,0.0,4.404005271030721
,,2024-08-21,20578.394124087594,21984.92700729927,2908.2481459854016,36932.401459854016,1.1240875912408759,,370.81751824817525,2,2024-08-21,3.6215680069059726,-0.5157052327908194,6.993307554193881,3.6215680069059726,3.6215680069059726,-1.6749737781035927,-1.6749737781035927,-1.6749737781035927,-0.28760130104154147,-0.28760130104154147,-0.28760130104154147,4.229603657110548,4.229603657110548,4.229603657110548,1.175184,1.175184,1.175184,-1.0646034680629808,-1.0646034680629808,-1.0646034680629808,-0.02008016822633517,-0.02008016822633517,-0.02008016822633517,0.4395830531625823,0.4395830531625823,0.4395830531625823,-4.0451649375418315,-4.0451649375418315,-4.0451649375418315,0.006428705535647999,0.006428705535647999,0.006428705535647999,-0.25349659556813803,-0.25349659556813803,-0.25349659556813803,-0.14468523741042238,-0.14468523741042238,-0.14468523741042238,0.0,0.0,0.0,3.333966705864431
,,2024-08-22,27047.56204379562,26438.788321167885,5750.732846715328,27270.985401459857,1.1240875912408759,,135.95620437956208,3,2024-08-22,3.6217628451815385,2.0144843278282183,9.067509359318056,3.6217628451815385,3.6217628451815385,-0.6782837295744231,-0.6782837295744231,-0.6782837295744231,1.535055628515162,1.535055628515162,1.535055628515162,3.4275941815834905,3.4275941815834905,3.4275941815834905,1.175184,1.175184,1.175184,0.4356601423144405,0.4356601423144405,0.4356601423144405,-0.08744349628886251,-0.08744349628886251,-0.08744349628886251,0.7243169681963836,0.7243169681963836,0.7243169681963836,-2.9569524871377957,-2.9569524871377957,-2.9569524871377957,0.006428705535647999,0.006428705535647999,0.006428705535647999,0.09599456399945788,0.09599456399945788,0.09599456399945788,-0.17178307779873625,-0.17178307779873625,-0.17178307779873625,0.0,0.0,0.0,5.156818473696701
,,2024-08-23,20592.175182481755,23012.116788321167,3928.1167883211683,22189.525547445253,1.416058394160584,,45.37956204379562,4,2024-08-23,3.621957683457103,0.4720291132156622,7.866374012400467,3.621957683457103,3.621957683457103,-1.3173666021135206,-1.3173666021135206,-1.3173666021135206,0.6645755809588811,0.6645755809588811,0.6645755809588811,4.044636977753269,4.044636977753269,4.044636977753269,1.175184,1.175184,1.175184,-0.5508848323929086,-0.5508848323929086,-0.5508848323929086,-0.11342284542883956,-0.11342284542883956,-0.11342284542883956,0.8740738930173142,0.8740738930173142,0.8740738930173142,-4.042846753888168,-4.042846753888168,-4.042846753888168,0.004040498267035962,0.004040498267035962,0.004040498267035962,0.2430063305791299,0.2430063305791299,0.2430063305791299,-0.20272991722733996,-0.20272991722733996,-0.20272991722733996,0.0,0.0,0.0,4.286533264415985
,,2024-08-24,13400.90802919708,12436.535036496352,2438.947445255474,16720.265693430658,0.9328467153284672,,287.51386861313875,5,2024-08-24,3.6221525217326684,0.9024404309083787,8.219455850382205,3.6221525217326684,3.6221525217326684,-1.8395295760873678,-1.8395295760873678,-1.8395295760873678,0.8795458073303821,0.8795458073303821,0.8795458073303821,5.94898832065742,5.94898832065742,5.94898832065742,1.175184,1.175184,1.175184,-0.1437892539587065,-0.1437892539587065,-0.1437892539587065,-0.043973465026633504,-0.043973465026633504,-0.043973465026633504,1.0352597648562307,1.0352597648562307,1.0352597648562307,-5.252527279654945,-5.252527279654945,-5.252527279654945,0.007992981296588883,0.007992981296588883,0.007992981296588883,0.08497267477282508,0.08497267477282508,0.08497267477282508,-0.23682161348373626,-0.23682161348373626,-0.23682161348373626,0.0,0.0,0.0,4.501698329063051
,,2024-08-25,14474.943091970805,15189.582481751826,2335.743091970803,19563.293430656937,0.8343065693430658,,193.63795620437958,6,2024-08-25,3.622347360008234,0.14859932084902944,7.341168437149415,3.622347360008234,3.622347360008234,-1.875717194566829,-1.875717194566829,-1.875717194566829,0.27931639319247886,0.27931639319247886,0.27931639319247886,5.453245417573486,5.453245417573486,5.453245417573486,1.175184,1.175184,1.175184,-0.6049579255595119,-0.6049579255595119,-0.6049579255595119,-0.07089911651259088,-0.07089911651259088,-0.07089911651259088,0.9514722110155285,0.9514722110155285,0.9514722110155285,-5.071858244318852,-5.071858244318852,-5.071858244318852,0.008799001249745444,0.008799001249745444,0.008799001249745444,-0.017665206447133076,-0.017665206447133076,-0.017665206447133076,-0.2732444748008766,-0.2732444748008766,-0.2732444748008766,0.0,0.0,0.0,3.9016637532007126
,,2024-08-26,17970.83182481752,18567.452554744526,3028.8759124087587,20135.56204379562,1.1240875912408759,,166.94890510948906,0,2024-08-26,3.6225421982837984,0.6438845241605493,7.84405126852822,3.6225421982837984,3.6225421982837984,-1.632676806605527,-1.632676806605527,-1.632676806605527,0.5841978829383276,0.5841978829383276,0.5841978829383276,4.844990329521291,4.844990329521291,4.844990329521291,1.175184,1.175184,1.175184,-0.40900172411657776,-0.40900172411657776,-0.40900172411657776,-0.07855411628657846,-0.07855411628657846,-0.07855411628657846,0.9346067451578222,0.9346067451578222,0.9346067451578222,-4.4837965814392335,-4.4837965814392335,-4.4837965814392335,0.006428705535647999,0.006428705535647999,0.006428705535647999,0.12910912049125342,0.12910912049125342,0.12910912049125342,-0.3110935134363484,-0.3110935134363484,-0.3110935134363484,0.0,0.0,0.0,4.206740081222126
,,2024-08-27,33158.416058394156,33619.25547445256,6514.455032846716,45110.71532846716,1.0364963503649636,,119.89781021897811,1,2024-08-27,3.6227370365593643,0.4245099040494274,7.511298008346587,3.6227370365593643,3.6227370365593643,-0.4104918563014983,-0.4104918563014983,-0.4104918563014983,0.45262102868074505,0.45262102868074505,0.45262102868074505,2.134603158779724,2.134603158779724,2.134603158779724,1.175184,1.175184,1.175184,-0.09124880929822818,-0.09124880929822818,-0.09124880929822818,-0.09204939266310294,-0.09204939266310294,-0.09204939266310294,0.19855799926665257,0.19855799926665257,0.19855799926665257,-1.929013886096235,-1.929013886096235,-1.929013886096235,0.00714516771623161,0.00714516771623161,0.00714516771623161,-0.2819208878268638,-0.2819208878268638,-0.2819208878268638,-0.349393274194163,-0.349393274194163,-0.349393274194163,0.0,0.0,0.0,4.07535806524011
,,2024-08-28,18791.38686131387,19220.788321167885,3186.4233540145988,21271.014598540147,1.1240875912408759,,40.89051094890512,2,2024-08-28,3.6229318748349293,-0.005343376462806795,7.249752671335593,3.622931874774016,3.6229318748349293,-1.5774343044455512,-1.5774343044455512,-1.5774343044455512,0.13157121510497444,0.13157121510497444,0.13157121510497444,4.727343766584841,4.727343766584841,4.727343766584841,1.175184,1.175184,1.175184,-0.40299542752494266,-0.40299542752494266,-0.40299542752494266,-0.11471040282436584,-0.11471040282436584,-0.11471040282436584,0.9011435499808951,0.9011435499808951,0.9011435499808951,-4.34576674235641,-4.34576674235641,-4.34576674235641,0.006428705535647999,0.006428705535647999,0.006428705535647999,-0.25349659556768184,-0.25349659556768184,-0.25349659556768184,-0.3871207618024008,-0.3871207618024008,-0.3871207618024008,0.0,0.0,0.0,3.7545030899399037
,,2024-08-29,24059.547744525553,24647.262773722632,4794.102218978102,30126.335766423363,1.2408759124087592,,30.131386861313867,3,2024-08-29,3.6231267131104943,0.6482802447665444,7.934991697146572,3.6231267129793356,3.6231267131104943,-1.013717101138064,-1.013717101138064,-1.013717101138064,0.6526881636213614,0.6526881636213614,0.6526881636213614,3.7501952603880464,3.7501952603880464,3.7501952603880464,1.175184,1.175184,1.175184,-0.19526046499915997,-0.19526046499915997,-0.19526046499915997,-0.11779635339510697,-0.11779635339510697,-0.11779635339510697,0.6401662512315678,0.6401662512315678,0.6401662512315678,-3.4595819447138068,-3.4595819447138068,-3.4595819447138068,0.005473422628203184,0.005473422628203184,0.005473422628203184,0.09599456399985407,0.09599456399985407,0.09599456399985407,-0.42322993537933307,-0.42322993537933307,-0.42322993537933307,0.0,0.0,0.0,4.275814876731856
,,2024-08-30,23098.569343065694,22754.51094890511,4575.299270072994,24285.029197080294,0.8175182481751825,,246.86861313868616,4,2024-08-30,3.6233215513860597,1.161186651728617,8.010045422272846,3.623321551083646,3.623321551396122,-1.0904382605189946,-1.0904382605189946,-1.0904382605189946,1.10648767782354,1.10648767782354,1.10648767782354,4.091024215613472,4.091024215613472,4.091024215613472,1.175184,1.175184,1.175184,0.1449745421979829,0.1449745421979829,0.1449745421979829,-0.05563140746768826,-0.05563140746768826,-0.05563140746768826,0.8123168012491974,0.8123168012491974,0.8123168012491974,-3.6212331298456943,-3.6212331298456943,-3.6212331298456943,0.008936323167690635,0.008936323167690635,0.008936323167690635,0.24300633057894122,0.24300633057894122,0.24300633057894122,-0.4566771949533839,-0.4566771949533839,-0.4566771949533839,0.0,0.0,0.0,4.7298092292096
,,2024-08-31,19425.39004379562,19196.441605839416,3463.3842043795626,19058.268613138687,1.0182481751824817,,222.85839416058394,5,2024-08-31,3.623516389661625,0.6366366897883307,8.046910720536834,3.6235163892601014,3.623516389693201,-1.4803206336771386,-1.4803206336771386,-1.4803206336771386,0.6971312066022783,0.6971312066022783,0.6971312066022783,4.731727894202509,4.731727894202509,4.731727894202509,1.175184,1.175184,1.175184,-0.07657821284686794,-0.07657821284686794,-0.07657821284686794,-0.06251805998288211,-0.06251805998288211,-0.06251805998288211,0.9663559188086801,0.9663559188086801,0.9663559188086801,-4.239117762868556,-4.239117762868556,-4.239117762868556,0.007294430670519863,0.007294430670519863,0.007294430670519863,0.08497267477242978,0.08497267477242978,0.08497267477242978,-0.48644725532328337,-0.48644725532328337,-0.48644725532328337,0.0,0.0,0.0,4.320647596263903
,,2024-09-01,15693.7401459854,15655.62481751825,2709.1878832116786,16923.66569343066,1.0116788321167882,,221.35401459854018,6,2024-09-01,3.62371122793719,0.34072997290595963,7.752001255685246,3.623711227503545,3.623711228165878,-1.7447723535939812,-1.7447723535939812,-1.7447723535939812,0.3773184388438082,0.3773184388438082,0.3773184388438082,5.369324894921025,5.369324894921025,5.369324894921025,1.175184,1.175184,1.175184,-0.26862156750126315,-0.26862156750126315,-0.26862156750126315,-0.06294954872957799,-0.06294954872957799,-0.06294954872957799,1.0292653145636612,1.0292653145636612,1.0292653145636612,-4.866838039996454,-4.866838039996454,-4.866838039996454,0.007348165334063634,0.007348165334063634,0.007348165334063634,-0.01766520644708846,-0.01766520644708846,-0.01766520644708846,-0.5115787872078406,-0.5115787872078406,-0.5115787872078406,0.0,0.0,0.0,4.001029666780998
,,2024-09-02,24802.238175182483,24842.70802919708,5471.8934306569345,29369.912408759126,1.1240875912408759,,115.007299270073,0,2024-09-02,3.623906066212755,1.0141512502815775,8.385670397828413,3.6239060656381508,3.6239060665329657,-0.7760561014192809,-0.7760561014192809,-0.7760561014192809,0.9528346072020714,0.9528346072020714,0.9528346072020714,3.7150013161246216,3.7150013161246216,3.7150013161246216,1.175184,1.175184,1.175184,0.1797306918272721,0.1797306918272721,0.1797306918272721,-0.09345209746798526,-0.09345209746798526,-0.09345209746798526,0.6624589858316497,0.6624589858316497,0.6624589858316497,-3.3346501167773814,-3.3346501167773814,-3.3346501167773814,0.006428705535647999,0.006428705535647999,0.006428705535647999,0.12910912049115236,0.12910912049115236,0.12910912049115236,-0.5311892051163528,-0.5311892051163528,-0.5311892051163528,0.0,0.0,0.0,4.576740673414826
,,2024-09-03,17617.868613138686,17762.43795620438,3473.6642335766423,21142.036496350367,0.9270072992700731,,221.53284671532847,1,2024-09-03,3.624100904488321,-0.04956303121858197,7.74206197235053,3.6241009037212937,3.6241009048651764,-1.476716039852346,-1.476716039852346,-1.476716039852346,0.16891568871111978,0.16891568871111978,0.16891568871111978,4.989949790642459,4.989949790642459,4.989949790642459,1.175184,1.175184,1.175184,-0.1798494277009159,-0.1798494277009159,-0.1798494277009159,-0.06289825579268304,-0.06289825579268304,-0.06289825579268304,0.904944694633828,0.904944694633828,0.904944694633828,-4.543170362774135,-4.543170362774135,-4.543170362774135,0.008040745441961122,0.008040745441961122,0.008040745441961122,-0.2819208878270447,-0.2819208878270447,-0.2819208878270447,-0.5444979957609193,-0.5444979957609193,-0.5444979957609193,0.0,0.0,0.0,3.793016593199441
,,2024-09-04,20376.944197080295,20789.21897810219,3531.4741605839417,25136.532846715327,0.9781021897810219,,266.35766423357666,2,2024-09-04,3.624295742763886,0.1725856527539965,7.074807549411277,3.62429574179685,3.6242957432303213,-1.4564455423754108,-1.4564455423754108,-1.4564455423754108,0.025060708477781163,0.025060708477781163,0.025060708477781163,4.4449155183923,4.4449155183923,4.4449155183923,1.175184,1.175184,1.175184,-0.3457786860820485,-0.3457786860820485,-0.3457786860820485,-0.05004152414076919,-0.05004152414076919,-0.05004152414076919,0.7872219325093814,0.7872219325093814,0.7872219325093814,-4.079051879637504,-4.079051879637504,-4.079051879637504,0.007622809169954017,0.007622809169954017,0.007622809169954017,-0.2534965955679531,-0.2534965955679531,-0.2534965955679531,-0.5508480098722177,-0.5508480098722177,-0.5508480098722177,0.0,0.0,0.0,3.649356451241667
,,2024-09-05,19988.194554744525,20041.70072992701,3164.7007591240877,23123.8394160584,1.0145985401459854,,232.7445255474453,3,2024-09-05,3.624490581039451,0.5687962821547909,7.6042764857695495,3.624490579728087,3.624490581654963,-1.5850511243883445,-1.5850511243883445,-1.5850511243883445,0.3656596355209963,0.3656596355209963,0.3656596355209963,4.579521577251628,4.579521577251628,4.579521577251628,1.175184,1.175184,1.175184,-0.3557947451320275,-0.3557947451320275,-0.3557947451320275,-0.0596825026877588,-0.0596825026877588,-0.0596825026877588,0.8465385044083678,0.8465385044083678,0.8465385044083678,-4.1444454829772965,-4.1444454829772965,-4.1444454829772965,0.0073242832613775125,0.0073242832613775125,0.0073242832613775125,0.09599456400025029,0.09599456400025029,0.09599456400025029,-0.5497241833472271,-0.5497241833472271,-0.5497241833472271,0.0,0.0,0.0,3.990150216560447
,,2024-09-06,21181.95620437956,22231.197080291975,3594.832116788322,24604.970802919714,0.8686131386861314,,144.28467153284672,4,2024-09-06,3.6246854193150164,0.2924314178109611,7.7615513839006764,3.624685417810387,3.62468542009985,-1.4342296815731217,-1.4342296815731217,-1.4342296815731217,0.41116388343051435,0.41116388343051435,0.41116388343051435,4.185257657502552,4.185257657502552,4.185257657502552,1.175184,1.175184,1.175184,-0.466257237339617,-0.466257237339617,-0.466257237339617,-0.08505471094204053,-0.08505471094204053,-0.08505471094204053,0.8028877252770774,0.8028877252770774,0.8028877252770774,-3.943636614499767,-3.943636614499767,-3.943636614499767,0.00851838689568353,0.00851838689568353,0.00851838689568353,0.24300633057919235,0.24300633057919235,0.24300633057919235,-0.5407692098090608,-0.5407692098090608,-0.5407692098090608,0.0,0.0,0.0,4.035849302745531
,,2024-09-07,22204.628868613137,18552.685401459858,3503.7732481751823,23957.704379562045,1.0116788321167882,,138.514598540146,5,2024-09-07,3.624880257590582,0.9638844502243955,8.582851809722536,3.624880255760775,3.624880258548156,-1.4661586021241224,-1.4661586021241224,-1.4661586021241224,1.088846203522711,1.088846203522711,1.088846203522711,4.84764945966169,4.84764945966169,4.84764945966169,1.175184,1.175184,1.175184,0.3524852833445008,0.3524852833445008,0.3524852833445008,-0.08670969325287557,-0.08670969325287557,-0.08670969325287557,0.8219634696274545,0.8219634696274545,0.8219634696274545,-3.7716075159017093,-3.7716075159017093,-3.7716075159017093,0.007348165334063634,0.007348165334063634,0.007348165334063634,0.0849726747730841,0.0849726747730841,0.0849726747730841,-0.5237957545948744,-0.5237957545948744,-0.5237957545948744,0.0,0.0,0.0,4.713726461113293
,,2024-09-08,14451.533842335768,15526.103649635039,2370.8667153284673,16476.398540145987,1.0116788321167882,,219.19270072992705,6,2024-09-08,3.625075095866147,-0.1034808921679434,7.328020728879834,3.6250750937832517,3.625075096992548,-1.8634014322832604,-1.8634014322832604,-1.8634014322832604,0.09839983309964562,0.09839983309964562,0.09839983309964562,5.3926478492304035,5.3926478492304035,5.3926478492304035,1.175184,1.175184,1.175184,-0.5603240820772523,-0.5603240820772523,-0.5603240820772523,-0.06356946050976553,-0.06356946050976553,-0.06356946050976553,1.042446832350603,1.042446832350603,1.042446832350603,-5.075796036199296,-5.075796036199296,-5.075796036199296,0.007348165334063634,0.007348165334063634,0.007348165334063634,-0.017665206447521085,-0.017665206447521085,-0.017665206447521085,-0.4987948783755809,-0.4987948783755809,-0.4987948783755809,0.0,0.0,0.0,3.7234749289657927
,,2024-09-09,23622.46683211679,23545.24087591241,5160.525547445256,23874.131386861314,1.1240875912408759,,240.67153284671534,0,2024-09-09,3.625269934141712,1.0021963106422136,8.41548151067922,3.6252699317714248,3.62526993536783,-0.885234268868689,-0.885234268868689,-0.885234268868689,1.142096137571072,1.142096137571072,1.142096137571072,3.948637003854553,3.948637003854553,3.948637003854553,1.175184,1.175184,1.175184,0.3037434422803492,0.3037434422803492,0.3037434422803492,-0.05740886475029286,-0.05740886475029286,-0.05740886475029286,0.8244264693843169,0.8244264693843169,0.8244264693843169,-3.533105602875186,-3.533105602875186,-3.533105602875186,0.006428705535647999,0.006428705535647999,0.006428705535647999,0.12910912049103745,0.12910912049103745,0.12910912049103745,-0.46594042520031437,-0.46594042520031437,-0.46594042520031437,0.0,0.0,0.0,4.767366071712784
,,2024-09-10,32588.38467153285,28449.82481751825,4668.37299270073,38910.97810218979,0.6715328467153284,,130.29927007299273,1,2024-09-10,3.625464772417277,0.9612719706820503,7.830803076782116,3.625464769824601,3.6254647741410797,-1.057802850696452,-1.057802850696452,-1.057802850696452,0.7527711811144268,0.7527711811144268,0.7527711811144268,3.0654656346793683,3.0654656346793683,3.0654656346793683,1.175184,1.175184,1.175184,0.2850972917036324,0.2850972917036324,0.2850972917036324,-0.08906602796615175,-0.08906602796615175,-0.08906602796615175,0.38127194533308095,0.38127194533308095,0.38127194533308095,-2.0249018364482096,-2.0249018364482096,-2.0249018364482096,0.010130426801996656,0.010130426801996656,0.010130426801996656,-0.2819208878272257,-0.2819208878272257,-0.2819208878272257,-0.4255892227619795,-0.4255892227619795,-0.4255892227619795,0.0,0.0,0.0,4.3782359535317035
,,2024-09-11,17482.139781021902,18506.029197080294,3279.73102189781,21668.978102189783,0.5401459854014599,,152.33576642335765,2,2024-09-11,3.6256596106928423,0.4426509307575115,7.4410827250530325,3.625659607930258,3.6256596124918103,-1.5447168639587898,-1.5447168639587898,-1.5447168639587898,0.10661706394093184,0.10661706394093184,0.10661706394093184,4.856050870340559,4.856050870340559,4.856050870340559,1.175184,1.175184,1.175184,-0.4367933006157968,-0.4367933006157968,-0.4367933006157968,-0.08274548198713727,-0.08274548198713727,-0.08274548198713727,0.8894150719037834,0.8894150719037834,0.8894150719037834,-4.566002016987085,-4.566002016987085,-4.566002016987085,0.011205120072872072,0.011205120072872072,0.011205120072872072,-0.25349659556749693,-0.25349659556749693,-0.25349659556749693,-0.37827703987577427,-0.37827703987577427,-0.37827703987577427,0.0,0.0,0.0,3.7322766746337743
,,2024-09-12,23425.08025547445,23698.992700729927,4011.2701094890513,28853.05109489051,1.364963503649635,,234.35036496350367,3,2024-09-12,3.6258544489684077,0.47851694538959744,7.953732580242692,3.6258544458708606,3.6258544511531223,-1.2882096860925143,-1.2882096860925143,-1.2882096860925143,0.6358283769598869,0.6358283769598869,0.6358283769598869,3.9209508206320844,3.9209508206320844,3.9209508206320844,1.175184,1.175184,1.175184,-0.31063984174722825,-0.31063984174722825,-0.31063984174722825,-0.05922191305033477,-0.05922191305033477,-0.05922191305033477,0.6776915298539582,0.6776915298539582,0.6776915298539582,-3.566309027629465,-3.566309027629465,-3.566309027629465,0.004458434539043069,0.004458434539043069,0.004458434539043069,0.09599456399902351,0.09599456399902351,0.09599456399902351,-0.32471034529190884,-0.32471034529190884,-0.32471034529190884,0.0,0.0,0.0,4.261682825928295
,,2024-09-13,16977.02189781022,15205.080291970802,5002.962043795621,21557.087591240874,1.3065693430656935,,288.50364963503654,4,2024-09-13,3.626049287243973,1.9242911053052756,8.878800038500497,3.626049283864211,3.6260492896044227,-0.9404824030305557,-0.9404824030305557,-0.9404824030305557,1.8653972316238976,1.8653972316238976,1.8653972316238976,5.45045471760112,5.45045471760112,5.45045471760112,1.175184,1.175184,1.175184,0.7129609117004926,0.7129609117004926,0.7129609117004926,-0.04368957432283942,-0.04368957432283942,-0.04368957432283942,0.8927126240478024,0.8927126240478024,0.8927126240478024,-4.6509705285878,-4.6509705285878,-4.6509705285878,0.004936075992765476,0.004936075992765476,0.004936075992765476,0.24300633057944349,0.24300633057944349,0.24300633057944349,-0.2657540106560389,-0.2657540106560389,-0.2657540106560389,0.0,0.0,0.0,5.491446518867871
,,2024-09-14,20490.543065693433,20299.24379562044,3839.7416058394156,23540.00583941606,0.8802919708029198,,156.44233576642335,5,2024-09-14,3.6262441255195377,1.1709206353113575,8.369908571849999,3.6262441218369106,3.626244128043514,-1.3483545138141164,-1.3483545138141164,-1.3483545138141164,0.9437185794214004,0.9437185794214004,0.9437185794214004,4.533145643093272,4.533145643093272,4.533145643093272,1.175184,1.175184,1.175184,-0.11402289899353246,-0.11402289899353246,-0.11402289899353246,-0.08156762866888834,-0.08156762866888834,-0.08156762866888834,0.8342735637089881,0.8342735637089881,0.8342735637089881,-4.059942821917727,-4.059942821917727,-4.059942821917727,0.008422858604939049,0.008422858604939049,0.008422858604939049,0.08497267477303536,0.08497267477303536,0.08497267477303536,-0.20241519635810273,-0.20241519635810273,-0.20241519635810273,0.0,0.0,0.0,4.569962704940938
,,2024-09-15,14098.483576642337,13373.093430656936,2392.606642335767,17245.845985401458,0.8802919708029198,,250.09489051094894,6,2024-09-15,3.6264389637951036,0.6678319943457394,8.402363885356468,3.626438959661925,3.626438966495642,-1.8557785349996403,-1.8557785349996403,-1.8557785349996403,0.7845608160860071,0.7845608160860071,0.7845608160860071,5.78034168943828,5.78034168943828,5.78034168943828,1.175184,1.175184,1.175184,-0.2371342275799873,-0.2371342275799873,-0.2371342275799873,-0.05470604101431813,-0.05470604101431813,-0.05470604101431813,1.019770261734436,1.019770261734436,1.019770261734436,-5.135184461343684,-5.135184461343684,-5.135184461343684,0.008422858604939049,0.008422858604939049,0.008422858604939049,-0.017665206447661112,-0.017665206447661112,-0.017665206447661112,-0.13582374988634485,-0.13582374988634485,-0.13582374988634485,0.0,0.0,0.0,4.410999779881111
,,2024-09-16,26520.175182481755,26491.700729927008,5136.759124087592,31055.693430656935,1.1240875912408759,,166.77372262773724,0,2024-09-16,3.6266338020706685,1.2857065839329627,8.609475216426171,3.626633797693211,3.6266338049567555,-0.8935677376974334,-0.8935677376974334,-0.8935677376974334,1.25651635689441,1.25651635689441,1.25651635689441,3.4180662124332972,3.4180662124332972,3.4180662124332972,1.175184,1.175184,1.175184,0.01943276635412533,0.01943276635412533,0.01943276635412533,-0.07860436242884292,-0.07860436242884292,-0.07860436242884292,0.6127769281132468,0.6127769281132468,0.6127769281132468,-3.0456669796017906,-3.0456669796017906,-3.0456669796017906,0.006428705535647999,0.006428705535647999,0.006428705535647999,0.12910912049092257,0.12910912049092257,0.12910912049092257,-0.06720952995063836,-0.06720952995063836,-0.06720952995063836,0.0,0.0,0.0,4.883150158965078
,,2024-09-17,18499.299270072992,18594.598540145984,3032.598540145985,22903.10218978102,1.0145985401459854,,287.1459854014599,1,2024-09-17,3.6268286403462335,0.3615867478324136,7.728244957898053,3.6268286357054937,3.6268286434929773,-1.6313715028270688,-1.6313715028270688,-1.6313715028270688,0.5255054882181907,0.5255054882181907,0.5255054882181907,4.840102135664267,4.840102135664267,4.840102135664267,1.175184,1.175184,1.175184,-0.36988047988165834,-0.36988047988165834,-0.36988047988165834,-0.04407898192538884,-0.04407898192538884,-0.04407898192538884,0.8530439042640187,0.8530439042640187,0.8530439042640187,-4.394900318318864,-4.394900318318864,-4.394900318318864,0.0073242832613775125,0.0073242832613775125,0.0073242832613775125,-0.28192088782761626,-0.28192088782761626,-0.28192088782761626,0.002122855927464834,0.002122855927464834,0.002122855927464834,0.0,0.0,0.0,4.152334128564425
,,2024-09-18,17565.401459854016,18261.299270072992,3098.4671532846714,21045.19708029197,0.9051094890510948,,263.97810218978105,2,2024-09-18,3.627023478621799,0.7963976177216132,8.144148873948962,3.627023473649767,3.6270234823831187,-1.608275304205881,-1.608275304205881,-1.608275304205881,0.5976513474394658,0.5976513474394658,0.5976513474394658,4.900119534938114,4.900119534938114,4.900119534938114,1.175184,1.175184,1.175184,-0.3948574062433917,-0.3948574062433917,-0.3948574062433917,-0.05072403423986116,-0.05072403423986116,-0.05072403423986116,0.9077986723423999,0.9077986723423999,0.9077986723423999,-4.551996136065271,-4.551996136065271,-4.551996136065271,0.008219860987107027,0.008219860987107027,0.008219860987107027,-0.2534965955683696,-0.2534965955683696,-0.2534965955683696,0.07082134925122678,0.07082134925122678,0.07082134925122678,0.0,0.0,0.0,4.224674826061265
,,2024-09-19,27866.71532846716,26639.905109489053,5659.708026277373,33060.01459854015,0.9270072992700731,,425.5547445255475,3,2024-09-19,3.6272183168973644,1.6927298719564936,9.149733760312099,3.6272183116318826,3.6272183209227884,-0.7102007114587467,-0.7102007114587467,-0.7102007114587467,1.8280810416072084,1.8280810416072084,1.8280810416072084,3.391378961001994,3.391378961001994,3.391378961001994,1.175184,1.175184,1.175184,0.4193873057754345,0.4193873057754345,0.4193873057754345,-0.004380342357958353,-0.004380342357958353,-0.004380342357958353,0.5537070971829592,0.5537070971829592,0.5537070971829592,-2.819158444034774,-2.819158444034774,-2.819158444034774,0.008040745441961122,0.008040745441961122,0.008040745441961122,0.09599456399897377,0.09599456399897377,0.09599456399897377,0.1375151718327997,0.1375151718327997,0.1375151718327997,0.0,0.0,0.0,5.455299358504573
,,2024-09-20,16300.437956204378,16284.036496350365,2658.394160583942,17626.934306569343,1.0364963503649636,,566.5401459854014,4,2024-09-20,3.6274131551729294,1.4886938170490605,8.594607740642797,3.6274131497247675,3.6274131596405312,-1.762582686173015,-1.762582686173015,-1.762582686173015,1.39957780190388,1.39957780190388,1.39957780190388,5.256166427371559,5.256166427371559,5.256166427371559,1.175184,1.175184,1.175184,-0.21945688013121073,-0.21945688013121073,-0.21945688013121073,0.036057334218611584,0.036057334218611584,0.036057334218611584,1.0085391162166406,1.0085391162166406,1.0085391162166406,-4.764782239481239,-4.764782239481239,-4.764782239481239,0.00714516771623161,0.00714516771623161,0.00714516771623161,0.24300633057925486,0.24300633057925486,0.24300633057925486,0.20084435145583623,0.20084435145583623,0.20084435145583623,0.0,0.0,0.0,5.026990957076809
,,2024-09-21,18583.74302189781,19083.396350364965,3286.957664233577,21253.585401459855,0.6043795620437956,,316.3532846715329,5,2024-09-21,3.6276079934484944,1.343724508673439,8.226892299006142,3.6276079878913756,3.627607998073936,-1.5421829110061185,-1.5421829110061185,-1.5421829110061185,1.2254868012299973,1.2254868012299973,1.2254868012299973,4.75208402109213,4.75208402109213,4.75208402109213,1.175184,1.175184,1.175184,-0.2941592539974156,-0.2941592539974156,-0.2941592539974156,-0.0357016938563499,-0.0357016938563499,-0.0357016938563499,0.9016572100376169,0.9016572100376169,0.9016572100376169,-4.380695594738471,-4.380695594738471,-4.380695594738471,0.010679714473777425,0.010679714473777425,0.010679714473777425,0.08497267477298652,0.08497267477298652,0.08497267477298652,0.2594893804544259,0.2594893804544259,0.2594893804544259,0.0,0.0,0.0,4.8530947946784915
,,2024-09-22,12921.970099270075,13015.491240875912,1929.3437627737226,14375.246715328467,0.9985401459854014,,306.99197080291975,6,2024-09-22,3.6278028317240603,1.1274071984269287,8.328963480233845,3.6278028258670028,3.62780283665096,-2.0182172287923943,-2.0182172287923943,-2.0182172287923943,1.036584603952747,1.036584603952747,1.036584603952747,5.844735330026181,5.844735330026181,5.844735330026181,1.175184,1.175184,1.175184,-0.4331345282160041,-0.4331345282160041,-0.4331345282160041,-0.03838672208360597,-0.03838672208360597,-0.03838672208360597,1.1043703828472111,1.1043703828472111,1.1043703828472111,-5.333091924874546,-5.333091924874546,-5.333091924874546,0.0074556346611511755,0.0074556346611511755,0.0074556346611511755,-0.017665206447431834,-0.017665206447431834,-0.017665206447431834,0.31220033861618335,0.31220033861618335,0.31220033861618335,0.0,0.0,0.0,4.664387435676807
,,2024-09-23,33375.38686131387,32891.21167883212,6590.963503649635,40554.31386861314,1.1240875912408759,,33.175182481751825,0,2024-09-23,3.627997669999625,1.8523801715008925,8.956405820116027,3.627997663609454,3.6279976753963457,-0.38366489344823396,-0.38366489344823396,-0.38366489344823396,1.8739855727179173,1.8739855727179173,1.8739855727179173,2.265702441298493,2.265702441298493,2.265702441298493,1.175184,1.175184,1.175184,0.21186763207930626,0.21186763207930626,0.21186763207930626,-0.11692332667326227,-0.11692332667326227,-0.11692332667326227,0.3328408019416052,0.3328408019416052,0.3328408019416052,-1.8925160965749437,-1.8925160965749437,-1.8925160965749437,0.006428705535647999,0.006428705535647999,0.006428705535647999,0.1291091204914231,0.1291091204914231,0.1291091204914231,0.3578248201471879,0.3578248201471879,0.3578248201471879,0.0,0.0,0.0,5.501983242717542
,,2024-09-24,24448.77372262774,24898.116788321167,5002.540145985402,26946.569343065694,0.5620437956204379,,469.6788321167884,1,2024-09-24,3.6281925082751902,1.772973427681468,8.616926770066165,3.6281925015387806,3.6281925136113147,-0.9406303374587811,-0.9406303374587811,-0.9406303374587811,1.4120617371067399,1.4120617371067399,1.4120617371067399,3.705023827668406,3.705023827668406,3.705023827668406,1.175184,1.175184,1.175184,0.12346459684526656,0.12346459684526656,0.12346459684526656,0.008275404724897743,0.008275404724897743,0.008275404724897743,0.7338779118352974,0.7338779118352974,0.7338779118352974,-3.3941082144522796,-3.3941082144522796,-3.3941082144522796,0.011026004527726169,0.011026004527726169,0.011026004527726169,-0.2819208878280067,-0.2819208878280067,-0.2819208878280067,0.3953340280894804,0.3953340280894804,0.3953340280894804,0.0,0.0,0.0,5.04025424538193
,,2024-09-25,25804.99270072993,26412.189781021898,4794.618,29798.350364963506,1.0145985401459854,,165.99270072992704,2,2024-09-25,3.6283873465507557,1.098649876584073,8.458202077943469,3.628387339469156,3.62838735235535,-1.0135362474604297,-1.0135362474604297,-1.0135362474604297,1.1767381341626635,1.1767381341626635,1.1767381341626635,3.4323837966453334,3.4323837966453334,3.4323837966453334,1.175184,1.175184,1.175184,-0.1687957082883595,-0.1687957082883595,-0.1687957082883595,-0.07882837647977188,-0.07882837647977188,-0.07882837647977188,0.6498323878379567,0.6498323878379567,0.6498323878379567,-3.1659715520928255,-3.1659715520928255,-3.1659715520928255,0.0073242832613775125,0.0073242832613775125,0.0073242832613775125,-0.2534965955682772,-0.2534965955682772,-0.2534965955682772,0.4238464380192998,0.4238464380192998,0.4238464380192998,0.0,0.0,0.0,4.80512548071342
,,2024-09-26,15209.912795620437,15540.576642335767,2512.569635036497,17871.299270072992,1.0145985401459854,,353.97810218978105,3,2024-09-26,3.6285821848263202,1.3692000001700237,8.609104797931897,3.6285821774229317,3.628582190869664,-1.8137146600433767,-1.8137146600433767,-1.8137146600433767,1.3256805000830336,1.3256805000830336,1.3256805000830336,5.390041688762615,5.390041688762615,5.390041688762615,1.175184,1.175184,1.175184,-0.3881465491428087,-0.3881465491428087,-0.3881465491428087,-0.024910078651504575,-0.024910078651504575,-0.024910078651504575,1.0013373776376429,1.0013373776376429,1.0013373776376429,-4.948225160109562,-4.948225160109562,-4.948225160109562,0.0073242832613775125,0.0073242832613775125,0.0073242832613775125,0.0959945639998159,0.0959945639998159,0.0959945639998159,0.4426484852260258,0.4426484852260258,0.4426484852260258,0.0,0.0,0.0,4.954262684909354
,,2024-09-27,17596.81754744526,18383.854014598543,2473.1094890510944,24993.09489051095,1.4744525547445255,,356.84671532846716,4,2024-09-27,3.628777023101886,1.1745613860275963,8.504176031039675,3.6287770154006815,3.628777029515834,-1.8275509824718001,-1.8275509824718001,-1.8275509824718001,1.1441154849201016,1.1441154849201016,1.1441154849201016,4.878051028657008,4.878051028657008,4.878051028657008,1.175184,1.175184,1.175184,-0.7252866403214983,-0.7252866403214983,-0.7252866403214983,-0.024087298071924362,-0.024087298071924362,-0.024087298071924362,0.7914492269957868,0.7914492269957868,0.7914492269957868,-4.5467114722438815,-4.5467114722438815,-4.5467114722438815,0.003562856813313556,0.003562856813313556,0.003562856813313556,0.24300633057906618,0.24300633057906618,0.24300633057906618,0.4512117946625341,0.4512117946625341,0.4512117946625341,0.0,0.0,0.0,4.772892508021988
,,2024-09-28,12182.616762043797,12054.744525547445,2222.9014565693433,21887.3299270073,0.8145985401459853,,210.04817518248177,5,2024-09-28,3.628971861377451,1.4094015623151417,8.363888137114373,3.6289718531347073,3.628971868060848,-1.9152840337605497,-1.9152840337605497,-1.9152840337605497,1.1801022230004132,1.1801022230004132,1.1801022230004132,6.017737566731581,6.017737566731581,6.017737566731581,1.175184,1.175184,1.175184,-0.5292610010700598,-0.5292610010700598,-0.5292610010700598,-0.06619230913596937,-0.06619230913596937,-0.06619230913596937,0.8829799727879508,0.8829799727879508,0.8829799727879508,-5.45746240293345,-5.45746240293345,-5.45746240293345,0.008960205240376759,0.008960205240376759,0.008960205240376759,0.08497267477259121,0.08497267477259121,0.08497267477259121,0.4492065492978827,0.4492065492978827,0.4492065492978827,0.0,0.0,0.0,4.8090740843778645
,,2024-09-29,12772.458394160585,12874.348905109491,2502.972262773723,14496.687591240876,0.9131386861313868,,509.1963503649635,6,2024-09-29,3.629166699653016,1.3988850929717414,8.826970079657423,3.629166691098457,3.629166706833678,-1.8170798867493922,-1.8170798867493922,-1.8170798867493922,1.4174138746426157,1.4174138746426157,1.4174138746426157,5.870150914999653,5.870150914999653,5.870150914999653,1.175184,1.175184,1.175184,-0.17661559721996228,-0.17661559721996228,-0.17661559721996228,0.019609887625125118,0.019609887625125118,0.019609887625125118,1.1007913696016702,1.1007913696016702,1.1007913696016702,-5.358242067984238,-5.358242067984238,-5.358242067984238,0.008154185287220195,0.008154185287220195,0.008154185287220195,-0.017665206447387224,-0.017665206447387224,-0.017665206447387224,0.436510678309965,0.436510678309965,0.436510678309965,0.0,0.0,0.0,5.046580574295632
,,2024-09-30,24576.807299270076,24246.291970802922,4580.004817518248,25483.051094890514,1.0145985401459854,,30.218978102189784,0,2024-09-30,3.6293615379285815,1.437896513905232,8.876833235204193,3.6293615289658177,3.629361545603913,-1.0887883053546403,-1.0887883053546403,-1.0887883053546403,1.7451094117191426,1.7451094117191426,1.7451094117191426,3.822398313130156,3.822398313130156,3.822398313130156,1.175184,1.175184,1.175184,0.027601651368325708,0.027601651368325708,0.027601651368325708,-0.11777123032397473,-0.11777123032397473,-0.11777123032397473,0.777009609922585,0.777009609922585,0.777009609922585,-3.372571019267178,-3.372571019267178,-3.372571019267178,0.0073242832613775125,0.0073242832613775125,0.0073242832613775125,0.12910912049132203,0.12910912049132203,0.12910912049132203,0.41321463985949464,0.41321463985949464,0.41321463985949464,0.0,0.0,0.0,5.3744709496477245
,,2024-10-01,24440.17518248175,25488.737226277375,4554.423357664234,27846.058394160584,2.240875912408759,,63.372262773722625,1,2024-10-01,3.629556376204147,0.9044104744937832,8.325741818726124,3.629556366849987,3.62955638432315,-1.097758199355054,-1.097758199355054,-1.097758199355054,0.9746429350771478,0.9746429350771478,0.9746429350771478,3.5986704515078483,3.5986704515078483,3.5986704515078483,1.175184,1.175184,1.175184,-0.2982418489222055,-0.2982418489222055,-0.2982418489222055,-0.10826214790042926,-0.10826214790042926,-0.10826214790042926,0.7073688537944975,0.7073688537944975,0.7073688537944975,-3.395554619702275,-3.395554619702275,-3.395554619702275,-0.002706187266793041,-0.002706187266793041,-0.002706187266793041,-0.2819208878281876,-0.2819208878281876,-0.2819208878281876,0.37962167182754036,0.37962167182754036,0.37962167182754036,0.0,0.0,0.0,4.6041993112812944
,,2024-10-02,20193.72262773723,21422.0,3319.1970510948904,24459.598540145984,0.8905109489051095,,247.1167883211679,2,2024-10-02,3.629751214479712,0.6530842043613483,7.986254793774406,3.629751204609545,3.6297512229561666,-1.5308784786385132,-1.5308784786385132,-1.5308784786385132,0.708101209410578,0.708101209410578,0.708101209410578,4.330970260618899,4.330970260618899,4.330970260618899,1.175184,1.175184,1.175184,-0.5498296806163484,-0.5498296806163484,-0.5498296806163484,-0.05556022543281363,-0.05556022543281363,-0.05556022543281363,0.8071720261773501,0.8071720261773501,0.8071720261773501,-4.109872534691808,-4.109872534691808,-4.109872534691808,0.008339271350537627,0.008339271350537627,0.008339271350537627,-0.25349659556818477,-0.25349659556818477,-0.25349659556818477,0.33624348559511064,0.33624348559511064,0.33624348559511064,0.0,0.0,0.0,4.33785242389029
,,2024-10-03,23309.401167883214,24621.57664233577,3601.109489051095,24042.934306569343,1.1240875912408759,,146.6131386861314,3,2024-10-03,3.629946052755277,1.1140023356283337,8.204865221643585,3.6299460426060564,3.629946061407661,-1.4320285810839573,-1.4320285810839573,-1.4320285810839573,1.033487518417743,1.033487518417743,1.033487518417743,3.7548205774579224,3.7548205774579224,3.7548205774579224,1.175184,1.175184,1.175184,-0.5214825259215972,-0.5214825259215972,-0.5214825259215972,-0.08438685596777566,-0.08438685596777566,-0.08438685596777566,0.8194516379613555,0.8194516379613555,0.8194516379613555,-3.5857680098247897,-3.5857680098247897,-3.5857680098247897,0.006428705535647999,0.006428705535647999,0.006428705535647999,0.09599456399976618,0.09599456399976618,0.09599456399976618,0.28379148033957413,0.28379148033957413,0.28379148033957413,0.0,0.0,0.0,4.6634335711730195
,,2024-10-04,14858.744525547447,15570.394160583943,2216.875912408759,16683.19708029197,0.8686131386861314,,276.97810218978105,4,2024-10-04,3.630140891030843,1.1042210799600336,8.521274097778154,3.6301408806338604,3.6301408999246645,-1.917396833136492,-1.917396833136492,-1.917396833136492,1.0992078369203404,1.0992078369203404,1.0992078369203404,5.384672430385109,5.384672430385109,5.384672430385109,1.175184,1.175184,1.175184,-0.542146149719676,-0.542146149719676,-0.542146149719676,-0.04699535176598744,-0.04699535176598744,-0.04699535176598744,1.0363522228644626,1.0363522228644626,1.0363522228644626,-5.007297004962451,-5.007297004962451,-5.007297004962451,0.00851838689568353,0.00851838689568353,0.00851838689568353,0.2430063305793652,0.2430063305793652,0.2430063305793652,0.2231636560606507,0.2231636560606507,0.2231636560606507,0.0,0.0,0.0,4.729348727951184
,,2024-10-05,15611.084671532848,15869.837956204381,2898.499270072993,15392.831386861315,0.8014598540145986,,248.18321167883215,5,2024-10-05,3.6303357293064074,1.116138969956544,8.447158751435323,3.630335718662225,3.630335738677965,-1.6783921281139724,-1.6783921281139724,-1.6783921281139724,1.2153957284193857,1.2153957284193857,1.2153957284193857,5.330751406682021,5.330751406682021,5.330751406682021,1.175184,1.175184,1.175184,-0.2001884466374831,-0.2001884466374831,-0.2001884466374831,-0.05525435204177884,-0.05525435204177884,-0.05525435204177884,1.0743809003890783,1.0743809003890783,1.0743809003890783,-4.880741948120295,-4.880741948120295,-4.880741948120295,0.009067674567464297,0.009067674567464297,0.009067674567464297,0.08497267477219592,0.08497267477219592,0.08497267477219592,0.15542750028467303,0.15542750028467303,0.15542750028467303,0.0,0.0,0.0,4.845731457725793
,,2024-10-06,16039.252510948903,16346.417518248176,2465.251094890511,21026.15474452555,0.8014598540145986,,101.56861313868616,6,2024-10-06,3.630530567581973,0.6884247211193355,8.026200295211014,3.6305305565406467,3.630530577336676,-1.8303064531539333,-1.8303064531539333,-1.8303064531539333,0.6653483327922922,0.6653483327922922,0.6653483327922922,5.2449334393799205,5.2449334393799205,5.2449334393799205,1.175184,1.175184,1.175184,-0.5739696746841654,-0.5739696746841654,-0.5739696746841654,-0.0973066046564462,-0.0973066046564462,-0.0973066046564462,0.9083598735971011,0.9083598735971011,0.9083598735971011,-4.8087176044182725,-4.8087176044182725,-4.8087176044182725,0.009067674567464297,0.009067674567464297,0.009067674567464297,-0.01766520644715793,-0.01766520644715793,-0.01766520644715793,0.0817992139236152,0.0817992139236152,0.0817992139236152,0.0,0.0,0.0,4.295878900374265
,,2024-10-07,25995.737299270073,25548.912408759126,4825.678832116789,27488.218978102188,1.0145985401459854,,270.5839416058394,0,2024-10-07,3.6307254058575382,1.410479047071713,8.616817889520439,3.6307253945423765,3.630725416101687,-1.0026450640314075,-1.0026450640314075,-1.0026450640314075,1.4356268142350255,1.4356268142350255,1.4356268142350255,3.587834670341593,3.587834670341593,3.587834670341593,1.175184,1.175184,1.175184,0.1277139697638832,0.1277139697638832,0.1277139697638832,-0.04882933595863956,-0.04882933595863956,-0.04882933595863956,0.717914825241322,0.717914825241322,0.717914825241322,-3.133885409090362,-3.133885409090362,-3.133885409090362,0.0073242832613775125,0.0073242832613775125,0.0073242832613775125,0.12910912049119333,0.12910912049119333,0.12910912049119333,0.0036197239799490855,0.0036197239799490855,0.0036197239799490855,0.0,0.0,0.0,5.066352220092564
,,2024-10-08,22064.817550364965,25087.4598540146,4134.671532846715,23672.773722627735,1.1240875912408759,,41.48175182481752,1,2024-10-08,3.6309202441331037,-0.08531891370222039,7.43223806902842,3.6309202325509324,3.630920254977516,-1.244940158343311,-1.244940158343311,-1.244940158343311,0.16870237158216939,0.16870237158216939,0.16870237158216939,3.6709287083752606,3.6709287083752606,3.6709287083752606,1.175184,1.175184,1.175184,-0.6468887434010919,-0.6468887434010919,-0.6468887434010919,-0.11454082209422338,-0.11454082209422338,-0.11454082209422338,0.8303607295085846,0.8303607295085846,0.8303607295085846,-3.7951259063830505,-3.7951259063830505,-3.7951259063830505,0.006428705535647999,0.006428705535647999,0.006428705535647999,-0.2819208878283686,-0.2819208878283686,-0.2819208878283686,-0.07767199718836992,-0.07767199718836992,-0.07767199718836992,0.0,0.0,0.0,3.799622615715273
,,2024-10-09,25390.45693430657,25341.167883211678,4277.036496350365,27756.328467153286,3.664233576642336,,267.5255474452555,2,2024-10-09,3.6311150824086686,0.5701588778430764,7.891486019974355,3.631115070570147,3.631115093932019,-1.1950212467843961,-1.1950212467843961,-1.1950212467843961,0.6015970677729657,0.6015970677729657,0.6015970677729657,3.6252433515367435,3.6252433515367435,3.6252433515367435,1.175184,1.175184,1.175184,-0.15952261051765967,-0.15952261051765967,-0.15952261051765967,-0.04970654985900625,-0.04970654985900625,-0.04970654985900625,0.7100133060422907,0.7100133060422907,0.7100133060422907,-3.2357027737520148,-3.2357027737520148,-3.2357027737520148,-0.01434869770127672,-0.01434869770127672,-0.01434869770127672,-0.25349659556905746,-0.25349659556905746,-0.25349659556905746,-0.16056772614031675,-0.16056772614031675,-0.16056772614031675,0.0,0.0,0.0,4.2327121501816345
,,2024-10-10,24358.33576642336,23850.569343065697,4596.846715328466,29591.240875912405,1.1240875912408759,,30.182481751824813,3,2024-10-10,3.6313099206842336,1.0560203300220719,8.219317458788161,3.6313099085867306,3.631309932818206,-1.082882855118979,-1.082882855118979,-1.082882855118979,0.9736936776749489,0.9736936776749489,0.9736936776749489,3.8936563238224675,3.8936563238224675,3.8936563238224675,1.175184,1.175184,1.175184,-0.05396461704779279,-0.05396461704779279,-0.05396461704779279,-0.11778169827027983,-0.11778169827027983,-0.11778169827027983,0.655936161374025,0.655936161374025,0.655936161374025,-3.409321254390674,-3.409321254390674,-3.409321254390674,0.006428705535647999,0.006428705535647999,0.006428705535647999,0.09599456400016237,0.09599456400016237,0.09599456400016237,-0.24352026927742093,-0.24352026927742093,-0.24352026927742093,0.0,0.0,0.0,4.605003598359183
,,2024-10-11,17290.30683211679,17436.671532846718,2815.6791240875914,23346.63503649635,1.0364963503649636,,374.014598540146,4,2024-10-11,3.6315047589597986,0.629113167422826,8.093969489520113,3.6315047466085755,3.6315047716963993,-1.707432219446807,-1.707432219446807,-1.707432219446807,0.6640774816386197,0.6640774816386197,0.6640774816386197,5.048610745694619,5.048610745694619,5.048610745694619,1.175184,1.175184,1.175184,-0.42913827811881716,-0.42913827811881716,-0.42913827811881716,-0.019163176130009136,-0.019163176130009136,-0.019163176130009136,0.8399724411236211,0.8399724411236211,0.8399724411236211,-4.598271237076473,-4.598271237076473,-4.598271237076473,0.00714516771623161,0.00714516771623161,0.00714516771623161,0.24300633057961632,0.24300633057961632,0.24300633057961632,-0.3249745708221799,-0.3249745708221799,-0.3249745708221799,0.0,0.0,0.0,4.295582240598418
,,2024-10-12,18438.437956204383,18583.318248175183,3090.547445255475,22580.796350364966,1.0116788321167882,,26.047445255474454,5,2024-10-12,3.631699597235364,0.3448496204430538,7.645719898818042,3.631699584343786,3.6316996104302732,-1.611052274009071,-1.611052274009071,-1.611052274009071,0.4336238036014383,0.4336238036014383,0.4336238036014383,4.842133384598563,4.842133384598563,4.842133384598563,1.175184,1.175184,1.175184,-0.42313390063962986,-0.42313390063962986,-0.42313390063962986,-0.11896771658664675,-0.11896771658664675,-0.11896771658664675,0.8625426571321818,0.8625426571321818,0.8625426571321818,-4.405138117108721,-4.405138117108721,-4.405138117108721,0.007348165334063634,0.007348165334063634,0.007348165334063634,0.08497267477319671,0.08497267477319671,0.08497267477319671,-0.40339897053212836,-0.40339897053212836,-0.40339897053212836,0.0,0.0,0.0,4.065323400836802
,,2024-10-13,13537.524087591242,13552.659854014599,2161.235036496351,21403.826277372264,0.9131386861313868,,316.3532846715329,6,2024-10-13,3.6318944355109295,-0.1916227415832038,7.589128519464104,3.631894422316931,3.6318944493263428,-1.9369067736118448,-1.9369067736118448,-1.9369067736118448,0.1314386804805201,0.1314386804805201,0.1314386804805201,5.748007055988668,5.748007055988668,5.748007055988668,1.175184,1.175184,1.175184,-0.5487641816090919,-0.5487641816090919,-0.5487641816090919,-0.0357016938563499,-0.0357016938563499,-0.0357016938563499,0.8972294250692343,0.8972294250692343,0.8972294250692343,-5.2295463804860205,-5.2295463804860205,-5.2295463804860205,0.008154185287220195,0.008154185287220195,0.008154185287220195,-0.017665206447113307,-0.017665206447113307,-0.017665206447113307,-0.47731593146327445,-0.47731593146327445,-0.47731593146327445,0.0,0.0,0.0,3.7633331159914496
,,2024-10-14,20779.328467153286,20800.16788321168,2807.459854014599,27116.1897810219,1.0802919708029197,,48.510948905109494,0,2024-10-14,3.632089273786495,0.19903815384020096,7.347992323700194,3.632089260191294,3.6320892881024225,-1.7103142278128753,-1.7103142278128753,-1.7103142278128753,0.10336776764903849,0.10336776764903849,0.10336776764903849,4.442943942488688,4.442943942488688,4.442943942488688,1.175184,1.175184,1.175184,-0.6555937817065669,-0.6555937817065669,-0.6555937817065669,-0.11252469563586266,-0.11252469563586266,-0.11252469563586266,0.7288789871355317,0.7288789871355317,0.7288789871355317,-4.011364724507988,-4.011364724507988,-4.011364724507988,0.006786936625939804,0.006786936625939804,0.006786936625939804,0.12910912049109224,0.12910912049109224,0.12910912049109224,-0.5453315711354867,-0.5453315711354867,-0.5453315711354867,0.0,0.0,0.0,3.7354570414355335
,,2024-10-15,24676.58686131387,25451.737226277375,5162.800072992701,31238.102189781024,0.7956204379562044,,126.2262773722628,1,2024-10-15,3.6322841120620595,0.27424496673425663,7.404207619731278,3.6322840981515156,3.632284126876845,-0.8844367282600514,-0.8844367282600514,-0.8844367282600514,0.1784918146038069,0.1784918146038069,0.1784918146038069,3.605333063678125,3.605333063678125,3.605333063678125,1.175184,1.175184,1.175184,-0.10860794004250501,-0.10860794004250501,-0.10860794004250501,-0.09023425077379998,-0.09023425077379998,-0.09023425077379998,0.6074011157263312,0.6074011157263312,0.6074011157263312,-3.355786579125946,-3.355786579125946,-3.355786579125946,0.00911543871283654,0.00911543871283654,0.00911543871283654,-0.2819208878272903,-0.2819208878272903,-0.2819208878272903,-0.6061633575263975,-0.6061633575263975,-0.6061633575263975,0.0,0.0,0.0,3.8107759266658663
,,2024-10-16,19213.38686131387,20057.912408759126,3090.944087591241,23379.77372262774,1.1240875912408759,,267.7226277372263,2,2024-10-16,3.6324789503376254,-0.2457352284623124,6.933049645510929,3.632478936142792,3.632478966527724,-1.6109131951711864,-1.6109131951711864,-1.6109131951711864,-0.2502942715176767,-0.2502942715176767,-0.2502942715176767,4.576602330530346,4.576602330530346,4.576602330530346,1.175184,1.175184,1.175184,-0.5133163021820608,-0.5133163021820608,-0.5133163021820608,-0.04965002294895875,-0.04965002294895875,-0.04965002294895875,0.8389958029388835,0.8389958029388835,0.8389958029388835,-4.274779923066793,-4.274779923066793,-4.274779923066793,0.006428705535647999,0.006428705535647999,0.006428705535647999,-0.2534965955689651,-0.2534965955689651,-0.2534965955689651,-0.6586653737666505,-0.6586653737666505,-0.6586653737666505,0.0,0.0,0.0,3.3821846788199488
,,2024-10-17,21564.000000000004,22387.562043795624,3735.1970802919714,24909.291970802922,0.7810218978102189,,274.94890510948903,3,2024-10-17,3.6326737886131903,0.12032224419675125,7.524053533723161,3.632673773748581,3.632673805602932,-1.3850120508677315,-1.3850120508677315,-1.3850120508677315,0.2176222726619661,0.2176222726619661,0.2176222726619661,4.157100924831088,4.157100924831088,4.157100924831088,1.175184,1.175184,1.175184,-0.35170568013823716,-0.35170568013823716,-0.35170568013823716,-0.04757736958055056,-0.04757736958055056,-0.04757736958055056,0.7939190029867502,0.7939190029867502,0.7939190029867502,-3.879371036584061,-3.879371036584061,-3.879371036584061,0.009234849076267145,0.009234849076267145,0.009234849076267145,0.09599456400011265,0.09599456400011265,0.09599456400011265,-0.7018506111999099,-0.7018506111999099,-0.7018506111999099,0.0,0.0,0.0,3.8502960612751567
,,2024-10-18,23985.781386861316,23767.58394160584,4016.7010189781026,30399.642335766424,1.1240875912408759,,100.48175182481754,4,2024-10-18,3.6328686268887553,-0.014268875037646945,7.664792382648997,3.632868610952809,3.632868644642144,-1.286305389671566,-1.286305389671566,-1.286305389671566,0.3745060422854716,0.3745060422854716,0.3745060422854716,3.908599554787918,3.908599554787918,3.908599554787918,1.175184,1.175184,1.175184,-0.30877446999169744,-0.30877446999169744,-0.30877446999169744,-0.09761834009741183,-0.09761834009741183,-0.09761834009741183,0.6321115676299963,0.6321115676299963,0.6321115676299963,-3.471990568176282,-3.471990568176282,-3.471990568176282,0.006428705535647999,0.006428705535647999,0.006428705535647999,0.2430063305789879,0.2430063305789879,0.2430063305789879,-0.7349098183018192,-0.7349098183018192,-0.7349098183018192,0.0,0.0,0.0,4.007374669174227
,,2024-10-19,16571.74598540146,17368.370802919708,2363.662773722628,20192.518248175184,1.6686131386861316,,223.6270072992701,5,2024-10-19,3.6330634651643208,-0.2339299826644012,7.063092122101031,3.6330634488381244,3.6330634835546682,-1.8659274254423022,-1.8659274254423022,-1.8659274254423022,-0.14862639566215047,-0.14862639566215047,-0.14862639566215047,5.060909699058144,5.060909699058144,5.060909699058144,1.175184,1.175184,1.175184,-0.6515565592152077,-0.6515565592152077,-0.6515565592152077,-0.06229760503369687,-0.06229760503369687,-0.06229760503369687,0.9329281751676219,0.9329281751676219,0.9329281751676219,-4.719144101944662,-4.719144101944662,-4.719144101944662,0.001974698979686549,0.001974698979686549,0.001974698979686549,0.0849726747734945,0.0849726747734945,0.0849726747734945,-0.7572265112204372,-0.7572265112204372,-0.7572265112204372,0.0,0.0,0.0,3.4844370695021705
,,2024-10-20,16399.024764963502,16239.021897810222,2743.5153284671533,20958.378832116792,0.8802919708029198,,240.21459854014603,6,2024-10-20,3.633258303439886,-0.07388446985489552,7.275220771411442,3.6332582867975147,3.6332583222161268,-1.7327357635399427,-1.7327357635399427,-1.7327357635399427,0.03370923492327221,0.03370923492327221,0.03370923492327221,5.264272233103279,5.264272233103279,5.264272233103279,1.175184,1.175184,1.175184,-0.35542172005248257,-0.35542172005248257,-0.35542172005248257,-0.057539923438032596,-0.057539923438032596,-0.057539923438032596,0.9103573138034325,0.9103573138034325,0.9103573138034325,-4.748198438586158,-4.748198438586158,-4.748198438586158,0.008422858604939049,0.008422858604939049,0.008422858604939049,-0.01766520644754595,-0.01766520644754595,-0.01766520644754595,-0.7683878385766989,-0.7683878385766989,-0.7683878385766989,0.0,0.0,0.0,3.6669675383631586
,,2024-10-21,23601.22627737226,23449.9197080292,3910.1605839416065,28278.4598540146,0.9051094890510948,,130.7372262773723,0,2024-10-21,3.633453141715451,0.2412735100765293,7.325702829660184,3.6334531247569046,3.6334531608966962,-1.3236627732802009,-1.3236627732802009,-1.3236627732802009,0.25546711175723186,0.25546711175723186,0.25546711175723186,3.9658015436714056,3.9658015436714056,3.9658015436714056,1.175184,1.175184,1.175184,-0.2806349220859223,-0.2806349220859223,-0.2806349220859223,-0.08894041261049065,-0.08894041261049065,-0.08894041261049065,0.6946254464320131,0.6946254464320131,0.6946254464320131,-3.5366785872857562,-3.5366785872857562,-3.5366785872857562,0.008219860987107027,0.008219860987107027,0.008219860987107027,0.1291091204909774,0.1291091204909774,0.1291091204909774,-0.768191086647823,-0.768191086647823,-0.768191086647823,0.0,0.0,0.0,3.888920253472683
,,2024-10-22,22348.569372262777,22888.109489051098,4456.175182481753,32325.131386861318,0.8175182481751825,,131.3941605839416,1,2024-10-22,3.633647979991016,-0.46826090632833844,7.280348969410035,3.6336479625555227,3.6336479995536513,-1.1322079814296535,-1.1322079814296535,-1.1322079814296535,-0.1804687148559802,-0.1804687148559802,-0.1804687148559802,4.066967046437588,4.066967046437588,4.066967046437588,1.175184,1.175184,1.175184,-0.31708611806279086,-0.31708611806279086,-0.31708611806279086,-0.08875198957699898,-0.08875198957699898,-0.08875198957699898,0.5753650169629616,0.5753650169629616,0.5753650169629616,-3.7473945336243784,-3.7473945336243784,-3.7473945336243784,0.008936323167690635,0.008936323167690635,0.008936323167690635,-0.28192088782747116,-0.28192088782747116,-0.28192088782747116,-0.756645708965718,-0.756645708965718,-0.756645708965718,0.0,0.0,0.0,3.453179265135036
,,2024-10-23,21820.810248175185,21627.94890510949,4105.357700729927,26280.02189781022,1.0145985401459854,,146.7080291970803,2,2024-10-23,3.633842818266582,0.028871327508590013,7.411228949542621,3.633842800463144,3.6338428382063492,-1.2552187729467792,-1.2552187729467792,-1.2552187729467792,0.06669757431882539,0.06669757431882539,0.06669757431882539,4.2938849178719405,4.2938849178719405,4.2938849178719405,1.175184,1.175184,1.175184,-0.1210189656537364,-0.1210189656537364,-0.1210189656537364,-0.08435963930738244,-0.08435963930738244,-0.08435963930738244,0.7535218918167281,0.7535218918167281,0.7535218918167281,-3.8361716463496216,-3.8361716463496216,-3.8361716463496216,0.0073242832613775125,0.0073242832613775125,0.0073242832613775125,-0.2534965955685089,-0.2534965955685089,-0.2534965955685089,-0.7339708644589297,-0.7339708644589297,-0.7339708644589297,0.0,0.0,0.0,3.7005403925854075
,,2024-10-24,14850.175576642338,16162.07299270073,2963.1824817518245,18755.12408759124,0.759124087591241,,383.44525547445255,3,2024-10-24,3.6340376565421466,-0.10670857694331165,7.406052687580871,3.634037637777529,3.6340376768659723,-1.6557115791665522,-1.6557115791665522,-1.6557115791665522,0.15251414243093536,0.15251414243093536,0.15251414243093536,5.27812846855387,5.27812846855387,5.27812846855387,1.175184,1.175184,1.175184,-0.41807587332175,-0.41807587332175,-0.41807587332175,-0.01645825880477339,-0.01645825880477339,-0.01645825880477339,0.9752899639898931,0.9752899639898931,0.9752899639898931,-5.0087384325156,-5.0087384325156,-5.0087384325156,0.009413964621413043,0.009413964621413043,0.009413964621413043,0.09599456400050883,0.09599456400050883,0.09599456400050883,-0.7005885482478239,-0.7005885482478239,-0.7005885482478239,0.0,0.0,0.0,3.786551798973082
,,2024-10-25,17671.97080291971,16546.87591240876,3548.905109489051,31252.978102189787,1.218978102189781,,241.42335766423358,4,2024-10-25,3.634232494817712,0.28833776400902833,7.972209741364557,3.6342324754688633,3.6342325155143667,-1.450333547012452,-1.450333547012452,-1.450333547012452,0.5409335287792352,0.5409335287792352,0.5409335287792352,5.208836776229429,5.208836776229429,5.208836776229429,1.175184,1.175184,1.175184,-0.22014430500298043,-0.22014430500298043,-0.22014430500298043,-0.05719322505640796,-0.05719322505640796,-0.05719322505640796,0.6069627041359136,0.6069627041359136,0.6069627041359136,-4.534069551472812,-4.534069551472812,-4.534069551472812,0.005652538173349087,0.005652538173349087,0.005652538173349087,0.24300633057923895,0.24300633057923895,0.24300633057923895,-0.6571124967970237,-0.6571124967970237,-0.6571124967970237,0.0,0.0,0.0,4.175166023596947
,,2024-10-26,15210.867159854017,15064.180291970803,2998.2087591240875,15640.968613138688,0.8802919708029198,,242.58613138686133,5,2024-10-26,3.6344273330932775,0.5049607049109208,7.749993805549392,3.6344273130997284,3.6344273541679386,-1.6434299503208485,-1.6434299503208485,-1.6434299503208485,0.5587867567047016,0.5587867567047016,0.5587867567047016,5.475826665027926,5.475826665027926,5.475826665027926,1.175184,1.175184,1.175184,-0.09703677595607874,-0.09703677595607874,-0.09703677595607874,-0.05685971628712774,-0.05685971628712774,-0.05685971628712774,1.067067988547113,1.067067988547113,1.067067988547113,-4.948064621528081,-4.948064621528081,-4.948064621528081,0.008422858604939049,0.008422858604939049,0.008422858604939049,0.08497267477309917,0.08497267477309917,0.08497267477309917,-0.6043331421123194,-0.6043331421123194,-0.6043331421123194,0.0,0.0,0.0,4.193214089797979
,,2024-10-27,20042.925477372268,19483.331386861315,3409.3445255474458,22969.780291970805,1.0116788321167882,,258.11605839416063,6,2024-10-27,3.634622171368842,0.3442479855517719,7.5383605230838295,3.6346221510152668,3.6346221928215106,-1.4992691297249285,-1.4992691297249285,-1.4992691297249285,0.4659008455008578,0.4659008455008578,0.4659008455008578,4.680067479430502,4.680067479430502,4.680067479430502,1.175184,1.175184,1.175184,-0.14841897209634125,-0.14841897209634125,-0.14841897209634125,-0.052405395775385034,-0.052405395775385034,-0.052405395775385034,0.8510788178865383,0.8510788178865383,0.8510788178865383,-4.135238909247132,-4.135238909247132,-4.135238909247132,0.007348165334063634,0.007348165334063634,0.007348165334063634,-0.01766520644750134,-0.01766520644750134,-0.01766520644750134,-0.5431989759552994,-0.5431989759552994,-0.5431989759552994,0.0,0.0,0.0,4.1005230168697
,,2024-10-28,20988.55474452555,21428.24817518248,3672.467153284672,22661.430656934306,0.8686131386861314,,160.07299270072994,0,2024-10-28,3.634817009644408,0.5240100846415852,7.759785846758596,3.634816988955183,3.634817031745392,-1.407007699244337,-1.407007699244337,-1.407007699244337,0.5643244981460579,0.5643244981460579,0.5643244981460579,4.3298451479699045,4.3298451479699045,4.3298451479699045,1.175184,1.175184,1.175184,-0.2651738596388176,-0.2651738596388176,-0.2651738596388176,-0.0805262773704578,-0.0805262773704578,-0.0805262773704578,0.8601662641006886,0.8601662641006886,0.8601662641006886,-3.9761696819902994,-3.9761696819902994,-3.9761696819902994,0.00851838689568353,0.00851838689568353,0.00851838689568353,0.1291091204908763,0.1291091204908763,0.1291091204908763,-0.4747947627060005,-0.4747947627060005,-0.4747947627060005,0.0,0.0,0.0,4.199141507790466
,,2024-10-29,20237.868321167887,20442.379562043796,3366.4376642335765,23344.510948905114,0.9051094890510948,,43.35766423357664,1,2024-10-29,3.635011847919973,0.09923707950619125,7.481907124105668,3.6350118267996145,3.6350118704352976,-1.514314009887053,-1.514314009887053,-1.514314009887053,0.11780866977860022,0.11780866977860022,0.11780866977860022,4.5073710998669485,4.5073710998669485,4.5073710998669485,1.175184,1.175184,1.175184,-0.37513733559826085,-0.37513733559826085,-0.37513733559826085,-0.11400276965414163,-0.11400276965414163,-0.11400276965414163,0.8400350406196033,0.8400350406196033,0.8400350406196033,-4.102446557530725,-4.102446557530725,-4.102446557530725,0.008219860987107027,0.008219860987107027,0.008219860987107027,-0.28192088782765223,-0.28192088782765223,-0.28192088782765223,-0.4003171067954865,-0.4003171067954865,-0.4003171067954865,0.0,0.0,0.0,3.752820517698573
,,2024-10-30,20377.45503649635,21129.934306569343,3128.919708029197,23180.07299270073,1.5620437956204378,,150.17518248175182,2,2024-10-30,3.635206686195538,0.377220686095751,7.378394257511181,3.635206664722212,3.635206709102924,-1.5975974074142592,-1.5975974074142592,-1.5975974074142592,0.07200125865000755,0.07200125865000755,0.07200125865000755,4.38356270503974,4.38356270503974,4.38356270503974,1.175184,1.175184,1.175184,-0.5286382096733185,-0.5286382096733185,-0.5286382096733185,-0.0833651844083987,-0.0833651844083987,-0.0833651844083987,0.8448812311539144,0.8448812311539144,0.8448812311539144,-4.078965948677045,-4.078965948677045,-4.078965948677045,0.002846394632729945,0.002846394632729945,0.002846394632729945,-0.2534965955687802,-0.2534965955687802,-0.2534965955687802,-0.3210479361078939,-0.3210479361078939,-0.3210479361078939,0.0,0.0,0.0,3.7072079448455453
,,2024-10-31,17202.335795620438,16720.48175182482,3065.4014598540152,18975.401459854016,1.4525547445255473,,35.087591240875916,3,2024-10-31,3.6354015244711033,0.851673925707263,7.936955244902816,3.6354015024058683,3.6354015475753694,-1.619869473061597,-1.619869473061597,-1.619869473061597,0.8336540335232021,0.8336540335232021,0.8336540335232021,5.177575468701743,5.177575468701743,5.177575468701743,1.175184,1.175184,1.175184,-0.1991980252800396,-0.1991980252800396,-0.1991980252800396,-0.11637480628687547,-0.11637480628687547,-0.11637480628687547,0.9687981166024444,0.9687981166024444,0.9687981166024444,-4.613069303594214,-4.613069303594214,-4.613069303594214,0.003741972358459459,0.003741972358459459,0.003741972358459459,0.09599456399928206,0.09599456399928206,0.09599456399928206,-0.2383265051960407,-0.2383265051960407,-0.2383265051960407,0.0,0.0,0.0,4.469055557994306
