Detail,Value,ds,amount_paid,Number_of_Months,reading_fee_paid,payable_amount,id,Transaction_Year,day_of_week,ds,trend,yhat_lower,yhat_upper,trend_lower,trend_upper,Number_of_Months,Number_of_Months_lower,Number_of_Months_upper,Transaction_Year,Transaction_Year_lower,Transaction_Year_upper,additive_terms,additive_terms_lower,additive_terms_upper,amount_paid,amount_paid_lower,amount_paid_upper,daily,daily_lower,daily_upper,extra_regressors_additive,extra_regressors_additive_lower,extra_regressors_additive_upper,id,id_lower,id_upper,payable_amount,payable_amount_lower,payable_amount_upper,reading_fee_paid,reading_fee_paid_lower,reading_fee_paid_upper,weekly,weekly_lower,weekly_upper,yearly,yearly_lower,yearly_upper,multiplicative_terms,multiplicative_terms_lower,multiplicative_terms_upper,yhat
Forecasting Period,2024-08-15 00:00:00 to 2024-10-31 00:00:00,2024-08-15,22596.861313868612,1.686131386861314,21428.14598540146,26978.160583941608,23357796.386861313,1136.3868613138686,3,2024-08-15,18292.103293525837,304322.51688710245,309746.3135939591,18292.103293525837,18292.103293525837,-588.4525798804085,-588.4525798804085,-588.4525798804085,125114.48266584412,125114.48266584412,125114.48266584412,288683.48665658396,288683.48665658396,288683.48665658396,2456.108523508278,2456.108523508278,2456.108523508278,-10119.283398,-10119.283398,-10119.283398,298937.1303676713,298937.1303676713,298937.1303676713,178442.14012221567,178442.14012221567,178442.14012221567,719.7748581563006,719.7748581563006,719.7748581563006,-7206.923222172649,-7206.923222172649,-7206.923222172649,-154.0912985100028,-154.0912985100028,-154.0912985100028,19.730985422633978,19.730985422633978,19.730985422633978,0.0,0.0,0.0,306975.5899501098
Regressors,"amount_paid, Number_of_Months, reading_fee_paid, payable_amount, id, Transaction_Year",2024-08-16,22908.350364963506,3.0,21886.515328467154,25154.71532846716,23357808.211678833,1136.3868613138686,4,2024-08-16,18291.739489118772,304807.0052518976,310476.17033911205,18291.739489118772,18291.739489118772,-324.87786608002955,-324.87786608002955,-324.87786608002955,125114.48266584412,125114.48266584412,125114.48266584412,289380.26204925345,289380.26204925345,289380.26204925345,2422.666088755936,2422.666088755936,2422.666088755936,-10119.283398,-10119.283398,-10119.283398,299362.3229393724,299362.3229393724,299362.3229393724,178442.02417619113,178442.02417619113,178442.02417619113,772.5482875187672,772.5482875187672,772.5482875187672,-7064.5204128575,-7064.5204128575,-7064.5204128575,145.81436054224764,145.81436054224764,145.81436054224764,-8.591852661171522,-8.591852661171522,-8.591852661171522,0.0,0.0,0.0,307672.00153837225
Number of Days in future_df,78,2024-08-17,17067.777372262775,2.227007299270073,16678.45839416059,23838.45766423358,21022036.39051095,1022.7481751824818,5,2024-08-17,18291.375684711704,342797.39547473507,348297.79595365905,18291.375684711704,18291.375684711704,-479.94765603258594,-479.94765603258594,-479.94765603258594,141172.61314491933,141172.61314491933,141172.61314491933,327315.34539821715,327315.34539821715,327315.34539821715,3049.7281974821267,3049.7281974821267,3049.7281974821267,-10119.283398,-10119.283398,-10119.283398,337215.51095422806,337215.51095422806,337215.51095422806,201344.99553083608,201344.99553083608,201344.99553083608,810.6428947781236,810.6428947781236,810.6428947781236,-8682.521157755058,-8682.521157755058,-8682.521157755058,253.71529342697247,253.71529342697247,253.71529342697247,-34.597451437858744,-34.597451437858744,-34.597451437858744,0.0,0.0,0.0,345606.7210829288
Weekend Adjustment Factor,0.9,2024-08-18,14506.784671532849,1.9116788321167881,13868.549343065693,13899.192700729927,21022045.351094894,1022.7481751824818,6,2024-08-18,18291.01188030464,342297.33392159274,347703.680023147,18291.01188030464,18291.01188030464,-543.2055873446769,-543.2055873446769,-543.2055873446769,141172.61314491933,141172.61314491933,141172.61314491933,326732.2392172081,326732.2392172081,326732.2392172081,3324.6843508182924,3324.6843508182924,3324.6843508182924,-10119.283398,-10119.283398,-10119.283398,336841.81774443266,336841.81774443266,336841.81774443266,201344.90766951523,201344.90766951523,201344.90766951523,1098.3011592045048,1098.3011592045048,1098.3011592045048,-9555.482992680021,-9555.482992680021,-9555.482992680021,67.49509607490245,67.49509607490245,67.49509607490245,-57.79022529947032,-57.79022529947032,-57.79022529947032,0.0,0.0,0.0,345023.2510975128
,,2024-08-19,21626.985401459857,3.35036496350365,21092.467153284673,23045.036496350367,23357836.94890511,1136.3868613138686,0,2024-08-19,18290.648075897567,304608.47426945344,309836.4318908238,18290.648075897567,18290.648075897567,-254.5912757332617,-254.5912757332617,-254.5912757332617,125114.48266584412,125114.48266584412,125114.48266584412,288880.819411466,288880.819411466,288880.819411466,2560.2374224361465,2560.2374224361465,2560.2374224361465,-10119.283398,-10119.283398,-10119.283398,299384.26753902226,299384.26753902226,299384.26753902226,178441.74239872282,178441.74239872282,178441.74239872282,833.6057755294165,833.6057755294165,833.6057755294165,-7311.209447776981,-7311.209447776981,-7311.209447776981,-306.3887284005981,-306.3887284005981,-306.3887284005981,-77.77600115564425,-77.77600115564425,-77.77600115564425,0.0,0.0,0.0,307171.4674873636
,,2024-08-20,30185.35766423358,2.6715328467153285,29817.05109781022,36799.29197080292,23357846.635036495,1136.3868613138686,1,2024-08-20,18290.284271490502,305905.7735845096,311235.6544170423,18290.284271490502,18290.284271490502,-390.7715445301243,-390.7715445301243,-390.7715445301243,125114.48266584412,125114.48266584412,125114.48266584412,290363.2873992318,290363.2873992318,290363.2873992318,1641.383918667665,1641.383918667665,1641.383918667665,-10119.283398,-10119.283398,-10119.283398,300641.55802381714,300641.55802381714,300641.55802381714,178441.64742318302,178441.64742318302,178441.64742318302,435.5355688505341,435.5355688505341,435.5355688505341,-4600.720008198078,-4600.720008198078,-4600.720008198078,-64.71583002082029,-64.71583002082029,-64.71583002082029,-94.27139656449127,-94.27139656449127,-94.27139656449127,0.0,0.0,0.0,308653.57167072233
,,2024-08-21,21984.92700729927,1.686131386861314,20578.394124087594,36932.401459854016,23357860.467153285,1136.3868613138686,2,2024-08-21,18289.920467083433,303843.7892756217,309343.5438637195,18289.920467083433,18289.920467083433,-588.4525798804085,-588.4525798804085,-588.4525798804085,125114.48266584412,125114.48266584412,125114.48266584412,288281.8928737805,288281.8928737805,288281.8928737805,2521.8076967159113,2521.8076967159113,2521.8076967159113,-10119.283398,-10119.283398,-10119.283398,298450.1148766929,298450.1148766929,298450.1148766929,178441.51179496292,178441.51179496292,178441.51179496292,431.68316681278594,431.68316681278594,431.68316681278594,-7470.917867762479,-7470.917867762479,-7470.917867762479,58.171106887427555,58.171106887427555,58.171106887427555,-107.10971179980925,-107.10971179980925,-107.10971179980925,0.0,0.0,0.0,306571.81334086397
,,2024-08-22,26438.788321167885,1.9489051094890513,27047.56204379562,27270.985401459857,23357872.408759125,1136.3868613138686,3,2024-08-22,18289.55666267637,305504.2764004644,310998.90697451634,18289.55666267637,18289.55666267637,-535.7376371203327,-535.7376371203327,-535.7376371203327,125114.48266584412,125114.48266584412,125114.48266584412,289924.32468828274,289924.32468828274,289924.32468828274,2043.6272731617798,2043.6272731617798,2043.6272731617798,-10119.283398,-10119.283398,-10119.283398,300313.9425877809,300313.9425877809,300313.9425877809,178441.39470379247,178441.39470379247,178441.39470379247,711.3000384289294,711.3000384289294,711.3000384289294,-5461.124456326082,-5461.124456326082,-5461.124456326082,-154.0912985099488,-154.0912985099488,-154.0912985099488,-116.24320298821664,-116.24320298821664,-116.24320298821664,0.0,0.0,0.0,308213.8813509591
,,2024-08-23,23012.116788321167,1.686131386861314,20592.175182481755,22189.525547445253,23357885.357664235,1136.3868613138686,4,2024-08-23,18289.1928582693,304406.52501694835,309747.19445390615,18289.1928582693,18289.1928582693,-588.4525798804085,-588.4525798804085,-588.4525798804085,125114.48266584412,125114.48266584412,125114.48266584412,288675.34163661074,288675.34163661074,288675.34163661074,2411.52540233237,2411.52540233237,2411.52540233237,-10119.283398,-10119.283398,-10119.283398,298770.5523880241,298770.5523880241,298770.5523880241,178441.26773573842,178441.26773573842,178441.26773573842,858.365634096771,858.365634096771,858.365634096771,-7466.636470107175,-7466.636470107175,-7466.636470107175,145.81436054254078,145.81436054254078,145.81436054254078,-121.74171395586681,-121.74171395586681,-121.74171395586681,0.0,0.0,0.0,306964.53449488006
,,2024-08-24,12436.535036496352,3.1335766423357665,13400.90802919708,16720.265693430658,21022106.62992701,1022.7481751824818,5,2024-08-24,18288.82905386223,342583.2525236661,348130.3991935998,18288.82905386223,18288.82905386223,-298.08110351032434,-298.08110351032434,-298.08110351032434,141172.61314491933,141172.61314491933,141172.61314491933,327092.32422768406,327092.32422768406,327092.32422768406,3546.9528000540117,3546.9528000540117,3546.9528000540117,-10119.283398,-10119.283398,-10119.283398,337081.6800869176,337081.6800869176,337081.6800869176,201344.3068114503,201344.3068114503,201344.3068114503,1016.654783553969,1016.654783553969,1016.654783553969,-9700.766349549665,-9700.766349549665,-9700.766349549665,253.7152934270438,253.7152934270438,253.7152934270438,-123.78775466057087,-123.78775466057087,-123.78775466057087,0.0,0.0,0.0,345381.1532815463
,,2024-08-25,15189.582481751826,1.5503649635036498,14474.943091970805,19563.293430656937,21022113.51459854,1022.7481751824818,6,2024-08-25,18288.465249455166,342099.54510171426,347522.89931035537,18288.465249455166,18288.465249455166,-615.6886336397811,-615.6886336397811,-615.6886336397811,141172.61314491933,141172.61314491933,141172.61314491933,326545.3642953599,326545.3642953599,326545.3642953599,3251.3770511330345,3251.3770511330345,3251.3770511330345,-10119.283398,-10119.283398,-10119.283398,336719.82081800536,336719.82081800536,336719.82081800536,201344.23930509825,201344.23930509825,201344.23930509825,934.3730023951451,934.3730023951451,934.3730023951451,-9367.093051900634,-9367.093051900634,-9367.093051900634,67.49509607477052,67.49509607477052,67.49509607477052,-122.6682207202633,-122.6682207202633,-122.6682207202633,0.0,0.0,0.0,344833.82954481506
,,2024-08-26,18567.452554744526,1.686131386861314,17970.83182481752,20135.56204379562,23357912.686131388,1136.3868613138686,0,2024-08-26,18288.101445048098,303509.5838773785,308895.038474031,18288.101445048098,18288.101445048098,-588.4525798804085,-588.4525798804085,-588.4525798804085,125114.48266584412,125114.48266584412,125114.48266584412,287948.1076074964,287948.1076074964,287948.1076074964,2888.718398699268,2888.718398699268,2888.718398699268,-10119.283398,-10119.283398,-10119.283398,298492.54278229584,298492.54278229584,298492.54278229584,178440.99977159282,178440.99977159282,178440.99977159282,917.8106311689395,917.8106311689395,917.8106311689395,-8281.01610512891,-8281.01610512891,-8281.01610512891,-306.3887284009224,-306.3887284009224,-306.3887284009224,-118.76304839857748,-118.76304839857748,-118.76304839857748,0.0,0.0,0.0,306236.2090525445
,,2024-08-27,33619.25547445256,3.0437956204379564,33158.416058394156,45110.71532846716,23357923.226277374,1136.3868613138686,1,2024-08-27,18287.73764064103,306584.9537108174,312096.1448458552,18287.73764064103,18287.73764064103,-316.0920422866836,-316.0920422866836,-316.0920422866836,125114.48266584412,125114.48266584412,125114.48266584412,290847.8068644664,290847.8068644664,290847.8068644664,1272.709953849964,1272.709953849964,1272.709953849964,-10119.283398,-10119.283398,-10119.283398,301144.33728197013,301144.33728197013,301144.33728197013,178440.89642217342,178440.89642217342,178440.89642217342,194.98965053991188,194.98965053991188,194.98965053991188,-3562.6493681505826,-3562.6493681505826,-3562.6493681505826,-64.71583002185797,-64.71583002185797,-64.71583002185797,-112.53118948188688,-112.53118948188688,-112.53118948188688,0.0,0.0,0.0,309135.54450510745
,,2024-08-28,19220.788321167885,1.9489051094890513,18791.38686131387,21271.014598540147,23357937.70072993,1136.3868613138686,2,2024-08-28,18287.37383623396,304101.8951542204,309557.3489449452,18287.37383623396,18287.374332100506,-535.7376371203327,-535.7376371203327,-535.7376371203327,125114.48266584412,125114.48266584412,125114.48266584412,288531.3238007061,288531.3238007061,288531.3238007061,2818.5742358043485,2818.5742358043485,2818.5742358043485,-10119.283398,-10119.283398,-10119.283398,298696.93045996345,298696.93045996345,298696.93045996345,178440.7544956508,178440.7544956508,178440.7544956508,884.9488136768364,884.9488136768364,884.9488136768364,-8026.092113892378,-8026.092113892378,-8026.092113892378,58.171106887012485,58.171106887012485,58.171106887012485,-104.49436814438504,-104.49436814438504,-104.49436814438504,0.0,0.0,0.0,306818.69763694005
,,2024-08-29,24647.262773722632,3.131386861313869,24059.547744525553,30126.335766423363,23357948.70072993,1136.3868613138686,3,2024-08-29,18287.010031826896,304835.18299258384,310353.4632932077,18287.008826664554,18287.192972334695,-298.5203946999916,-298.5203946999916,-298.5203946999916,125114.48266584412,125114.48266584412,125114.48266584412,289363.229006729,289363.229006729,289363.229006729,2235.971036183291,2235.971036183291,2235.971036183291,-10119.283398,-10119.283398,-10119.283398,299731.8228480963,299731.8228480963,299731.8228480963,178440.6466372193,178440.6466372193,178440.6466372193,628.6616206655799,628.6616206655799,628.6616206655799,-6389.418717115924,-6389.418717115924,-6389.418717115924,-154.09129851004957,-154.09129851004957,-154.09129851004957,-95.2191448573102,-95.2191448573102,-95.2191448573102,0.0,0.0,0.0,307650.2390385559
,,2024-08-30,22754.51094890511,2.343065693430657,23098.569343065694,24285.029197080294,23357960.19708029,1136.3868613138686,4,2024-08-30,18286.646227419827,305160.46790365985,310584.29906320036,18286.538266856907,18287.062976169316,-456.6652229802191,-456.6652229802191,-456.6652229802191,125114.48266584412,125114.48266584412,125114.48266584412,289588.5172202363,289588.5172202363,289588.5172202363,2439.182767643323,2439.182767643323,2439.182767643323,-10119.283398,-10119.283398,-10119.283398,299647.2841165631,299647.2841165631,299647.2841165631,178440.5339119177,178440.5339119177,178440.5339119177,797.7183985952961,797.7183985952961,797.7183985952961,-6687.968404457148,-6687.968404457148,-6687.968404457148,145.81436054283398,145.81436054283398,145.81436054283398,-85.29785886961105,-85.29785886961105,-85.29785886961105,0.0,0.0,0.0,307875.16344765614
,,2024-08-31,19196.441605839416,1.754014598540146,19425.39004379562,19058.268613138687,21022173.860583942,1022.7481751824818,5,2024-08-31,18286.28242301276,343516.96162518003,349016.48463657376,18286.012936072915,18286.881510878724,-574.8345530007224,-574.8345530007224,-574.8345530007224,141172.61314491933,141172.61314491933,141172.61314491933,327941.5817593592,327941.5817593592,327941.5817593592,2821.1881749972163,2821.1881749972163,2821.1881749972163,-10119.283398,-10119.283398,-10119.283398,337882.47891338984,337882.47891338984,337882.47891338984,201343.64759388636,201343.64759388636,201343.64759388636,948.9892303589822,948.9892303589822,948.9892303589822,-7829.124677771313,-7829.124677771313,-7829.124677771313,253.7152934269708,253.7152934269708,253.7152934269708,-75.32904945760062,-75.32904945760062,-75.32904945760062,0.0,0.0,0.0,346227.864182372
,,2024-09-01,15655.62481751825,1.8131386861313867,15693.7401459854,16923.66569343066,21022308.998540144,1022.7481751824818,6,2024-09-01,18285.918618605694,342613.7254117118,348089.6186010111,18285.47385013795,18286.71394273139,-562.9736908797054,-562.9736908797054,-562.9736908797054,141172.61314491933,141172.61314491933,141172.61314491933,327057.9388999676,327057.9388999676,327057.9388999676,3201.34129433544,3201.34129433544,3201.34129433544,-10119.283398,-10119.283398,-10119.283398,337175.62516816077,337175.62516816077,337175.62516816077,201342.32252406926,201342.32252406926,201342.32252406926,1010.768061427215,1010.768061427215,1010.768061427215,-8988.446165710797,-8988.446165710797,-8988.446165710797,67.49509607437143,67.49509607437143,67.49509607437143,-65.89796626757679,-65.89796626757679,-65.89796626757679,0.0,0.0,0.0,345343.8575185733
,,2024-09-02,24842.70802919708,2.802919708029197,24802.238175182483,29369.912408759126,23358131.613138687,1136.3868613138686,0,2024-09-02,18285.554814198626,305173.0399774779,310309.98206392216,18284.906964097518,18286.852606348664,-364.4140731500864,-364.4140731500864,-364.4140731500864,125114.48266584412,125114.48266584412,125114.48266584412,289412.5478423003,289412.5478423003,289412.5478423003,2214.987424782234,2214.987424782234,2214.987424782234,-10119.283398,-10119.283398,-10119.283398,299895.7777391772,299895.7777391772,299895.7777391772,178438.8531239916,178438.8531239916,178438.8531239916,650.5537254677209,650.5537254677209,650.5537254677209,-6158.685127758341,-6158.685127758341,-6158.685127758341,-306.3887284012467,-306.3887284012467,-306.3887284012467,-57.55777047561874,-57.55777047561874,-57.55777047561874,0.0,0.0,0.0,307698.10265649896
,,2024-09-03,17762.43795620438,2.6715328467153285,17617.868613138686,21142.036496350367,23358144.489051096,1136.3868613138686,1,2024-09-03,18285.191009791557,303825.9165593414,309251.3117999433,18284.134261888423,18286.68552136645,-390.7715445301243,-390.7715445301243,-390.7715445301243,125114.48266584412,125114.48266584412,125114.48266584412,288400.78356922127,288400.78356922127,288400.78356922127,2975.1472734598137,2975.1472734598137,2975.1472734598137,-10119.283398,-10119.283398,-10119.283398,298635.59479879274,298635.59479879274,298635.59479879274,178438.72687165375,178438.72687165375,178438.72687165375,888.6816467546502,888.6816467546502,888.6816467546502,-8390.672114389461,-8390.672114389461,-8390.672114389461,-64.71583002175858,-64.71583002175858,-64.71583002175858,-50.8120015497555,-50.8120015497555,-50.8120015497555,0.0,0.0,0.0,306685.97457901284
,,2024-09-04,20789.21897810219,1.248175182481752,20376.944197080295,25136.532846715327,23358154.218978103,1136.3868613138686,2,2024-09-04,18284.82720538449,304202.31728212856,309501.1693392516,18283.286833154234,18286.771804789485,-676.3108178138682,-676.3108178138682,-676.3108178138682,125114.48266584412,125114.48266584412,125114.48266584412,288659.3464899607,288659.3464899607,288659.3464899607,2650.1826351245572,2650.1826351245572,2650.1826351245572,-10119.283398,-10119.283398,-10119.283398,298766.5576211367,298766.5576211367,298766.5576211367,178438.6314666842,178438.6314666842,178438.6314666842,773.0745176940268,773.0745176940268,773.0745176940268,-7533.5028463963135,-7533.5028463963135,-7533.5028463963135,58.171106887473776,58.171106887473776,58.171106887473776,-46.09884006350635,-46.09884006350635,-46.09884006350635,0.0,0.0,0.0,306944.1736953452
,,2024-09-05,20041.70072992701,3.131386861313869,19988.194554744525,23123.8394160584,23358166.518248178,1136.3868613138686,3,2024-09-05,18284.463400977424,304249.4235564854,309740.2184278969,18282.57007728402,18286.760173576666,-298.5203946999916,-298.5203946999916,-298.5203946999916,125114.48266584412,125114.48266584412,125114.48266584412,288844.8077015046,288844.8077015046,288844.8077015046,2730.4385226201584,2730.4385226201584,2730.4385226201584,-10119.283398,-10119.283398,-10119.283398,299161.9600347641,299161.9600347641,299161.9600347641,178438.51086850432,178438.51086850432,178438.51086850432,831.3250926823267,831.3250926823267,831.3250926823267,-7654.276720186863,-7654.276720186863,-7654.276720186863,-154.09129851015032,-154.09129851015032,-154.09129851015032,-43.77763674932632,-43.77763674932632,-43.77763674932632,0.0,0.0,0.0,307129.27110248205
,,2024-09-06,22231.197080291975,1.686131386861314,21181.95620437956,24604.970802919714,23356908.91240876,1136.3868613138686,4,2024-09-06,18284.099596570355,304537.96087219456,309996.90176548273,18281.953829717837,18286.74698433229,-588.4525798804085,-588.4525798804085,-588.4525798804085,125114.48266584412,125114.48266584412,125114.48266584412,288959.7035320608,288959.7035320608,288959.7035320608,2495.3673745968395,2495.3673745968395,2495.3673745968395,-10119.283398,-10119.283398,-10119.283398,298977.2906732498,298977.2906732498,298977.2906732498,178450.84208607214,178450.84208607214,178450.84208607214,788.4587755354925,788.4587755354925,788.4587755354925,-7283.407648918387,-7283.407648918387,-7283.407648918387,145.81436054299002,145.81436054299002,145.81436054299002,-44.11810373199373,-44.11810373199373,-44.11810373199373,0.0,0.0,0.0,307243.80312863115
,,2024-09-07,18552.685401459858,1.8131386861313867,22204.628868613137,23957.704379562045,21022368.17518248,1022.7481751824818,5,2024-09-07,18283.735792163287,344344.1990588949,349637.24403446703,18281.271656723755,18286.677976896903,-562.9736908797054,-562.9736908797054,-562.9736908797054,141172.61314491933,141172.61314491933,141172.61314491933,328770.3254572857,328770.3254572857,328770.3254572857,2890.3038462726727,2890.3038462726727,2890.3038462726727,-10119.283398,-10119.283398,-10119.283398,338683.18603987613,338683.18603987613,338683.18603987613,201341.74227863093,201341.74227863093,201341.74227863093,807.1917036391523,807.1917036391523,807.1917036391523,-6965.691242706207,-6965.691242706207,-6965.691242706207,253.71529342706498,253.71529342706498,253.71529342706498,-47.292478017518846,-47.292478017518846,-47.292478017518846,0.0,0.0,0.0,347054.061249449
,,2024-09-08,15526.103649635039,1.5175182481751825,14451.533842335768,16476.398540145987,21022105.237226278,1022.7481751824818,6,2024-09-08,18283.37198775622,342111.5610169431,347740.75887448894,18280.51525899881,18286.854384906,-622.2780014847906,-622.2780014847906,-622.2780014847906,141172.61314491933,141172.61314491933,141172.61314491933,326654.0905515857,326654.0905515857,326654.0905515857,3215.2470903522053,3215.2470903522053,3215.2470903522053,-10119.283398,-10119.283398,-10119.283398,336759.24972603226,336759.24972603226,336759.24972603226,201344.32046731544,201344.32046731544,201344.32046731544,1023.7126899808584,1023.7126899808584,1023.7126899808584,-9374.365665050747,-9374.365665050747,-9374.365665050747,67.49509607583535,67.49509607583535,67.49509607583535,-53.370872522427504,-53.370872522427504,-53.370872522427504,0.0,0.0,0.0,344937.46253934194
,,2024-09-09,23545.24087591241,3.9197080291970803,23622.46683211679,23874.131386861314,23358204.357664235,1136.3868613138686,0,2024-09-09,18283.008183349153,305179.4233697006,310455.23717447714,18279.690095322992,18286.895287262854,-140.37556641976423,-140.37556641976423,-140.37556641976423,125114.48266584412,125114.48266584412,125114.48266584412,289562.94507113186,289562.94507113186,289562.94507113186,2354.2875397124717,2354.2875397124717,2354.2875397124717,-10119.283398,-10119.283398,-10119.283398,300050.93712671887,300050.93712671887,300050.93712671887,178438.1398412258,178438.1398412258,178438.1398412258,809.6104400468731,809.6104400468731,809.6104400468731,-6525.207793690611,-6525.207793690611,-6525.207793690611,-306.38872840116164,-306.38872840116164,-306.38872840116164,-62.31992918582642,-62.31992918582642,-62.31992918582642,0.0,0.0,0.0,307845.953254481
,,2024-09-10,28449.82481751825,2.343065693430657,32588.38467153285,38910.97810218979,23358214.145985402,1136.3868613138686,1,2024-09-10,18282.64437894209,306770.97082367237,312265.6982427633,18279.05719079363,18287.010527702703,-456.6652229802191,-456.6652229802191,-456.6652229802191,125114.48266584412,125114.48266584412,125114.48266584412,291300.2508924286,291300.2508924286,291300.2508924286,1827.7161309326216,1827.7161309326216,1827.7161309326216,-10119.283398,-10119.283398,-10119.283398,301558.2549055791,301558.2549055791,301558.2549055791,178438.0438636833,178438.0438636833,178438.0438636833,374.41998638055264,374.41998638055264,374.41998638055264,-3739.7425182813195,-3739.7425182813195,-3739.7425182813195,-64.71583002165914,-64.71583002165914,-64.71583002165914,-74.00478512879099,-74.00478512879099,-74.00478512879099,0.0,0.0,0.0,309582.8952713707
,,2024-09-11,18506.029197080294,1.029197080291971,17482.139781021902,21668.978102189783,14255892.897810219,693.3941605839417,2,2024-09-11,18282.280574535016,455490.32036072685,460830.4661372607,18278.051250814526,18287.252050030078,-720.2399367805981,-720.2399367805981,-720.2399367805981,187713.1876647248,187713.1876647248,187713.1876647248,439868.6891301165,439868.6891301165,439868.6891301165,2895.313001699713,2895.313001699713,2895.313001699713,-10119.283398,-10119.283398,-10119.283398,450017.9956808431,450017.9956808431,450017.9956808431,267689.1431870314,267689.1431870314,267689.1431870314,873.4311117959378,873.4311117959378,873.4311117959378,-8432.839347628102,-8432.839347628102,-8432.839347628102,58.171106887058706,58.171106887058706,58.171106887058706,-88.19425961371152,-88.19425961371152,-88.19425961371152,0.0,0.0,0.0,458150.9697046515
,,2024-09-12,23698.992700729927,3.1094890510948905,23425.08025547445,28853.05109489051,23358235.75182482,1136.3868613138686,3,2024-09-12,18281.91677012795,304727.880343258,310340.9963624803,18277.064726628632,18287.32182499405,-302.91330659666465,-302.91330659666465,-302.91330659666465,125114.48266584412,125114.48266584412,125114.48266584412,289288.21998945746,289288.21998945746,289288.21998945746,2337.7802648935344,2337.7802648935344,2337.7802648935344,-10119.283398,-10119.283398,-10119.283398,299666.16375586315,299666.16375586315,299666.16375586315,178437.83201168786,178437.83201168786,178437.83201168786,665.5125206142964,665.5125206142964,665.5125206142964,-6586.530400580008,-6586.530400580008,-6586.530400580008,-154.09129851009638,-154.09129851009638,-154.09129851009638,-104.56906989561155,-104.56906989561155,-104.56906989561155,0.0,0.0,0.0,307570.1367595854
,,2024-09-13,15205.080291970802,2.343065693430657,16977.02189781022,21557.087591240874,23358247.408759125,1136.3868613138686,4,2024-09-13,18281.552965720883,304193.35717592755,309717.16972147767,18276.21728190938,18287.80582582431,-456.6652229802191,-456.6652229802191,-456.6652229802191,125114.48266584412,125114.48266584412,125114.48266584412,288535.95023793157,288535.95023793157,288535.95023793157,3249.7131579553115,3249.7131579553115,3249.7131579553115,-10119.283398,-10119.283398,-10119.283398,298632.15206635674,298632.15206635674,298632.15206635674,178437.71771181055,178437.71771181055,178437.71771181055,876.6694025854008,876.6694025854008,876.6694025854008,-8589.765648858409,-8589.765648858409,-8589.765648858409,145.81436054314608,145.81436054314608,145.81436054314608,-122.73279096837496,-122.73279096837496,-122.73279096837496,0.0,0.0,0.0,306817.50320365245
,,2024-09-14,20299.24379562044,3.981021897810219,20490.543065693433,23540.00583941606,21022430.72189781,1022.7481751824818,5,2024-09-14,18281.189161313814,344123.8443527833,349565.45671440463,18275.290678302707,18288.433687719506,-128.07541310907982,-128.07541310907982,-128.07541310907982,141172.61314491933,141172.61314491933,141172.61314491933,328401.7311041503,328401.7311041503,328401.7311041503,2702.787896891594,2702.787896891594,2702.787896891594,-10119.283398,-10119.283398,-10119.283398,338409.5243992755,338409.5243992755,338409.5243992755,201341.12898857557,201341.12898857557,201341.12898857557,819.2805691189466,819.2805691189466,819.2805691189466,-7498.210787120843,-7498.210787120843,-7498.210787120843,253.71529342706415,253.71529342706415,253.71529342706415,-142.22519055226502,-142.22519055226502,-142.22519055226502,0.0,0.0,0.0,346682.9202654641
,,2024-09-15,13373.093430656936,1.1233576642335767,14098.483576642337,17245.845985401458,21022440.12919708,1022.7481751824818,6,2024-09-15,18280.82535690675,342199.1877213801,347705.0707462755,18274.6669659994,18288.88673625943,-701.3504156249041,-701.3504156249041,-701.3504156249041,141172.61314491933,141172.61314491933,141172.61314491933,326561.76957673824,326561.76957673824,326561.76957673824,3446.400973662747,3446.400973662747,3446.400973662747,-10119.283398,-10119.283398,-10119.283398,336776.09537761915,336776.09537761915,336776.09537761915,201341.03674707157,201341.03674707157,201341.03674707157,1001.443647201313,1001.443647201313,1001.443647201313,-9484.048719610964,-9484.048719610964,-9484.048719610964,67.49509607516909,67.49509607516909,67.49509607516909,-162.53749895605634,-162.53749895605634,-162.53749895605634,0.0,0.0,0.0,344842.594933645
,,2024-09-16,26491.700729927008,2.4744525547445257,26520.175182481755,31055.693430656935,23358276.562043797,1136.3868613138686,0,2024-09-16,18280.46155249968,305058.80540871155,310722.33275579487,18273.307060061416,18289.187687801397,-430.3077516001811,-430.3077516001811,-430.3077516001811,125114.48266584412,125114.48266584412,125114.48266584412,289527.5473591095,289527.5473591095,289527.5473591095,2037.946432145711,2037.946432145711,2037.946432145711,-10119.283398,-10119.283398,-10119.283398,300136.34860135167,300136.34860135167,300136.34860135167,178437.43185475993,178437.43185475993,178437.43185475993,601.7645197525416,601.7645197525416,601.7645197525416,-5624.969119550492,-5624.969119550492,-5624.969119550492,-306.38872840107666,-306.38872840107666,-306.38872840107666,-183.12911584106376,-183.12911584106376,-183.12911584106376,0.0,0.0,0.0,307808.0089116092
,,2024-09-17,18594.598540145984,3.656934306569343,18499.299270072992,22903.10218978102,23358288.087591242,1136.3868613138686,1,2024-09-17,18280.097748092616,304207.95877432113,309443.9117557182,18272.452218324695,18289.55270793989,-193.09050917984007,-193.09050917984007,-193.09050917984007,125114.48266584412,125114.48266584412,125114.48266584412,288577.9483267404,288577.9483267404,288577.9483267404,2885.803921152192,2885.803921152192,2885.803921152192,-10119.283398,-10119.283398,-10119.283398,298965.3927688745,298965.3927688745,298965.3927688745,178437.31884317182,178437.31884317182,178437.31884317182,837.7135819356467,837.7135819356467,837.7135819356467,-8116.83573404944,-8116.83573404944,-8116.83573404944,-64.71583002108945,-64.71583002108945,-64.71583002108945,-203.44521411292885,-203.44521411292885,-203.44521411292885,0.0,0.0,0.0,306858.046074833
,,2024-09-18,18261.299270072992,1.9489051094890513,17565.401459854016,21045.19708029197,23358296.927007303,1136.3868613138686,2,2024-09-18,18279.733943685544,303688.8986776021,309061.8747406986,18271.36734475783,18289.596462568203,-535.7376371203327,-535.7376371203327,-535.7376371203327,125114.48266584412,125114.48266584412,125114.48266584412,288138.0303119366,288138.0303119366,288138.0303119366,2921.5879689485414,2921.5879689485414,2921.5879689485414,-10119.283398,-10119.283398,-10119.283398,298422.0772794493,298422.0772794493,298422.0772794493,178437.23216993987,178437.23216993987,178437.23216993987,891.4843347254116,891.4843347254116,891.4843347254116,-8406.972222888284,-8406.972222888284,-8406.972222888284,58.17110688750388,58.17110688750388,58.17110688750388,-222.93467640019514,-222.93467640019514,-222.93467640019514,0.0,0.0,0.0,306417.76425562217
,,2024-09-19,26639.905109489053,5.233576642335766,27866.71532846716,33060.01459854015,23358306.7810219,1136.3868613138686,3,2024-09-19,18279.37013927848,305967.9154232965,311548.3348432606,18269.988899756267,18290.129893365774,123.19914738061478,123.19914738061478,123.19914738061478,125114.48266584412,125114.48266584412,125114.48266584412,290519.5299212252,290519.5299212252,290519.5299212252,2022.0347483285968,2022.0347483285968,2022.0347483285968,-10119.283398,-10119.283398,-10119.283398,301033.9724102634,301033.9724102634,301033.9724102634,178437.13554825276,178437.13554825276,178437.13554825276,543.7562514728013,543.7562514728013,543.7562514728013,-5206.635951015548,-5206.635951015548,-5206.635951015548,-154.0912985098779,-154.0912985098779,-154.0912985098779,-241.06779252827005,-241.06779252827005,-241.06779252827005,0.0,0.0,0.0,308798.9000605037
,,2024-09-20,16284.036496350365,2.1240875912408756,16300.437956204378,17626.934306569343,23358318.846715327,1136.3868613138686,4,2024-09-20,18279.006334871414,303599.8789347191,309123.4151907828,18269.099638732645,18290.55649244187,-500.59434194694904,-500.59434194694904,-500.59434194694904,125114.48266584412,125114.48266584412,125114.48266584412,288144.40900748177,288144.40900748177,288144.40900748177,3133.8730591179187,3133.8730591179187,3133.8730591179187,-10119.283398,-10119.283398,-10119.283398,298375.2312021352,298375.2312021352,298375.2312021352,178437.0172403648,178437.0172403648,178437.0172403648,990.414340158705,990.414340158705,990.414340158705,-8799.961761403354,-8799.961761403354,-8799.961761403354,145.81436054343928,145.81436054343928,145.81436054343928,-257.35315719691397,-257.35315719691397,-257.35315719691397,0.0,0.0,0.0,306423.41534235317
,,2024-09-21,19083.396350364965,2.5029197080291974,18583.74302189781,21253.585401459855,21022494.076642334,1022.7481751824818,5,2024-09-21,18278.642530464345,343194.45675288903,348725.45134878374,18268.05521557848,18291.26311387158,-424.5969661345062,-424.5969661345062,-424.5969661345062,141172.61314491933,141172.61314491933,141172.61314491933,327579.7795511727,327579.7795511727,327579.7795511727,2833.325065738568,2833.325065738568,2833.325065738568,-10119.283398,-10119.283398,-10119.283398,337716.70089106704,337716.70089106704,337716.70089106704,201340.50777554186,201340.50777554186,201340.50777554186,885.4532425859029,885.4532425859029,885.4532425859029,-8090.601371584144,-8090.601371584144,-8090.601371584144,253.71529342706344,253.71529342706344,253.71529342706344,-271.3532353214081,-271.3532353214081,-271.3532353214081,0.0,0.0,0.0,345858.422081637
,,2024-09-22,13015.491240875912,1.0576642335766426,12921.970099270075,14375.246715328467,21022503.378832117,1022.7481751824818,6,2024-09-22,18278.278726057277,341649.8529384703,347039.6112471203,18267.33961486056,18291.414435313574,-714.5291513149233,-714.5291513149233,-714.5291513149233,141172.61314491933,141172.61314491933,141172.61314491933,326183.77254460275,326183.77254460275,326183.77254460275,3484.79425861774,3484.79425861774,3484.79425861774,-10119.283398,-10119.283398,-10119.283398,336518.2589537795,336518.2589537795,336518.2589537795,201340.4165646692,201340.4165646692,201340.4165646692,1084.5233927282648,1084.5233927282648,1084.5233927282648,-9849.559255840113,-9849.559255840113,-9849.559255840113,67.49509607503718,67.49509607503718,67.49509607503718,-282.6981072518348,-282.6981072518348,-282.6981072518348,0.0,0.0,0.0,344462.05127066
,,2024-09-23,32891.21167883212,4.642335766423358,33375.38686131387,40554.31386861314,23358346.277372263,1136.3868613138686,0,2024-09-23,18277.91492165021,306501.176629008,312031.123135061,18266.148831456998,18291.491761148787,4.590526170444277,4.590526170444277,4.590526170444277,125114.48266584412,125114.48266584412,125114.48266584412,291021.5441136525,291021.5441136525,291021.5441136525,1350.87500346022,1350.87500346022,1350.87500346022,-10119.283398,-10119.283398,-10119.283398,301738.3132059284,301738.3132059284,301738.3132059284,178436.74827421652,178436.74827421652,178436.74827421652,326.85921441452365,326.85921441452365,326.85921441452365,-3495.2424781773534,-3495.2424781773534,-3495.2424781773534,-306.38872840094666,-306.38872840094666,-306.38872840094666,-291.0969658749919,-291.0969658749919,-291.0969658749919,0.0,0.0,0.0,309299.4590353027
,,2024-09-24,24898.116788321167,3.591240875912409,24448.77372262774,26946.569343065694,23358361.13868613,1136.3868613138686,1,2024-09-24,18277.551117243143,305029.91373619327,310432.5591467612,18265.04095748446,18292.22361018515,-206.269244869859,-206.269244869859,-206.269244869859,125114.48266584412,125114.48266584412,125114.48266584412,289525.70060509804,289525.70060509804,289525.70060509804,2209.0385678153452,2209.0385678153452,2209.0385678153452,-10119.283398,-10119.283398,-10119.283398,300006.04684366746,300006.04684366746,300006.04684366746,178436.60255439804,178436.60255439804,178436.60255439804,720.6891593198986,720.6891593198986,720.6891593198986,-6268.496858840065,-6268.496858840065,-6268.496858840065,-64.71583002051975,-64.71583002051975,-64.71583002051975,-296.34701054886585,-296.34701054886585,-296.34701054886585,0.0,0.0,0.0,307803.25172234117
,,2024-09-25,26412.189781021898,4.094890510948905,25804.99270072993,29798.350364963506,23358372.715328466,1136.3868613138686,2,2024-09-25,18277.187312836075,305525.8086320967,310898.38823002274,18263.718584024962,18293.273847336164,-105.23227124638039,-105.23227124638039,-105.23227124638039,125114.48266584412,125114.48266584412,125114.48266584412,289923.7679559922,289923.7679559922,289923.7679559922,2046.4829752810454,2046.4829752810454,2046.4829752810454,-10119.283398,-10119.283398,-10119.283398,300283.219713679,300283.219713679,300283.219713679,178436.48904180859,178436.48904180859,178436.48904180859,638.1540440678708,638.1540440678708,638.1540440678708,-5847.156742076207,-5847.156742076207,-5847.156742076207,58.17110688752699,58.17110688752699,58.17110688752699,-298.33946657435064,-298.33946657435064,-298.33946657435064,0.0,0.0,0.0,308200.95526882826
,,2024-09-26,15540.576642335767,1.2846715328467155,15209.912795620437,17871.299270072992,23358385.10948905,1136.3868613138686,3,2024-09-26,18276.823508429006,302834.6742367259,308476.9404940969,18262.836356542306,18293.59135655442,-668.9892979860799,-668.9892979860799,-668.9892979860799,125114.48266584412,125114.48266584412,125114.48266584412,287369.70080365054,287369.70080365054,287369.70080365054,3213.6932247753452,3213.6932247753452,3213.6932247753452,-10119.283398,-10119.283398,-10119.283398,297940.1380510291,297940.1380510291,297940.1380510291,178436.36751319768,178436.36751319768,178436.36751319768,983.342026305901,983.342026305901,983.342026305901,-9138.75808110781,-9138.75808110781,-9138.75808110781,-154.09129851029795,-154.09129851029795,-154.09129851029795,-297.062550868275,-297.062550868275,-297.062550868275,0.0,0.0,0.0,305646.52431207953
,,2024-09-27,18383.854014598543,1.175182481751825,17596.81754744526,24993.09489051095,23358393.408759125,1136.3868613138686,4,2024-09-27,18276.45970402194,303443.0885767071,308878.0474533564,18261.64215209676,18293.818165654327,-690.9538574694449,-690.9538574694449,-690.9538574694449,125114.48266584412,125114.48266584412,125114.48266584412,287882.188453073,287882.188453073,287882.188453073,2908.4301098424853,2908.4301098424853,2908.4301098424853,-10119.283398,-10119.283398,-10119.283398,298148.2587922819,298148.2587922819,298148.2587922819,178436.2861362656,178436.2861362656,178436.2861362656,777.2258421316111,777.2258421316111,777.2258421316111,-8397.212104332444,-8397.212104332444,-8397.212104332444,145.81436054373245,145.81436054373245,145.81436054373245,-292.60130175273696,-292.60130175273696,-292.60130175273696,0.0,0.0,0.0,306158.6481570949
,,2024-09-28,12054.744525547445,2.0496350364963507,12182.616762043797,21887.3299270073,21022564.322627738,1022.7481751824818,5,2024-09-28,18276.095899614873,341696.0984637071,347138.42721884203,18260.49576356948,18294.05637531561,-515.5302423956371,-515.5302423956371,-515.5302423956371,141172.61314491933,141172.61314491933,141172.61314491933,326221.99807617883,326221.99807617883,326221.99807617883,3587.943018511425,3587.943018511425,3587.943018511425,-10119.283398,-10119.283398,-10119.283398,336372.7004710572,336372.7004710572,336372.7004710572,201339.81899174163,201339.81899174163,201339.81899174163,867.1116598855624,867.1116598855624,867.1116598855624,-10079.256101605088,-10079.256101605088,-10079.256101605088,253.71529342699037,253.71529342699037,253.71529342699037,-285.13429030536565,-285.13429030536565,-285.13429030536565,0.0,0.0,0.0,344498.0939757937
,,2024-09-29,12874.348905109491,4.473722627737227,12772.458394160585,14496.687591240876,21022571.325547446,1022.7481751824818,6,2024-09-29,18275.732095207804,342275.0178759659,347813.99958428816,18259.369693751156,18294.987482604818,-29.234895433937563,-29.234895433937563,-29.234895433937563,141172.61314491933,141172.61314491933,141172.61314491933,326841.3609320884,326841.3609320884,326841.3609320884,3499.9477394160863,3499.9477394160863,3499.9477394160863,-10119.283398,-10119.283398,-10119.283398,337168.0765634146,337168.0765634146,337168.0765634146,201339.75032592932,201339.75032592932,201339.75032592932,1081.0086990639288,1081.0086990639288,1081.0086990639288,-9896.008450480162,-9896.008450480162,-9896.008450480162,67.49509607463807,67.49509607463807,67.49509607463807,-274.92732940081214,-274.92732940081214,-274.92732940081214,0.0,0.0,0.0,345117.0930272962
,,2024-09-30,24246.291970802922,2.781021897810219,24576.807299270076,25483.051094890514,23358419.87591241,1136.3868613138686,0,2024-09-30,18275.368290800736,304745.6377192616,310248.2641994033,18258.288717763233,18295.49868189867,-368.8069850467594,-368.8069850467594,-368.8069850467594,125114.48266584412,125114.48266584412,125114.48266584412,289307.05168427236,289307.05168427236,289307.05168427236,2279.0205105295054,2279.0205105295054,2279.0205105295054,-10119.283398,-10119.283398,-10119.283398,299995.04820203263,299995.04820203263,299995.04820203263,178436.02661757116,178436.02661757116,178436.02661757116,763.0457239926657,763.0457239926657,763.0457239926657,-6228.720330858084,-6228.720330858084,-6228.720330858084,-306.3887284012709,-306.3887284012709,-306.3887284012709,-262.3243913589954,-262.3243913589954,-262.3243913589954,0.0,0.0,0.0,307582.4199750731
,,2024-10-01,25488.737226277375,3.1094890510948905,24440.17518248175,27846.058394160584,23358430.270072997,1136.3868613138686,1,2024-10-01,18275.00448639367,305104.6957745979,310534.2297887669,18256.9498476456,18296.338587077295,-302.91330659666465,-302.91330659666465,-302.91330659666465,125114.48266584412,125114.48266584412,125114.48266584412,289384.87482973136,289384.87482973136,289384.87482973136,2145.6277179305034,2145.6277179305034,2145.6277179305034,-10119.283398,-10119.283398,-10119.283398,299816.61009080254,299816.61009080254,299816.61009080254,178435.92469958414,178435.92469958414,178435.92469958414,694.6565039617223,694.6565039617223,694.6565039617223,-6271.16818992126,-6271.16818992126,-6271.16818992126,-64.71583002042033,-64.71583002042033,-64.71583002042033,-247.7360330507788,-247.7360330507788,-247.7360330507788,0.0,0.0,0.0,307659.879316125
,,2024-10-02,21422.0,3.656934306569343,20193.72262773723,24459.598540145984,23358443.430656936,1136.3868613138686,2,2024-10-02,18274.640681986602,304659.5153005283,310036.67856205744,18255.683738883297,18296.670197921434,-193.09050917984007,-193.09050917984007,-193.09050917984007,125114.48266584412,125114.48266584412,125114.48266584412,288848.9364181427,288848.9364181427,288848.9364181427,2582.245293625864,2582.245293625864,2582.245293625864,-10119.283398,-10119.283398,-10119.283398,299141.67441493564,299141.67441493564,299141.67441493564,178435.79565595314,178435.79565595314,178435.79565595314,792.6660819066153,792.6660819066153,792.6660819066153,-7590.424773214276,-7590.424773214276,-7590.424773214276,58.17110688755008,58.17110688755008,58.17110688755008,-231.6257056804832,-231.6257056804832,-231.6257056804832,0.0,0.0,0.0,307123.5771001293
,,2024-10-03,24621.57664233577,3.1094890510948905,23309.401167883214,24042.934306569343,23358454.11678832,1136.3868613138686,3,2024-10-03,18274.276877579534,304871.0915561674,310094.93701387674,18254.0419267845,18297.673374818383,-302.91330659666465,-302.91330659666465,-302.91330659666465,125114.48266584412,125114.48266584412,125114.48266584412,289180.3762101964,289180.3762101964,289180.3762101964,2238.728779256204,2238.728779256204,2238.728779256204,-10119.283398,-10119.283398,-10119.283398,299668.2452995446,299668.2452995446,299668.2452995446,178435.69087510137,178435.69087510137,178435.69087510137,804.72501289591,804.72501289591,804.72501289591,-6622.468726956354,-6622.468726956354,-6622.468726956354,-154.09129851007944,-154.09129851007944,-154.09129851007944,-214.49439283810074,-214.49439283810074,-214.49439283810074,0.0,0.0,0.0,307454.6530877759
,,2024-10-04,15570.394160583943,2.014598540145985,14858.744525547447,16683.19708029197,23358322.489051096,1136.3868613138686,4,2024-10-04,18273.91307317247,303365.28331554815,308702.8110280188,18252.520234511714,18298.74269298695,-522.558901430314,-522.558901430314,-522.558901430314,125114.48266584412,125114.48266584412,125114.48266584412,287838.9352609886,287838.9352609886,287838.9352609886,3210.4919231405484,3210.4919231405484,3210.4919231405484,-10119.283398,-10119.283398,-10119.283398,298009.26837119483,298009.26837119483,298009.26837119483,178436.98152612636,178436.98152612636,178436.98152612636,1017.727608653141,1017.727608653141,1017.727608653141,-9247.856451139003,-9247.856451139003,-9247.856451139003,145.81436054258288,145.81436054258288,145.81436054258288,-196.8640727488114,-196.8640727488114,-196.8640727488114,0.0,0.0,0.0,306112.84833416104
,,2024-10-05,15869.837956204381,3.6262773722627735,15611.084671532848,15392.831386861315,21022626.889051095,1022.7481751824818,5,2024-10-05,18273.5492687654,343000.90079942753,348581.9520334662,18250.733753687437,18299.730630040645,-199.24058583518223,-199.24058583518223,-199.24058583518223,141172.61314491933,141172.61314491933,141172.61314491933,327487.0400315848,327487.0400315848,327487.0400315848,3178.342704534533,3178.342704534533,3178.342704534533,-10119.283398,-10119.283398,-10119.283398,337531.8686734828,337531.8686734828,337531.8686734828,201339.20550844292,201339.20550844292,201339.20550844292,1055.0728607628866,1055.0728607628866,1055.0728607628866,-9014.124959341709,-9014.124959341709,-9014.124959341709,253.7152934269174,253.7152934269174,253.7152934269174,-179.26053732488012,-179.26053732488012,-179.26053732488012,0.0,0.0,0.0,345760.58930035017
,,2024-10-06,16346.417518248176,1.8131386861313867,16039.252510948903,21026.15474452555,21022633.786861315,1022.7481751824818,6,2024-10-06,18273.185464358336,342429.1005791038,348002.4890317419,18249.70020260997,18299.847572829887,-562.9736908797054,-562.9736908797054,-562.9736908797054,141172.61314491933,141172.61314491933,141172.61314491933,326872.89906299417,326872.89906299417,326872.89906299417,3127.1756383024235,3127.1756383024235,3127.1756383024235,-10119.283398,-10119.283398,-10119.283398,337086.88348546356,337086.88348546356,337086.88348546356,201339.13787326193,201339.13787326193,201339.13787326193,892.0354504545231,892.0354504545231,892.0354504545231,-8881.10493059492,-8881.10493059492,-8881.10493059492,67.49509607450614,67.49509607450614,67.49509607450614,-162.196120543901,-162.196120543901,-162.196120543901,0.0,0.0,0.0,345146.0845273525
,,2024-10-07,25548.912408759126,2.014598540145985,25995.737299270073,27488.218978102188,23355939.503649637,1136.3868613138686,0,2024-10-07,18272.821659951263,305139.4201306387,310536.5546338948,18248.028198185275,18300.100746852124,-522.558901430314,-522.558901430314,-522.558901430314,125114.48266584412,125114.48266584412,125114.48266584412,289536.72864549654,289536.72864549654,289536.72864549654,2139.1671229054696,2139.1671229054696,2139.1671229054696,-10119.283398,-10119.283398,-10119.283398,300108.55366310495,300108.55366310495,300108.55366310495,178460.3474413641,178460.3474413641,178460.3474413641,705.0129504137166,705.0129504137166,705.0129504137166,-5787.897615992128,-5787.897615992128,-5787.897615992128,-306.38872840077664,-306.38872840077664,-306.38872840077664,-146.15289120759655,-146.15289120759655,-146.15289120759655,0.0,0.0,0.0,307809.5503054478
,,2024-10-08,25087.4598540146,3.591240875912409,22064.817550364965,23672.773722627735,23358503.52554745,1136.3868613138686,1,2024-10-08,18272.4578555442,304665.6764225086,310090.6253682694,18247.0763140996,18300.47806525457,-206.269244869859,-206.269244869859,-206.269244869859,125114.48266584412,125114.48266584412,125114.48266584412,289022.87511710013,289022.87511710013,289022.87511710013,2188.7101065162933,2188.7101065162933,2188.7101065162933,-10119.283398,-10119.283398,-10119.283398,299338.44119534927,299338.44119534927,299338.44119534927,178435.20640680497,178435.20640680497,178435.20640680497,815.4380537019138,815.4380537019138,815.4380537019138,-7009.126792648169,-7009.126792648169,-7009.126792648169,-64.71583002032091,-64.71583002032091,-64.71583002032091,-131.56685022877727,-131.56685022877727,-131.56685022877727,0.0,0.0,0.0,307295.33297264436
,,2024-10-09,25341.167883211678,1.5109489051094893,25390.45693430657,27756.328467153286,23358514.86861314,1136.3868613138686,2,2024-10-09,18272.09405113713,305103.6834862737,310876.77411037945,18246.15965014122,18301.27387016434,-623.5958750537924,-623.5958750537924,-623.5958750537924,125114.48266584412,125114.48266584412,125114.48266584412,289628.83903876913,289628.83903876913,289628.83903876913,2161.471222251357,2161.471222251357,2161.471222251357,-10119.283398,-10119.283398,-10119.283398,299808.76497061504,299808.76497061504,299808.76497061504,178435.09518450737,178435.09518450737,178435.09518450737,697.2534319201583,697.2534319201583,697.2534319201583,-5975.941658854192,-5975.941658854192,-5975.941658854192,58.171106887995286,58.171106887995286,58.171106887995286,-118.81364073391299,-118.81364073391299,-118.81364073391299,0.0,0.0,0.0,307900.93308990623
,,2024-10-10,23850.569343065697,2.6715328467153285,24358.33576642336,29591.240875912405,23358527.211678833,1136.3868613138686,3,2024-10-10,18271.730246730065,305097.70043263654,310464.4898232315,18244.82694525683,18300.911359107613,-390.7715445301243,-390.7715445301243,-390.7715445301243,125114.48266584412,125114.48266584412,125114.48266584412,289446.1755429121,289446.1755429121,289446.1755429121,2321.506524441101,2321.506524441101,2321.506524441101,-10119.283398,-10119.283398,-10119.283398,299827.74647086376,299827.74647086376,299827.74647086376,178434.9741568978,178434.9741568978,178434.9741568978,644.1481247554707,644.1481247554707,644.1481247554707,-6296.593456544634,-6296.593456544634,-6296.593456544634,-154.0912985101802,-154.0912985101802,-154.0912985101802,-108.19623144147675,-108.19623144147675,-108.19623144147675,0.0,0.0,0.0,307717.9057896422
,,2024-10-11,17436.671532846718,1.905109489051095,17290.30683211679,23346.63503649635,23358538.459854018,1136.3868613138686,4,2024-10-11,18271.366442322997,303811.91254179686,309236.7875624755,18242.94392421555,18301.83479141028,-544.5234609136787,-544.5234609136787,-544.5234609136787,125114.48266584412,125114.48266584412,125114.48266584412,288273.9820682083,288273.9820682083,288273.9820682083,3010.122571369477,3010.122571369477,3010.122571369477,-10119.283398,-10119.283398,-10119.283398,298347.3860771503,298347.3860771503,298347.3860771503,178434.86386503125,178434.86386503125,178434.86386503125,824.8770302016189,824.8770302016189,824.8770302016189,-8492.436594382414,-8492.436594382414,-8492.436594382414,145.81436054273894,145.81436054273894,145.81436054273894,-99.93497148476652,-99.93497148476652,-99.93497148476652,0.0,0.0,0.0,306545.3485105313
,,2024-10-12,18583.318248175183,2.7,18438.437956204383,22580.796350364966,21022693.239416063,1022.7481751824818,5,2024-10-12,18271.002637915928,343328.88170886383,348787.5096083856,18241.613201602533,18302.11525203325,-385.0607590644494,-385.0607590644494,-385.0607590644494,141172.61314491933,141172.61314491933,141172.61314491933,327764.69182330585,327764.69182330585,327764.69182330585,2887.015008434056,2887.015008434056,2887.015008434056,-10119.283398,-10119.283398,-10119.283398,337724.4202679178,337724.4202679178,337724.4202679178,201338.55492241628,201338.55492241628,201338.55492241628,847.0416297059145,847.0416297059145,847.0416297059145,-8135.743678493401,-8135.743678493401,-8135.743678493401,253.71529342708374,253.71529342708374,253.71529342708374,-94.16034003901161,-94.16034003901161,-94.16034003901161,0.0,0.0,0.0,346035.6944612218
,,2024-10-13,13552.659854014599,1.5175182481751825,13537.524087591242,21403.826277372264,21022702.5810219,1022.7481751824818,6,2024-10-13,18270.638833508863,342123.095808824,347467.18776509975,18240.607671897385,18302.527987004083,-622.2780014847906,-622.2780014847906,-622.2780014847906,141172.61314491933,141172.61314491933,141172.61314491933,326396.0052519461,326396.0052519461,326396.0052519461,3427.122163137171,3427.122163137171,3427.122163137171,-10119.283398,-10119.283398,-10119.283398,336538.7021829829,336538.7021829829,336538.7021829829,201338.46332505692,201338.46332505692,201338.46332505692,881.1050307443273,881.1050307443273,881.1050307443273,-9658.32347939004,-9658.32347939004,-9658.32347939004,67.49509607410704,67.49509607410704,67.49509607410704,-90.9086291108844,-90.9086291108844,-90.9086291108844,0.0,0.0,0.0,344666.644085455
,,2024-10-14,20800.16788321168,1.8394160583941608,20779.328467153286,27116.1897810219,23358566.416058395,1136.3868613138686,0,2024-10-14,18270.275029101795,303998.9940874164,309497.8597582336,18239.374144420777,18302.94596278042,-557.7021966036978,-557.7021966036978,-557.7021966036978,125114.48266584412,125114.48266584412,125114.48266584412,288431.871514765,288431.871514765,288431.871514765,2649.0071265683287,2649.0071265683287,2649.0071265683287,-10119.283398,-10119.283398,-10119.283398,298947.66434646735,298947.66434646735,298947.66434646735,178434.58974572635,178434.58974572635,178434.58974572635,715.7800718800438,715.7800718800438,715.7800718800438,-7408.4930669477635,-7408.4930669477635,-7408.4930669477635,-306.388728401101,-306.388728401101,-306.388728401101,-90.12070530123802,-90.12070530123802,-90.12070530123802,0.0,0.0,0.0,306702.14654386684
,,2024-10-15,25451.737226277375,3.1094890510948905,24676.58686131387,31238.102189781024,23358576.591240875,1136.3868613138686,1,2024-10-15,18269.911224694726,305160.3741340835,310525.5127100999,18237.83377971232,18303.725569633756,-302.91330659666465,-302.91330659666465,-302.91330659666465,125114.48266584412,125114.48266584412,125114.48266584412,289518.7801260427,289518.7801260427,289518.7801260427,2149.6001531781862,2149.6001531781862,2149.6001531781862,-10119.283398,-10119.283398,-10119.283398,299794.4232532081,299794.4232532081,299794.4232532081,178434.48997488793,178434.48997488793,178434.48997488793,596.4853177935961,596.4853177935961,596.4853177935961,-6197.721551899092,-6197.721551899092,-6197.721551899092,-64.71583002135864,-64.71583002135864,-64.71583002135864,-91.64389914399169,-91.64389914399169,-91.64389914399169,0.0,0.0,0.0,307788.69135073747
,,2024-10-16,20057.912408759126,1.686131386861314,19213.38686131387,23379.77372262774,23358588.02189781,1136.3868613138686,2,2024-10-16,18269.547420287658,304274.71949748247,309532.8493237501,18235.933898905198,18304.11820177441,-588.4525798804085,-588.4525798804085,-588.4525798804085,125114.48266584412,125114.48266584412,125114.48266584412,288461.68638255366,288461.68638255366,288461.68638255366,2728.697986284569,2728.697986284569,2728.697986284569,-10119.283398,-10119.283398,-10119.283398,298618.0356454321,298618.0356454321,298618.0356454321,178434.37789373088,178434.37789373088,178434.37789373088,823.9179434911904,823.9179434911904,823.9179434911904,-7894.9882640383075,-7894.9882640383075,-7894.9882640383075,58.171106888018386,58.171106888018386,58.171106888018386,-95.23697176637585,-95.23697176637585,-95.23697176637585,0.0,0.0,0.0,306731.23380284134
,,2024-10-17,22387.562043795624,2.014598540145985,21564.000000000004,24909.291970802922,23358599.9270073,1136.3868613138686,3,2024-10-17,18269.183615880593,304303.9624452539,309726.19033244345,18234.75305029543,18304.02155255858,-522.558901430314,-522.558901430314,-522.558901430314,125114.48266584412,125114.48266584412,125114.48266584412,288745.74589701666,288745.74589701666,288745.74589701666,2478.5795450691494,2478.5795450691494,2478.5795450691494,-10119.283398,-10119.283398,-10119.283398,299119.6986047339,299119.6986047339,299119.6986047339,178434.2611604185,178434.2611604185,178434.2611604185,779.6512329955826,779.6512329955826,779.6512329955826,-7164.717098163169,-7164.717098163169,-7164.717098163169,-154.09129850996172,-154.09129850996172,-154.09129850996172,-100.57801120725722,-100.57801120725722,-100.57801120725722,0.0,0.0,0.0,307014.9295128973
,,2024-10-18,23767.58394160584,1.686131386861314,23985.781386861316,30399.642335766424,23358611.204379562,1136.3868613138686,4,2024-10-18,18268.819811473524,304939.20999996597,310358.7802093856,18233.669403946442,18304.36337732982,-588.4525798804085,-588.4525798804085,-588.4525798804085,125114.48266584412,125114.48266584412,125114.48266584412,289418.26849350205,289418.26849350205,289418.26849350205,2330.416095624946,2330.416095624946,2330.416095624946,-10119.283398,-10119.283398,-10119.283398,299499.0125487337,299499.0125487337,299499.0125487337,178434.1505822655,178434.1505822655,178434.1505822655,620.7516903354964,620.7516903354964,620.7516903354964,-6412.335905455957,-6412.335905455957,-6412.335905455957,145.81436054316922,145.81436054316922,145.81436054316922,-107.27501777481916,-107.27501777481916,-107.27501777481916,0.0,0.0,0.0,307687.0883049756
,,2024-10-19,17368.370802919708,1.5175182481751825,16571.74598540146,20192.518248175184,21022761.82992701,1022.7481751824818,5,2024-10-19,18268.456007066456,342555.37892499246,348136.4071529163,18232.850825824735,18304.444731030635,-622.2780014847906,-622.2780014847906,-622.2780014847906,141172.61314491933,141172.61314491933,141172.61314491933,327125.71455300634,327125.71455300634,327125.71455300634,3017.4555504777077,3017.4555504777077,3017.4555504777077,-10119.283398,-10119.283398,-10119.283398,337106.16150982736,337106.16150982736,337106.16150982736,201337.88237105953,201337.88237105953,201337.88237105953,916.1622272919627,916.1622272919627,916.1622272919627,-8715.673782436394,-8715.673782436394,-8715.673782436394,253.71529342715507,253.71529342715507,253.71529342715507,-114.87885224819748,-114.87885224819748,-114.87885224819748,0.0,0.0,0.0,345394.1705600728
,,2024-10-20,16239.021897810222,1.9116788321167881,16399.024764963502,20958.378832116792,21022770.90218978,1022.7481751824818,6,2024-10-20,18268.09220265939,342580.38117080927,348029.5548132802,18230.65090339153,18304.557826662523,-543.2055873446769,-543.2055873446769,-543.2055873446769,141172.61314491933,141172.61314491933,141172.61314491933,327055.8839475801,327055.8839475801,327055.8839475801,3138.7059666287614,3138.7059666287614,3138.7059666287614,-10119.283398,-10119.283398,-10119.283398,337230.57039468206,337230.57039468206,337230.57039468206,201337.79341469295,201337.79341469295,201337.79341469295,893.9969940299288,893.9969940299288,893.9969940299288,-8769.333538244235,-8769.333538244235,-8769.333538244235,67.49509607557101,67.49509607557101,67.49509607557101,-122.89814517753474,-122.89814517753474,-122.89814517753474,0.0,0.0,0.0,345323.9761502395
,,2024-10-21,23449.9197080292,1.686131386861314,23601.22627737226,28278.4598540146,23358643.671532847,1136.3868613138686,0,2024-10-21,18267.728398252322,304388.83712471597,309884.9265214046,18229.141111429642,18305.110466215407,-588.4525798804085,-588.4525798804085,-588.4525798804085,125114.48266584412,125114.48266584412,125114.48266584412,288918.23146579304,288918.23146579304,288918.23146579304,2364.5215172030003,2364.5215172030003,2364.5215172030003,-10119.283398,-10119.283398,-10119.283398,299474.71929458185,299474.71929458185,299474.71929458185,178433.83223169934,178433.83223169934,178433.83223169934,682.1421124112636,682.1421124112636,682.1421124112636,-6531.8066526954535,-6531.8066526954535,-6531.8066526954535,-306.388728401016,-306.388728401016,-306.388728401016,-130.8157023878245,-130.8157023878245,-130.8157023878245,0.0,0.0,0.0,307185.9598640454
,,2024-10-22,22888.109489051098,2.781021897810219,22348.569372262777,32325.131386861318,23358655.518248174,1136.3868613138686,1,2024-10-22,18267.364593845254,304391.18691606243,309668.5867018834,18227.633980965777,18306.020717087213,-368.8069850467594,-368.8069850467594,-368.8069850467594,125114.48266584412,125114.48266584412,125114.48266584412,288926.17792499653,288926.17792499653,288926.17792499653,2424.839212240218,2424.839212240218,2424.839212240218,-10119.283398,-10119.283398,-10119.283398,299248.2830460348,299248.2830460348,299248.2830460348,178433.71607095996,178433.71607095996,178433.71607095996,565.0249499131636,565.0249499131636,565.0249499131636,-6920.972867875872,-6920.972867875872,-6920.972867875872,-64.71583002125918,-64.71583002125918,-64.71583002125918,-138.1058930170172,-138.1058930170172,-138.1058930170172,0.0,0.0,0.0,307193.5425188418
,,2024-10-23,21627.94890510949,2.6715328467153285,21820.810248175185,26280.02189781022,23358666.525547445,1136.3868613138686,2,2024-10-23,18267.000789438185,304689.12651131186,310209.39236092224,18226.323305575188,18306.98132290732,-390.7715445301243,-390.7715445301243,-390.7715445301243,125114.48266584412,125114.48266584412,125114.48266584412,289167.13540343224,289167.13540343224,289167.13540343224,2560.1339776831983,2560.1339776831983,2560.1339776831983,-10119.283398,-10119.283398,-10119.283398,299372.5001681108,299372.5001681108,299372.5001681108,178433.60814095687,178433.60814095687,178433.60814095687,739.9801111120158,739.9801111120158,739.9801111120158,-7084.933182955242,-7084.933182955242,-7084.933182955242,58.171106887603344,58.171106887603344,58.171106887603344,-144.252473566178,-144.252473566178,-144.252473566178,0.0,0.0,0.0,307434.13619287044
,,2024-10-24,16162.07299270073,2.277372262773723,14850.175576642338,18755.12408759124,23358679.036496352,1136.3868613138686,3,2024-10-24,18266.63698503112,302906.07771986484,308555.7894064854,18225.024169592587,18308.695853255653,-469.843958670238,-469.843958670238,-469.843958670238,125114.48266584412,125114.48266584412,125114.48266584412,287510.1947630408,287510.1947630408,287510.1947630408,3146.967440761938,3146.967440761938,3146.967440761938,-10119.283398,-10119.283398,-10119.283398,297932.3357450873,297932.3357450873,297932.3357450873,178433.48546720002,178433.48546720002,178433.48546720002,957.7627189830946,957.7627189830946,957.7627189830946,-9250.518589031568,-9250.518589031568,-9250.518589031568,-154.0912985100625,-154.0912985100625,-154.0912985100625,-148.76628553646572,-148.76628553646572,-148.76628553646572,0.0,0.0,0.0,305776.83174807194
,,2024-10-25,16546.87591240876,3.3284671532846715,17671.97080291971,31252.978102189787,23358684.416058395,1136.3868613138686,4,2024-10-25,18266.27318062405,303925.04628099885,309315.7093411956,18223.294686775847,18309.915827921206,-258.9841876299348,-258.9841876299348,-258.9841876299348,125114.48266584412,125114.48266584412,125114.48266584412,288492.10443480033,288492.10443480033,288492.10443480033,3105.653800717088,3105.653800717088,3105.653800717088,-10119.283398,-10119.283398,-10119.283398,298616.7757380819,298616.7757380819,298616.7757380819,178433.432718916,178433.432718916,178433.432718916,596.0547850368002,596.0547850368002,596.0547850368002,-8373.86404480219,-8373.86404480219,-8373.86404480219,145.81436054332528,145.81436054332528,145.81436054332528,-151.20226582489417,-151.20226582489417,-151.20226582489417,0.0,0.0,0.0,306758.3776154244
,,2024-10-26,15064.180291970803,1.1233576642335767,15210.867159854017,15640.968613138688,21022821.893430658,1022.7481751824818,5,2024-10-26,18265.909376216983,342480.8612564183,347851.98466450494,18221.697757621652,18311.030761343587,-701.3504156249041,-701.3504156249041,-701.3504156249041,141172.61314491933,141172.61314491933,141172.61314491933,326966.0832324364,326966.0832324364,326966.0832324364,3264.840620830947,3264.840620830947,3264.840620830947,-10119.283398,-10119.283398,-10119.283398,336982.82656511036,336982.82656511036,336982.82656511036,201337.29342966934,201337.29342966934,201337.29342966934,1047.8913715770543,1047.8913715770543,1047.8913715770543,-9138.4615862614,-9138.4615862614,-9138.4615862614,253.71529342708212,253.71529342708212,253.71529342708212,-151.17522810112172,-151.17522810112172,-151.17522810112172,0.0,0.0,0.0,345231.9926086534
,,2024-10-27,19483.331386861315,1.6554744525547447,20042.925477372268,22969.780291970805,21022828.410218976,1022.7481751824818,6,2024-10-27,18265.54557180992,343365.8009227602,348618.59747478686,18220.364219341638,18311.4976170422,-594.6026565357507,-594.6026565357507,-594.6026565357507,141172.61314491933,141172.61314491933,141172.61314491933,327703.9750923552,327703.9750923552,327703.9750923552,2790.3867945017723,2790.3867945017723,2790.3867945017723,-10119.283398,-10119.283398,-10119.283398,337904.13730364793,337904.13730364793,337904.13730364793,201337.22953052694,201337.22953052694,201337.22953052694,835.7838107481809,835.7838107481809,835.7838107481809,-7637.273320512545,-7637.273320512545,-7637.273320512545,67.4950960751719,67.4950960751719,67.4950960751719,-148.37390936788324,-148.37390936788324,-148.37390936788324,0.0,0.0,0.0,345969.52066416515
,,2024-10-28,21428.24817518248,2.343065693430657,20988.55474452555,22661.430656934306,23358709.262773726,1136.3868613138686,0,2024-10-28,18265.18176740285,304199.7887607138,309538.7266956447,18219.205891342877,18312.420194309776,-456.6652229802191,-456.6652229802191,-456.6652229802191,125114.48266584412,125114.48266584412,125114.48266584412,288605.55180245114,288605.55180245114,288605.55180245114,2581.574470076443,2581.574470076443,2581.574470076443,-10119.283398,-10119.283398,-10119.283398,299173.7967565538,299173.7967565538,299173.7967565538,178433.1890891212,178433.1890891212,178433.1890891212,844.707943586656,844.707943586656,844.707943586656,-7343.492189094353,-7343.492189094353,-7343.492189094353,-306.3887284013402,-306.3887284013402,-306.3887284013402,-142.57282770139452,-142.57282770139452,-142.57282770139452,0.0,0.0,0.0,306870.733569854
,,2024-10-29,20442.379562043796,2.781021897810219,20237.868321167887,23344.510948905114,23358719.321167886,1136.3868613138686,1,2024-10-29,18264.817962995785,304308.62683395745,309833.47378954,18217.794274961157,18313.531993017667,-368.8069850467594,-368.8069850467594,-368.8069850467594,125114.48266584412,125114.48266584412,125114.48266584412,288796.774338303,288796.774338303,288796.774338303,2687.420395168777,2687.420395168777,2687.420395168777,-10119.283398,-10119.283398,-10119.283398,299114.4151295634,299114.4151295634,299114.4151295634,178433.09046342876,178433.09046342876,178433.09046342876,824.9385047022213,824.9385047022213,824.9385047022213,-7576.709914533621,-7576.709914533621,-7576.709914533621,-64.71583002115979,-64.71583002115979,-64.71583002115979,-133.64156323925982,-133.64156323925982,-133.64156323925982,0.0,0.0,0.0,307061.5923012988
,,2024-10-30,21129.934306569343,2.014598540145985,20377.45503649635,23180.07299270073,23358729.795620438,1136.3868613138686,2,2024-10-30,18264.454158588713,304240.20098132227,309922.0983737979,18215.963679322525,18313.942761984308,-522.558901430314,-522.558901430314,-522.558901430314,125114.48266584412,125114.48266584412,125114.48266584412,288752.2039151047,288752.2039151047,288752.2039151047,2613.6023761994556,2613.6023761994556,2613.6023761994556,-10119.283398,-10119.283398,-10119.283398,298934.8673590065,298934.8673590065,298934.8673590065,178432.98775815396,178432.98775815396,178432.98775815396,829.6976028107097,829.6976028107097,829.6976028107097,-7533.344142571426,-7533.344142571426,-7533.344142571426,58.171106888064585,58.171106888064585,58.171106888064585,-121.55115278994168,-121.55115278994168,-121.55115278994168,0.0,0.0,0.0,307016.6580736934
,,2024-10-31,16720.48175182482,3.18978102189781,17202.335795620438,18975.401459854016,23358740.656934306,1136.3868613138686,3,2024-10-31,18264.090354181648,303802.6134365934,309351.7882735732,18214.05446385141,18314.400934887908,-286.80596297553035,-286.80596297553035,-286.80596297553035,125114.48266584412,125114.48266584412,125114.48266584412,288399.4415773797,288399.4415773797,288399.4415773797,3087.0149370495224,3087.0149370495224,3087.0149370495224,-10119.283398,-10119.283398,-10119.283398,298779.1936504903,298779.1936504903,298779.1936504903,178432.88125958326,178432.88125958326,178432.88125958326,951.387538642276,951.387538642276,951.387538642276,-8519.766787653323,-8519.766787653323,-8519.766787653323,-154.09129851000856,-154.09129851000856,-154.09129851000856,-106.37737660061902,-106.37737660061902,-106.37737660061902,0.0,0.0,0.0,306663.53193156136
