Detail,Value,ds,amount_paid,Number_of_Months,Coupon_Discount,payable_amount,id,Transaction_Year,transaction_type_id,magazine_fee_paid,day_of_week,ds,trend,yhat_lower,yhat_upper,trend_lower,trend_upper,Coupon_Discount,Coupon_Discount_lower,Coupon_Discount_upper,Number_of_Months,Number_of_Months_lower,Number_of_Months_upper,Transaction_Year,Transaction_Year_lower,Transaction_Year_upper,additive_terms,additive_terms_lower,additive_terms_upper,amount_paid,amount_paid_lower,amount_paid_upper,daily,daily_lower,daily_upper,extra_regressors_additive,extra_regressors_additive_lower,extra_regressors_additive_upper,id,id_lower,id_upper,magazine_fee_paid,magazine_fee_paid_lower,magazine_fee_paid_upper,payable_amount,payable_amount_lower,payable_amount_upper,transaction_type_id,transaction_type_id_lower,transaction_type_id_upper,weekly,weekly_lower,weekly_upper,yearly,yearly_lower,yearly_upper,multiplicative_terms,multiplicative_terms_lower,multiplicative_terms_upper,yhat
Forecasting Period,2024-08-15 00:00:00 to 2024-10-31 00:00:00,2024-08-15,22596.861313868612,1.686131386861314,3081.343065693431,26978.160583941608,23357796.386861313,1136.3868613138686,1.0364963503649636,35.03649635036496,3,2024-08-15,101646.4966209829,2062202.708115093,2068803.4350370325,101646.4966209829,101646.4966209829,-2263.221430485709,-2263.221430485709,-2263.221430485709,-420.0405605844897,-420.0405605844897,-420.0405605844897,2204704.091813268,2204704.091813268,2204704.091813268,1963794.1366996742,1963794.1366996742,1963794.1366996742,-17507.558402277762,-17507.558402277762,-17507.558402277762,-50982.4565435352,-50982.4565435352,-50982.4565435352,2015213.1449743353,2015213.1449743353,2015213.1449743353,-166646.01239474787,-166646.01239474787,-166646.01239474787,-10.675832041197951,-10.675832041197951,-10.675832041197951,-2550.37973167039,-2550.37973167039,-2550.37973167039,-93.05848712547777,-93.05848712547777,-93.05848712547777,218.7034279031282,218.7034279031282,218.7034279031282,-655.255159028921,-655.255159028921,-655.255159028921,0.0,0.0,0.0,2065440.633320657
Regressors,"amount_paid, Number_of_Months, Coupon_Discount, payable_amount, id, Transaction_Year, transaction_type_id, magazine_fee_paid",2024-08-16,22908.350364963506,3.0,3640.2233576642334,25154.71532846716,23357808.211678833,1136.3868613138686,0.8686131386861314,43.79562043795621,4,2024-08-16,101655.1053513412,2062425.868353921,2069013.3257084314,101655.1053513412,101655.1053513412,-1988.4769082558903,-1988.4769082558903,-1988.4769082558903,-231.89953728723833,-231.89953728723833,-231.89953728723833,2204704.091813268,2204704.091813268,2204704.091813268,1963984.1360237033,1963984.1360237033,1963984.1360237033,-17269.175051567883,-17269.175051567883,-17269.175051567883,-50982.4565435352,-50982.4565435352,-50982.4565435352,2015709.8302219918,2015709.8302219918,2015709.8302219918,-166645.90411347174,-166645.90411347174,-166645.90411347174,-10.490788827061396,-10.490788827061396,-10.490788827061396,-2737.3719322058896,-2737.3719322058896,-2737.3719322058896,-110.94325966079379,-110.94325966079379,-110.94325966079379,-79.45642856768514,-79.45642856768514,-79.45642856768514,-663.7812261852193,-663.7812261852193,-663.7812261852193,0.0,0.0,0.0,2065639.2413750445
Number of Days in future_df,78,2024-08-17,17067.777372262775,2.227007299270073,2691.1182481751825,23838.45766423358,21022036.39051095,1022.7481751824818,0.716058394160584,264.0875912408759,5,2024-08-17,101663.71408169952,2318596.459709364,2325445.862950207,101663.71408169952,101663.71408169952,-2455.0552320914207,-2455.0552320914207,-2455.0552320914207,-342.58917266045455,-342.58917266045455,-342.58917266045455,2487672.3399308263,2487672.3399308263,2487672.3399308263,2220181.1962401047,2220181.1962401047,2220181.1962401047,-21738.980186520923,-21738.980186520923,-21738.980186520923,-50982.4565435352,-50982.4565435352,-50982.4565435352,2272095.483094302,2272095.483094302,2272095.483094302,-188034.84758628963,-188034.84758628963,-188034.84758628963,-5.836951991526996,-5.836951991526996,-5.836951991526996,-2872.3526322668367,-2872.3526322668367,-2872.3526322668367,-127.19507470375486,-127.19507470375486,-127.19507470375486,-262.61152277584364,-262.61152277584364,-262.61152277584364,-669.2187878860396,-669.2187878860396,-669.2187878860396,0.0,0.0,0.0,2321844.910321804
Weekend Adjustment Factor,0.9,2024-08-18,14506.784671532849,1.9116788321167881,3378.4764700729925,13899.192700729927,21022045.351094894,1022.7481751824818,1.0116788321167882,59.12408759124088,6,2024-08-18,101672.32281205783,2314882.2891380824,2321722.7654970684,101672.32281205783,101672.32281205783,-2117.151196130322,-2117.151196130322,-2117.151196130322,-387.743018251795,-387.743018251795,-387.743018251795,2487672.3399308263,2487672.3399308263,2487672.3399308263,2216846.752131823,2216846.752131823,2216846.752131823,-23698.914312608547,-23698.914312608547,-23698.914312608547,-50982.4565435352,-50982.4565435352,-50982.4565435352,2269436.2838336243,2269436.2838336243,2269436.2838336243,-188034.76553314482,-188034.76553314482,-188034.76553314482,-10.16696320232242,-10.16696320232242,-10.16696320232242,-3891.6127507985307,-3891.6127507985307,-3891.6127507985307,-95.70232306548102,-95.70232306548102,-95.70232306548102,-936.3051857274577,-936.3051857274577,-936.3051857274577,-670.7699725389801,-670.7699725389801,-670.7699725389801,0.0,0.0,0.0,2318519.074943881
,,2024-08-19,21626.985401459857,3.35036496350365,4250.014635036497,23045.036496350367,23357836.94890511,1136.3868613138686,1.1240875912408759,87.59124087591242,0,2024-08-19,101680.93154241616,2062201.86879851,2069065.1348125048,101680.93154241616,101680.93154241616,-1688.7046393666774,-1688.7046393666774,-1688.7046393666774,-181.72859774130455,-181.72859774130455,-181.72859774130455,2204704.091813268,2204704.091813268,2204704.091813268,1963858.5141688795,1963858.5141688795,1963858.5141688795,-18249.806866421568,-18249.806866421568,-18249.806866421568,-50982.4565435352,-50982.4565435352,-50982.4565435352,2014891.2008175468,2014891.2008175468,2014891.2008175468,-166645.6409632347,-166645.6409632347,-166645.6409632347,-9.56557275637861,-9.56557275637861,-9.56557275637861,-2953.7170547459336,-2953.7170547459336,-2953.7170547459336,-83.72730145487813,-83.72730145487813,-83.72730145487813,617.412434806715,617.412434806715,617.412434806715,-667.6425399387812,-667.6425399387812,-667.6425399387812,0.0,0.0,0.0,2065539.4457112956
,,2024-08-20,30185.35766423358,2.6715328467153285,5728.972262773723,36799.29197080292,23357846.635036495,1136.3868613138686,0.5620437956204379,128.46715328467153,1,2024-08-20,101689.54027277447,2070203.4290761354,2077173.3567372698,101689.54027277447,101689.54027277447,-961.6517934022361,-961.6517934022361,-961.6517934022361,-278.93479311155113,-278.93479311155113,-278.93479311155113,2204704.091813268,2204704.091813268,2204704.091813268,1972035.5514642347,1972035.5514642347,1972035.5514642347,-11700.063145250031,-11700.063145250031,-11700.063145250031,-50982.4565435352,-50982.4565435352,-50982.4565435352,2023422.3512933766,2023422.3512933766,2023422.3512933766,-166645.5522661647,-166645.5522661647,-166645.5522661647,-8.70203775707468,-8.70203775707468,-8.70203775707468,-1543.234074698296,-1543.234074698296,-1543.234074698296,-143.6024095078926,-143.6024095078926,-143.6024095078926,254.73836915298716,254.73836915298716,254.73836915298716,-659.081654759793,-659.081654759793,-659.081654759793,0.0,0.0,0.0,2073725.0917370091
,,2024-08-21,21984.92700729927,1.686131386861314,2908.2481459854016,36932.401459854016,23357860.467153285,1136.3868613138686,1.1240875912408759,0.0,2,2024-08-21,101698.14900313278,2062768.2982133832,2069345.7945171436,101698.14900313278,101698.14900313278,-2348.3145742211755,-2348.3145742211755,-2348.3145742211755,-420.0405605844897,-420.0405605844897,-420.0405605844897,2204704.091813268,2204704.091813268,2204704.091813268,1964250.3710892205,1964250.3710892205,1964250.3710892205,-17975.873259257707,-17975.873259257707,-17975.873259257707,-50982.4565435352,-50982.4565435352,-50982.4565435352,2015689.7106583908,2015689.7106583908,2015689.7106583908,-166645.42560380782,-166645.42560380782,-166645.42560380782,-11.416004897744177,-11.416004897744177,-11.416004897744177,-1529.5838506539533,-1529.5838506539533,-1529.5838506539533,-83.72730145487813,-83.72730145487813,-83.72730145487813,187.51890520381806,187.51890520381806,187.51890520381806,-644.4019308385848,-644.4019308385848,-644.4019308385848,0.0,0.0,0.0,2065948.5200923532
,,2024-08-22,26438.788321167885,1.9489051094890513,5750.732846715328,27270.985401459857,23357872.408759125,1136.3868613138686,1.1240875912408759,315.3284671532847,3,2024-08-22,101706.75773349109,2066560.735516316,2073224.6401165838,101706.75773349109,101706.75773349109,-950.9543304135237,-950.9543304135237,-950.9543304135237,-382.4123559250394,-382.4123559250394,-382.4123559250394,2204704.091813268,2204704.091813268,2204704.091813268,1968162.4823829331,1968162.4823829331,1968162.4823829331,-14567.322044166553,-14567.322044166553,-14567.322044166553,-50982.4565435352,-50982.4565435352,-50982.4565435352,2019549.2541934897,2019549.2541934897,2019549.2541934897,-166645.316253087,-166645.316253087,-166645.316253087,-4.754449188828137,-4.754449188828137,-4.754449188828137,-2520.3508855425716,-2520.3508855425716,-2520.3508855425716,-83.72730145487813,-83.72730145487813,-83.72730145487813,218.70342790288274,218.70342790288274,218.70342790288274,-623.0186949239867,-623.0186949239867,-623.0186949239867,0.0,0.0,0.0,2069869.2401164242
,,2024-08-23,23012.116788321167,1.686131386861314,3928.1167883211683,22189.525547445253,23357885.357664235,1136.3868613138686,1.416058394160584,0.0,4,2024-08-23,101715.36646384942,2062354.8290111767,2068785.7378152409,101715.36646384942,101715.36646384942,-1846.9490279650688,-1846.9490279650688,-1846.9490279650688,-420.0405605844897,-420.0405605844897,-420.0405605844897,2204704.091813268,2204704.091813268,2204704.091813268,1963840.2637402022,1963840.2637402022,1963840.2637402022,-17189.762347961674,-17189.762347961674,-17189.762347961674,-50982.4565435352,-50982.4565435352,-50982.4565435352,2015496.6541318265,2015496.6541318265,2015496.6541318265,-166645.19767840562,-166645.19767840562,-166645.19767840562,-11.416004897744177,-11.416004897744177,-11.416004897744177,-3041.4487124075495,-3041.4487124075495,-3041.4487124075495,-52.623349219545915,-52.623349219545915,-52.623349219545915,-79.45642856851765,-79.45642856851765,-79.45642856851765,-594.4774195204287,-594.4774195204287,-594.4774195204287,0.0,0.0,0.0,2065555.6302040515
,,2024-08-24,12436.535036496352,3.1335766423357665,2438.947445255474,16720.265693430658,21022106.62992701,1022.7481751824818,0.9328467153284672,150.96350364963504,5,2024-08-24,101723.97519420773,2314411.9093153416,2321050.261492498,101723.97519420773,101723.97519420773,-2579.021934377828,-2579.021934377828,-2579.021934377828,-212.7718665853511,-212.7718665853511,-212.7718665853511,2487672.3399308263,2487672.3399308263,2487672.3399308263,2216044.8696623202,2216044.8696623202,2216044.8696623202,-25283.28154179745,-25283.28154179745,-25283.28154179745,-50982.4565435352,-50982.4565435352,-50982.4565435352,2267848.418036843,2267848.418036843,2267848.418036843,-188034.20439550956,-188034.20439550956,-188034.20439550956,-8.226785102100623,-8.226785102100623,-8.226785102100623,-3602.3149804417667,-3602.3149804417667,-3602.3149804417667,-104.1003901690207,-104.1003901690207,-104.1003901690207,-262.61152277471456,-262.61152277471456,-262.61152277471456,-558.4803082133456,-558.4803082133456,-558.4803082133456,0.0,0.0,0.0,2317768.844856528
,,2024-08-25,15189.582481751826,1.5503649635036498,2335.743091970803,19563.293430656937,21022113.51459854,1022.7481751824818,0.8343065693430658,59.12408759124088,6,2024-08-25,101732.58392456605,2315895.387288072,2322410.203830793,101732.58392456605,101732.58392456605,-2629.757004378678,-2629.757004378678,-2629.757004378678,-439.481799658539,-439.481799658539,-439.481799658539,2487672.3399308263,2487672.3399308263,2487672.3399308263,2217523.3908103523,2217523.3908103523,2217523.3908103523,-23176.367438857345,-23176.367438857345,-23176.367438857345,-50982.4565435352,-50982.4565435352,-50982.4565435352,2269957.061622493,2269957.061622493,2269957.061622493,-188034.14135174442,-188034.14135174442,-188034.14135174442,-10.16696320232242,-10.16696320232242,-10.16696320232242,-3310.7657764438222,-3310.7657764438222,-3310.7657764438222,-114.59797404844532,-114.59797404844532,-114.59797404844532,-936.3051857268459,-936.3051857268459,-936.3051857268459,-514.9090828789465,-514.9090828789465,-514.9090828789465,0.0,0.0,0.0,2319255.974734918
,,2024-08-26,18567.452554744526,1.686131386861314,3028.8759124087587,20135.56204379562,23357912.686131388,1136.3868613138686,1.1240875912408759,105.1094890510949,0,2024-08-26,101741.19265492437,2058931.9235639453,2065578.4775412201,101741.19265492437,101741.19265492437,-2289.0141864104585,-2289.0141864104585,-2289.0141864104585,-420.0405605844897,-420.0405605844897,-420.0405605844897,2204704.091813268,2204704.091813268,2204704.091813268,1960584.9243156195,1960584.9243156195,1960584.9243156195,-20591.275014477706,-20591.275014477706,-20591.275014477706,-50982.4565435352,-50982.4565435352,-50982.4565435352,2011413.8115431704,2011413.8115431704,2011413.8115431704,-166644.9474283453,-166644.9474283453,-166644.9474283453,-9.195486328105499,-9.195486328105499,-9.195486328105499,-3252.0802924969203,-3252.0802924969203,-3252.0802924969203,-83.72730145487813,-83.72730145487813,-83.72730145487813,617.412434808006,617.412434808006,617.412434808006,-463.84311882338693,-463.84311882338693,-463.84311882338693,0.0,0.0,0.0,2062326.116970544
,,2024-08-27,33619.25547445256,3.0437956204379564,6514.455032846716,45110.71532846716,23357923.226277374,1136.3868613138686,1.0364963503649636,583.9416058394161,1,2024-08-27,101749.80138528268,2074439.4613464987,2081365.0730981005,101749.80138528268,101749.80138528268,-575.5099102765142,-575.5099102765142,-575.5099102765142,-225.62816984399657,-225.62816984399657,-225.62816984399657,2204704.091813268,2204704.091813268,2204704.091813268,1976269.674389274,1976269.674389274,1976269.674389274,-9072.09255328875,-9072.09255328875,-9072.09255328875,-50982.4565435352,-50982.4565435352,-50982.4565435352,2027402.9647623312,2027402.9647623312,2027402.9647623312,-166644.85091096093,-166644.85091096093,-166644.85091096093,0.9202093780262662,0.9202093780262662,0.9202093780262662,-690.9072288191737,-690.9072288191737,-690.9072288191737,-93.05848712547777,-93.05848712547777,-93.05848712547777,254.73836915448797,254.73836915448797,254.73836915448797,-405.5721986766142,-405.5721986766142,-405.5721986766142,0.0,0.0,0.0,2078019.4757745569
,,2024-08-28,19220.788321167885,1.9489051094890513,3186.4233540145988,21271.014598540147,23357937.70072993,1136.3868613138686,1.1240875912408759,350.3649635036497,2,2024-08-28,101758.41011564099,2059401.531229897,2065787.4521130542,101758.41011564099,101758.41011564099,-2211.5641542758704,-2211.5641542758704,-2211.5641542758704,-382.4123559250394,-382.4123559250394,-382.4123559250394,2204704.091813268,2204704.091813268,2204704.091813268,1961015.197951201,1961015.197951201,1961015.197951201,-20091.275516610418,-20091.275516610418,-20091.275516610418,-50982.4565435352,-50982.4565435352,-50982.4565435352,2012150.7388948572,2012150.7388948572,2012150.7388948572,-166644.71836665814,-166644.71836665814,-166644.71836665814,-4.014276332281911,-4.014276332281911,-4.014276332281911,-3135.640947154419,-3135.640947154419,-3135.640947154419,-83.72730145487813,-83.72730145487813,-83.72730145487813,187.5189052055461,187.5189052055461,187.5189052055461,-340.6033053267383,-340.6033053267383,-340.6033053267383,0.0,0.0,0.0,2062773.608066842
,,2024-08-29,24647.262773722632,3.131386861313869,4794.102218978102,30126.335766423363,23357948.70072993,1136.3868613138686,1.2408759124087592,289.05109489051097,3,2024-08-29,101767.01884599931,2065682.364237026,2072276.7083499474,101767.01124186702,101767.01884599931,-1421.2321851599324,-1421.2321851599324,-1421.2321851599324,-213.08543495751312,-213.08543495751312,-213.08543495751312,2204704.091813268,2204704.091813268,2204704.091813268,1967149.2280540834,1967149.2280540834,1967149.2280540834,-15938.38103125191,-15938.38103125191,-15938.38103125191,-50982.4565435352,-50982.4565435352,-50982.4565435352,2018182.6422138393,2018182.6422138393,2018182.6422138393,-166644.61763833524,-166644.61763833524,-166644.61763833524,-5.309578831237808,-5.309578831237808,-5.309578831237808,-2227.5380103320986,-2227.5380103320986,-2227.5380103320986,-71.28572056074523,-71.28572056074523,-71.28572056074523,218.70342790364617,218.70342790364617,218.70342790364617,-269.6610441243456,-269.6610441243456,-269.6610441243456,0.0,0.0,0.0,2068916.2469000828
,,2024-08-30,22754.51094890511,2.343065693430657,4575.299270072994,24285.029197080294,23357960.19708029,1136.3868613138686,0.8175182481751825,0.0,4,2024-08-30,101775.62757635763,2062923.5874299854,2069803.1398296729,101775.2473580617,101775.62757635763,-1528.795311867127,-1528.795311867127,-1528.795311867127,-325.970048935864,-325.970048935864,-325.970048935864,2204704.091813268,2204704.091813268,2204704.091813268,1964607.9512088534,1964607.9512088534,1964607.9512088534,-17386.908741860832,-17386.908741860832,-17386.908741860832,-50982.4565435352,-50982.4565435352,-50982.4565435352,2015863.5456511073,2015863.5456511073,2015863.5456511073,-166644.51236487238,-166644.51236487238,-166644.51236487238,-11.416004897744177,-11.416004897744177,-11.416004897744177,-2826.557238424979,-2826.557238424979,-2826.557238424979,-116.3864513019769,-116.3864513019769,-116.3864513019769,-79.45642856935018,-79.45642856935018,-79.45642856935018,-193.68147014942247,-193.68147014942247,-193.68147014942247,0.0,0.0,0.0,2066383.578785211
,,2024-08-31,19196.441605839416,1.754014598540146,3463.3842043795626,19058.268613138687,21022173.860583942,1022.7481751824818,1.0182481751824817,135.98540145985402,5,2024-08-31,101784.23630671593,2320666.816075954,2327264.5237227236,101783.53782505145,101784.23630671593,-2075.4107103217907,-2075.4107103217907,-2075.4107103217907,-410.3199410474651,-410.3199410474651,-410.3199410474651,2487672.3399308263,2487672.3399308263,2487672.3399308263,2222218.143865852,2222218.143865852,2222218.143865852,-20109.908118810654,-20109.908118810654,-20109.908118810654,-50982.4565435352,-50982.4565435352,-50982.4565435352,2273577.0112242326,2273577.0112242326,2273577.0112242326,-188033.5887562987,-188033.5887562987,-188033.5887562987,-8.543208998274135,-8.543208998274135,-8.543208998274135,-3362.5554869762645,-3362.5554869762645,-3362.5554869762645,-95.00248414018606,-95.00248414018606,-95.00248414018606,-262.6115227761548,-262.6115227761548,-262.6115227761548,-113.7992920694087,-113.7992920694087,-113.7992920694087,0.0,0.0,0.0,2324002.380172568
,,2024-09-01,15655.62481751825,1.8131386861313867,2709.1878832116786,16923.66569343066,21022308.998540144,1022.7481751824818,1.0116788321167882,0.0,6,2024-09-01,101792.84503707425,2316742.3557903743,2323693.409868371,101791.83219787868,101793.02863818688,-2446.172232786753,-2446.172232786753,-2446.172232786753,-401.85359499908884,-401.85359499908884,-401.85359499908884,2487672.3399308263,2487672.3399308263,2487672.3399308263,2218333.593521483,2218333.593521483,2218333.593521483,-22819.704072417502,-22819.704072417502,-22819.704072417502,-50982.4565435352,-50982.4565435352,-50982.4565435352,2270283.6838750253,2270283.6838750253,2270283.6838750253,-188032.35128178168,-188032.35128178168,-188032.35128178168,-11.416004897744177,-11.416004897744177,-11.416004897744177,-3581.4565458522266,-3581.4565458522266,-3581.4565458522266,-95.70232306548102,-95.70232306548102,-95.70232306548102,-936.3051857264215,-936.3051857264215,-936.3051857264215,-31.32862428157786,-31.32862428157786,-31.32862428157786,0.0,0.0,0.0,2320126.438558557
,,2024-09-02,24842.70802919708,2.802919708029197,5471.8934306569345,29369.912408759126,23358131.613138687,1136.3868613138686,1.1240875912408759,236.49635036496352,0,2024-09-02,101801.45376743255,2066644.379133616,2073360.0731143504,101799.93360012792,101801.79797877395,-1088.0312738026946,-1088.0312738026946,-1088.0312738026946,-260.12069078182606,-260.12069078182606,-260.12069078182606,2204704.091813268,2204704.091813268,2204704.091813268,1968216.1536172715,1968216.1536172715,1968216.1536172715,-15788.806287881063,-15788.806287881063,-15788.806287881063,-50982.4565435352,-50982.4565435352,-50982.4565435352,2018528.9353836272,2018528.9353836272,2018528.9353836272,-166642.9426874107,-166642.9426874107,-166642.9426874107,-6.419838116057148,-6.419838116057148,-6.419838116057148,-2305.1083501936496,-2305.1083501936496,-2305.1083501936496,-83.72730145487813,-83.72730145487813,-83.72730145487813,617.4124348092971,617.4124348092971,617.4124348092971,52.262342370263134,52.262342370263134,52.262342370263134,0.0,0.0,0.0,2070017.607384704
,,2024-09-03,17762.43795620438,2.6715328467153285,3473.6642335766423,21142.036496350367,23358144.489051096,1136.3868613138686,0.9270072992700731,128.46715328467153,1,2024-09-03,101810.06249779089,2059071.101903834,2066077.3921205387,101808.07173387117,101810.88550244922,-2070.3570669014784,-2070.3570669014784,-2070.3570669014784,-278.93479311155113,-278.93479311155113,-278.93479311155113,2204704.091813268,2204704.091813268,2204704.091813268,1960649.992476183,1960649.992476183,1960649.992476183,-21207.354702337758,-21207.354702337758,-21207.354702337758,-50982.4565435352,-50982.4565435352,-50982.4565435352,2011242.328460557,2011242.328460557,2011242.328460557,-166642.82478113228,-166642.82478113228,-166642.82478113228,-8.70203775707468,-8.70203775707468,-8.70203775707468,-3148.8675022577054,-3148.8675022577054,-3148.8675022577054,-104.72246921372734,-104.72246921372734,-104.72246921372734,254.73836915468172,254.73836915468172,254.73836915468172,135.3821900068405,135.3821900068405,135.3821900068405,0.0,0.0,0.0,2062460.054973974
,,2024-09-04,20789.21897810219,1.248175182481752,3531.4741605839417,25136.532846715327,23358154.218978103,1136.3868613138686,0.9781021897810219,181.75182481751827,2,2024-09-04,101818.6712281492,2061538.9622395101,2068573.0066949872,101815.34960149492,101819.81203708818,-2041.9378132545976,-2041.9378132545976,-2041.9378132545976,-482.7542350169068,-482.7542350169068,-482.7542350169068,2204704.091813268,2204704.091813268,2204704.091813268,1963221.0345797078,1963221.0345797078,1963221.0345797078,-18890.95160781855,-18890.95160781855,-18890.95160781855,-50982.4565435352,-50982.4565435352,-50982.4565435352,2013799.6203137152,2013799.6203137152,2013799.6203137152,-166642.73568302052,-166642.73568302052,-166642.73568302052,-7.576358204410627,-7.576358204410627,-7.576358204410627,-2739.236524665556,-2739.236524665556,-2739.236524665556,-99.2792775725442,-99.2792775725442,-99.2792775725442,187.51890520234292,187.51890520234292,187.51890520234292,216.35190432540543,216.35190432540543,216.35190432540543,0.0,0.0,0.0,2065039.705807857
,,2024-09-05,20041.70072992701,3.131386861313869,3164.7007591240877,23123.8394160584,23358166.518248178,1136.3868613138686,1.0145985401459854,26.277372262773724,3,2024-09-05,101827.27995850751,2060977.835076737,2067960.2849919437,101822.89721162958,101828.80515495491,-2222.24294191703,-2222.24294191703,-2222.24294191703,-213.08543495751312,-213.08543495751312,-213.08543495751312,2204704.091813268,2204704.091813268,2204704.091813268,1962640.9143923558,1962640.9143923558,1962640.9143923558,-19463.02919478481,-19463.02919478481,-19463.02919478481,-50982.4565435352,-50982.4565435352,-50982.4565435352,2013111.2231191506,2013111.2231191506,2013111.2231191506,-166642.62305712528,-166642.62305712528,-166642.62305712528,-10.860875255334507,-10.860875255334507,-10.860875255334507,-2945.635906534553,-2945.635906534553,-2945.635906534553,-95.39128354312768,-95.39128354312768,-95.39128354312768,218.70342790440958,218.70342790440958,218.70342790440958,293.44438883621035,293.44438883621035,293.44438883621035,0.0,0.0,0.0,2064468.1943508633
,,2024-09-06,22231.197080291975,1.686131386861314,3594.832116788322,24604.970802919714,23356908.91240876,1136.3868613138686,0.8686131386861314,65.69343065693431,4,2024-09-06,101835.88868886582,2062849.7044811284,2069454.6665864293,101831.05579363779,101837.90002326046,-2010.7911586723683,-2010.7911586723683,-2010.7911586723683,-420.0405605844897,-420.0405605844897,-420.0405605844897,2204704.091813268,2204704.091813268,2204704.091813268,1964220.0136539745,1964220.0136539745,1964220.0136539745,-17787.402155784854,-17787.402155784854,-17787.402155784854,-50982.4565435352,-50982.4565435352,-50982.4565435352,2014916.9997956948,2014916.9997956948,2014916.9997956948,-166654.13910504003,-166654.13910504003,-166654.13910504003,-10.028180791720002,-10.028180791720002,-10.028180791720002,-2793.747597039169,-2793.747597039169,-2793.747597039169,-110.94325966079379,-110.94325966079379,-110.94325966079379,-79.4564285680552,-79.4564285680552,-79.4564285680552,364.9268303828296,364.9268303828296,364.9268303828296,0.0,0.0,0.0,2066055.9023428403
,,2024-09-07,18552.685401459858,1.8131386861313867,3503.7732481751823,23957.704379562045,21022368.17518248,1022.7481751824818,1.0116788321167882,126.13138686131387,5,2024-09-07,101844.49741922415,2321312.3328040284,2328089.1395483916,101839.02647662841,101846.92231392827,-2055.5555307773193,-2055.5555307773193,-2055.5555307773193,-401.85359499908884,-401.85359499908884,-401.85359499908884,2487672.3399308263,2487672.3399308263,2487672.3399308263,2222800.004042591,2222800.004042591,2222800.004042591,-20602.57635386049,-20602.57635386049,-20602.57635386049,-50982.4565435352,-50982.4565435352,-50982.4565435352,2273615.9673317354,2273615.9673317354,2273615.9673317354,-188031.80939415106,-188031.80939415106,-188031.80939415106,-8.751382614177762,-8.751382614177762,-8.751382614177762,-2860.1240196232957,-2860.1240196232957,-2860.1240196232957,-95.70232306548102,-95.70232306548102,-95.70232306548102,-262.61152277384303,-262.61152277384303,-262.61152277384303,429.1047771647235,429.1047771647235,429.1047771647235,0.0,0.0,0.0,2324644.501461815
,,2024-09-08,15526.103649635039,1.5175182481751825,2370.8667153284673,16476.398540145987,21022105.237226278,1022.7481751824818,1.0116788321167882,94.59854014598541,6,2024-09-08,101853.10614958245,2317093.141360505,2323813.430571893,101846.34658838827,101857.08790996243,-2612.490295824057,-2612.490295824057,-2612.490295824057,-444.18532524097037,-444.18532524097037,-444.18532524097037,2487672.3399308263,2487672.3399308263,2487672.3399308263,2218495.782065218,2218495.782065218,2218495.782065218,-22918.8269464939,-22918.8269464939,-22918.8269464939,-50982.4565435352,-50982.4565435352,-50982.4565435352,2269930.177078614,2269930.177078614,2269930.177078614,-188034.21714863766,-188034.21714863766,-188034.21714863766,-9.417538185069365,-9.417538185069365,-9.417538185069365,-3627.3232747649013,-3627.3232747649013,-3627.3232747649013,-95.70232306548102,-95.70232306548102,-95.70232306548102,-936.3051857285695,-936.3051857285695,-936.3051857285695,484.36671586733945,484.36671586733945,484.36671586733945,0.0,0.0,0.0,2320348.8882148005
,,2024-09-09,23545.24087591241,3.9197080291970803,5160.525547445256,23874.131386861314,23358204.357664235,1136.3868613138686,1.1240875912408759,26.277372262773724,0,2024-09-09,101861.71487994077,2065621.2441165445,2072118.6572992452,101853.4575279061,101866.7909530756,-1241.0991517359744,-1241.0991517359744,-1241.0991517359744,-100.20082097916232,-100.20082097916232,-100.20082097916232,2204704.091813268,2204704.091813268,2204704.091813268,1967139.6554102795,1967139.6554102795,1967139.6554102795,-16781.761148890866,-16781.761148890866,-16781.761148890866,-50982.4565435352,-50982.4565435352,-50982.4565435352,2016975.471624611,2016975.471624611,2016975.471624611,-166642.2765570418,-166642.2765570418,-166642.2765570418,-10.860875255334507,-10.860875255334507,-10.860875255334507,-2868.6943332993046,-2868.6943332993046,-2868.6943332993046,-83.72730145487813,-83.72730145487813,-83.72730145487813,617.412434809641,617.412434809641,617.412434809641,529.2278943941293,529.2278943941293,529.2278943941293,0.0,0.0,0.0,2069001.3702902202
,,2024-09-10,28449.82481751825,2.343065693430657,4668.37299270073,38910.97810218979,23358214.145985402,1136.3868613138686,0.6715328467153284,87.59124087591242,1,2024-09-10,101870.32361029909,2070269.0868072337,2076673.8017755938,101861.18723607864,101876.14260037565,-1483.0404412394043,-1483.0404412394043,-1483.0404412394043,-325.970048935864,-325.970048935864,-325.970048935864,2204704.091813268,2204704.091813268,2204704.091813268,1971591.0904728428,1971591.0904728428,1971591.0904728428,-13028.270778272134,-13028.270778272134,-13028.270778272134,-50982.4565435352,-50982.4565435352,-50982.4565435352,2021756.4365144956,2021756.4365144956,2021756.4365144956,-166642.18692420772,-166642.18692420772,-166642.18692420772,-9.56557275637861,-9.56557275637861,-9.56557275637861,-1326.6831059413075,-1326.6831059413075,-1326.6831059413075,-131.93842741964306,-131.93842741964306,-131.93842741964306,254.7383691548755,254.7383691548755,254.7383691548755,562.3721327273227,562.3721327273227,562.3721327273227,0.0,0.0,0.0,2073461.4140831418
,,2024-09-11,18506.029197080294,1.029197080291971,3279.73102189781,21668.978102189783,14255892.897810219,693.3941605839417,0.5401459854014599,155.47445255474454,2,2024-09-11,101878.93234065741,3079366.2910997397,3085999.7375487117,101868.89109105935,101885.90519757672,-2165.694276591418,-2165.694276591418,-2165.694276591418,-514.1110722331154,-514.1110722331154,-514.1110722331154,3307786.7894562385,3307786.7894562385,3307786.7894562385,2981014.320194111,2981014.320194111,2981014.320194111,-20638.28246389008,-20638.28246389008,-20638.28246389008,-50982.4565435352,-50982.4565435352,-50982.4565435352,3031226.56743521,3031226.56743521,3031226.56743521,-249993.23726409228,-249993.23726409228,-249993.23726409228,-8.131487846820296,-8.131487846820296,-8.131487846820296,-3094.830250448912,-3094.830250448912,-3094.830250448912,-145.93520592554253,-145.93520592554253,-145.93520592554253,187.51890520407085,187.51890520407085,187.51890520407085,582.690397232356,582.690397232356,582.690397232356,0.0,0.0,0.0,3082893.2525347685
,,2024-09-12,23698.992700729927,3.1094890510948905,4011.2701094890513,28853.05109489051,23358235.75182482,1136.3868613138686,1.364963503649635,383.57660583941606,3,2024-09-12,101887.54107101572,2065512.6422747774,2072165.2107887531,101876.40442400948,101895.12038651743,-1806.0710084243726,-1806.0710084243726,-1806.0710084243726,-216.22111867913404,-216.22111867913404,-216.22111867913404,2204704.091813268,2204704.091813268,2204704.091813268,1966781.7869084824,1966781.7869084824,1966781.7869084824,-16664.094492393866,-16664.094492393866,-16664.094492393866,-50982.4565435352,-50982.4565435352,-50982.4565435352,2016956.2250413282,2016956.2250413282,2016956.2250413282,-166641.98907693778,-166641.98907693778,-166641.98907693778,-3.31265491636086,-3.31265491636086,-3.31265491636086,-2358.1118797275353,-2358.1118797275353,-2358.1118797275353,-58.066540860729056,-58.066540860729056,-58.066540860729056,218.70342790416413,218.70342790416413,218.70342790416413,589.3149827848874,589.3149827848874,589.3149827848874,0.0,0.0,0.0,2068669.327979498
,,2024-09-13,15205.080291970802,2.343065693430657,5002.962043795621,21557.087591240874,23358247.408759125,1136.3868613138686,1.3065693430656935,113.86861313868614,4,2024-09-13,101896.14980137403,2058257.539841621,2064850.1182794329,101882.80492948546,101904.48716057661,-1318.5570799417103,-1318.5570799417103,-1318.5570799417103,-325.970048935864,-325.970048935864,-325.970048935864,2204704.091813268,2204704.091813268,2204704.091813268,1959593.3084370007,1959593.3084370007,1959593.3084370007,-23164.506925893314,-23164.506925893314,-23164.506925893314,-50982.4565435352,-50982.4565435352,-50982.4565435352,2010073.57315824,2010073.57315824,2010073.57315824,-166641.88233298843,-166641.88233298843,-166641.88233298843,-9.010443113968941,-9.010443113968941,-9.010443113968941,-3106.3044928472314,-3106.3044928472314,-3106.3044928472314,-64.28733130779548,-64.28733130779548,-64.28733130779548,-79.45642856676017,-79.45642856676017,-79.45642856676017,581.6482508628459,581.6482508628459,581.6482508628459,0.0,0.0,0.0,2061489.4582383747
,,2024-09-14,20299.24379562044,3.981021897810219,3839.7416058394156,23540.00583941606,21022430.72189781,1022.7481751824818,0.8802919708029198,63.065693430656935,5,2024-09-14,101904.75853173235,2323425.4528067894,2329840.659140204,101890.85500088737,101913.5745879151,-1890.3941049104385,-1890.3941049104385,-1890.3941049104385,-91.42090655862388,-91.42090655862388,-91.42090655862388,2487672.3399308263,2487672.3399308263,2487672.3399308263,2224684.9330557426,2224684.9330557426,2224684.9330557426,-19265.930841772748,-19265.930841772748,-19265.930841772748,-50982.4565435352,-50982.4565435352,-50982.4565435352,2275370.6161144194,2275370.6161144194,2275370.6161144194,-188031.23664635676,-188031.23664635676,-188031.23664635676,-10.083693755960969,-10.083693755960969,-10.083693755960969,-2902.958521480628,-2902.958521480628,-2902.958521480628,-109.6991015713805,-109.6991015713805,-109.6991015713805,-262.6115227739985,-262.6115227739985,-262.6115227739985,559.3850076320962,559.3850076320962,559.3850076320962,0.0,0.0,0.0,2326589.691587475
,,2024-09-15,13373.093430656936,1.1233576642335767,2392.606642335767,17245.845985401458,21022440.12919708,1022.7481751824818,0.8802919708029198,47.299270072992705,6,2024-09-15,101913.36726209067,2315485.4850488314,2322053.4923269604,101898.44182555354,101922.8698062675,-2601.8029877462054,-2601.8029877462054,-2601.8029877462054,-500.6276322301457,-500.6276322301457,-500.6276322301457,2487672.3399308263,2487672.3399308263,2487672.3399308263,2216907.46058879,2216907.46058879,2216907.46058879,-24566.531057789438,-24566.531057789438,-24566.531057789438,-50982.4565435352,-50982.4565435352,-50982.4565435352,2268303.694547567,2268303.694547567,2268303.694547567,-188031.150502586,-188031.150502586,-188031.150502586,-10.416771541406773,-10.416771541406773,-10.416771541406773,-3548.417329794647,-3548.417329794647,-3548.417329794647,-109.6991015713805,-109.6991015713805,-109.6991015713805,-936.3051857283324,-936.3051857283324,-936.3051857283324,522.5277704864518,522.5277704864518,522.5277704864518,0.0,0.0,0.0,2318820.8278508806
,,2024-09-16,26491.700729927008,2.4744525547445257,5136.759124087592,31055.693430656935,23358276.562043797,1136.3868613138686,1.1240875912408759,52.55474452554745,0,2024-09-16,101921.97599244898,2068251.6544413948,2074937.240782693,101905.31546075722,101933.08348625053,-1252.7826816874192,-1252.7826816874192,-1252.7826816874192,-307.15594660613885,-307.15594660613885,-307.15594660613885,2204704.091813268,2204704.091813268,2204704.091813268,1969855.7935135944,1969855.7935135944,1969855.7935135944,-14526.828045260994,-14526.828045260994,-14526.828045260994,-50982.4565435352,-50982.4565435352,-50982.4565435352,2019749.443262309,2019749.443262309,2019749.443262309,-166641.61537285463,-166641.61537285463,-166641.61537285463,-10.305745612924838,-10.305745612924838,-10.305745612924838,-2132.233457482032,-2132.233457482032,-2132.233457482032,-83.72730145487813,-83.72730145487813,-83.72730145487813,617.412434809985,617.412434809985,617.412434809985,471.3943600104654,471.3943600104654,471.3943600104654,0.0,0.0,0.0,2071777.7695060433
,,2024-09-17,18594.598540145984,3.656934306569343,3032.598540145985,22903.10218978102,23358288.087591242,1136.3868613138686,1.0145985401459854,0.0,1,2024-09-17,101930.5847228073,2060108.9239630445,2067045.6068758531,101911.39461910272,101943.53592671482,-2287.1841494708888,-2287.1841494708888,-2287.1841494708888,-137.82902563861262,-137.82902563861262,-137.82902563861262,2204704.091813268,2204704.091813268,2204704.091813268,1961670.8884275495,1961670.8884275495,1961670.8884275495,-20570.500123881793,-20570.500123881793,-20570.500123881793,-50982.4565435352,-50982.4565435352,-50982.4565435352,2011991.9891401923,2011991.9891401923,2011991.9891401923,-166641.5098320306,-166641.5098320306,-166641.5098320306,-11.416004897744177,-11.416004897744177,-11.416004897744177,-2968.2722536131337,-2968.2722536131337,-2968.2722536131337,-95.39128354312768,-95.39128354312768,-95.39128354312768,254.73836915317548,254.73836915317548,254.73836915317548,406.6174617393624,406.6174617393624,406.6174617393624,0.0,0.0,0.0,2063601.473150357
,,2024-09-18,18261.299270072992,1.9489051094890513,3098.4671532846714,21045.19708029197,23358296.927007303,1136.3868613138686,0.9051094890510948,433.57664233576645,2,2024-09-18,101939.19345316562,2059716.4239396993,2066304.7979521265,101917.73027380275,101953.37423890304,-2254.803260563691,-2254.803260563691,-2254.803260563691,-382.4123559250394,-382.4123559250394,-382.4123559250394,2204704.091813268,2204704.091813268,2204704.091813268,1960865.9608990683,1960865.9608990683,1960865.9608990683,-20825.574889784082,-20825.574889784082,-20825.574889784082,-50982.4565435352,-50982.4565435352,-50982.4565435352,2011331.7625148364,2011331.7625148364,2011331.7625148364,-166641.4288884347,-166641.4288884347,-166641.4288884347,-2.256365797984623,-2.256365797984623,-2.256365797984623,-3158.7982722947913,-3158.7982722947913,-3158.7982722947913,-107.05526563137727,-107.05526563137727,-107.05526563137727,187.5189052043044,187.5189052043044,187.5189052043044,329.1360225626059,329.1360225626059,329.1360225626059,0.0,0.0,0.0,2062805.154352234
,,2024-09-19,26639.905109489053,5.233576642335766,5659.708026277373,33060.01459854015,23358306.7810219,1136.3868613138686,0.9270072992700731,591.2408759124088,3,2024-09-19,101947.80218352392,2068751.9499795914,2075558.9293572353,101924.51925052176,101962.85575039701,-995.7019644982618,-995.7019644982618,-995.7019644982618,87.94020231808906,87.94020231808906,87.94020231808906,2204704.091813268,2204704.091813268,2204704.091813268,1970187.669294193,1970187.669294193,1970187.669294193,-14413.406862507722,-14413.406862507722,-14413.406862507722,-50982.4565435352,-50982.4565435352,-50982.4565435352,2020711.2438359144,2020711.2438359144,2020711.2438359144,-166641.33865403794,-166641.33865403794,-166641.33865403794,1.0744120564733974,1.0744120564733974,1.0744120564733974,-1926.692641470615,-1926.692641470615,-1926.692641470615,-104.72246921372734,-104.72246921372734,-104.72246921372734,218.70342790237862,218.70342790237862,218.70342790237862,240.1785739113357,240.1785739113357,240.1785739113357,0.0,0.0,0.0,2072135.471477717
,,2024-09-20,16284.036496350365,2.1240875912408756,2658.394160583942,17626.934306569343,23358318.846715327,1136.3868613138686,1.0364963503649636,376.6423357664234,4,2024-09-20,101956.41091388224,2056826.2708085154,2063530.3555014075,101931.47843533938,101972.64384210792,-2471.1423332825498,-2471.1423332825498,-2471.1423332825498,-357.32688615207263,-357.32688615207263,-357.32688615207263,2204704.091813268,2204704.091813268,2204704.091813268,1958369.0864176394,1958369.0864176394,1958369.0864176394,-22338.779041188773,-22338.779041188773,-22338.779041188773,-50982.4565435352,-50982.4565435352,-50982.4565435352,2009289.7605882755,2009289.7605882755,2009289.7605882755,-166641.22816703218,-166641.22816703218,-166641.22816703218,-3.459146689872241,-3.459146689872241,-3.459146689872241,-3509.3371635216977,-3509.3371635216977,-3509.3371635216977,-93.05848712547777,-93.05848712547777,-93.05848712547777,-79.45642856759275,-79.45642856759275,-79.45642856759275,141.23880146667295,141.23880146667295,141.23880146667295,0.0,0.0,0.0,2060325.4973315217
,,2024-09-21,19083.396350364965,2.5029197080291974,3286.957664233577,21253.585401459855,21022494.076642334,1022.7481751824818,0.6043795620437956,157.66423357664235,5,2024-09-21,101965.01964424057,2321245.922877726,2327887.367566733,101938.56414169453,101982.49367682515,-2162.141672528633,-2162.141672528633,-2162.141672528633,-303.0795577680317,-303.0795577680317,-303.0795577680317,2487672.3399308263,2487672.3399308263,2487672.3399308263,2222484.4102468328,2222484.4102468328,2222484.4102468328,-20196.421935868202,-20196.421935868202,-20196.421935868202,-50982.4565435352,-50982.4565435352,-50982.4565435352,2273695.4344106996,2273695.4344106996,2273695.4344106996,-188030.65649934192,-188030.65649934192,-188030.65649934192,-8.085227043286158,-8.085227043286158,-8.085227043286158,-3137.4282911428527,-3137.4282911428527,-3137.4282911428527,-139.09233643376945,-139.09233643376945,-139.09233643376945,-262.61152277415414,-262.61152277415414,-262.61152277415414,34.04390244228768,34.04390244228768,34.04390244228768,0.0,0.0,0.0,2324449.429891073
,,2024-09-22,13015.491240875912,1.0576642335766426,1929.3437627737226,14375.246715328467,21022503.378832117,1022.7481751824818,0.9985401459854014,119.56207007299271,6,2024-09-22,101973.62837459888,2314312.572880309,2321147.1455958528,101945.11024864214,101992.11816579783,-2829.5421661367236,-2829.5421661367236,-2829.5421661367236,-510.03468339500836,-510.03468339500836,-510.03468339500836,2487672.3399308263,2487672.3399308263,2487672.3399308263,2215514.9554770566,2215514.9554770566,2215514.9554770566,-24840.204908993986,-24840.204908993986,-24840.204908993986,-50982.4565435352,-50982.4565435352,-50982.4565435352,2267513.200726268,2267513.200726268,2267513.200726268,-188030.5713180714,-188030.5713180714,-188030.5713180714,-8.890164469650538,-8.890164469650538,-8.890164469650538,-3842.7939625753665,-3842.7939625753665,-3842.7939625753665,-97.10200091607096,-97.10200091607096,-97.10200091607096,-936.3051857277205,-936.3051857277205,-936.3051857277205,-79.48351994866603,-79.48351994866603,-79.48351994866603,0.0,0.0,0.0,2317488.5838516555
,,2024-09-23,32891.21167883212,4.642335766423358,6590.963503649635,40554.31386861314,23358346.277372263,1136.3868613138686,1.1240875912408759,479.56204379562047,0,2024-09-23,101982.23710495718,2074430.6372105877,2081360.5164494643,101951.65361108579,102001.55603904613,-537.8984869372563,-537.8984869372563,-537.8984869372563,3.2767418343259793,3.2767418343259793,3.2767418343259793,2204704.091813268,2204704.091813268,2204704.091813268,1976093.7404842654,1976093.7404842654,1976093.7404842654,-9629.266292954688,-9629.266292954688,-9629.266292954688,-50982.4565435352,-50982.4565435352,-50982.4565435352,2026656.0536785708,2026656.0536785708,2026656.0536785708,-166640.97698120773,-166640.97698120773,-166640.97698120773,-1.2848889237677001,-1.2848889237677001,-1.2848889237677001,-1158.1609250534366,-1158.1609250534366,-1158.1609250534366,-83.72730145487813,-83.72730145487813,-83.72730145487813,617.4124348072471,617.4124348072471,617.4124348072471,-197.26908557764324,-197.26908557764324,-197.26908557764324,0.0,0.0,0.0,2078075.9775892226
,,2024-09-24,24898.116788321167,3.591240875912409,5002.540145985402,26946.569343065694,23358361.13868613,1136.3868613138686,0.5620437956204379,140.14598540145985,1,2024-09-24,101990.8458353155,2065829.7201896263,2072307.588967623,101958.80857139359,102011.48023255818,-1318.764484128195,-1318.764484128195,-1318.764484128195,-147.23607680347516,-147.23607680347516,-147.23607680347516,2204704.091813268,2204704.091813268,2204704.091813268,1967100.31857227,1967100.31857227,1967100.31857227,-15746.401825790834,-15746.401825790834,-15746.401825790834,-50982.4565435352,-50982.4565435352,-50982.4565435352,2018145.1714323377,2018145.1714323377,2018145.1714323377,-166640.84089436938,-166640.84089436938,-166640.84089436938,-8.455313471559272,-8.455313471559272,-8.455313471559272,-2553.619376859243,-2553.619376859243,-2553.619376859243,-143.6024095078926,-143.6024095078926,-143.6024095078926,254.73836915147555,254.73836915147555,254.73836915147555,-317.1346856838492,-317.1346856838492,-317.1346856838492,0.0,0.0,0.0,2069091.1644075855
,,2024-09-25,26412.189781021898,4.094890510948905,4794.618,29798.350364963506,23358372.715328466,1136.3868613138686,1.0145985401459854,153.04131386861314,2,2024-09-25,101999.45456567382,2066832.6221462416,2073442.5519365908,101964.63449625608,102021.88775797059,-1420.9786281594936,-1420.9786281594936,-1420.9786281594936,-75.1153512061955,-75.1153512061955,-75.1153512061955,2204704.091813268,2204704.091813268,2204704.091813268,1968383.0509189055,1968383.0509189055,1968383.0509189055,-14587.67797353776,-14587.67797353776,-14587.67797353776,-50982.4565435352,-50982.4565435352,-50982.4565435352,2019614.8382677417,2019614.8382677417,2019614.8382677417,-166640.73488566326,-166640.73488566326,-166640.73488566326,-8.182889767653863,-8.182889767653863,-8.182889767653863,-2261.1725336490813,-2261.1725336490813,-2261.1725336490813,-95.39128354312768,-95.39128354312768,-95.39128354312768,187.51890520356682,187.51890520356682,187.51890520356682,-436.8497105044925,-436.8497105044925,-436.8497105044925,0.0,0.0,0.0,2070382.5054845794
,,2024-09-26,15540.576642335767,1.2846715328467155,2512.569635036497,17871.299270072992,23358385.10948905,1136.3868613138686,1.0145985401459854,229.5620802919708,3,2024-09-26,102008.06329603214,2055745.2470321576,2062787.2405968204,101971.67127011802,102032.44130382552,-2542.829401473202,-2542.829401473202,-2542.829401473202,-477.5280954808721,-477.5280954808721,-477.5280954808721,2204704.091813268,2204704.091813268,2204704.091813268,1957231.189533487,1957231.189533487,1957231.189533487,-22907.750728942527,-22907.750728942527,-22907.750728942527,-50982.4565435352,-50982.4565435352,-50982.4565435352,2008549.1267637578,2008549.1267637578,2008549.1267637578,-166640.62139084426,-166640.62139084426,-166640.62139084426,-6.5663298895685305,-6.5663298895685305,-6.5663298895685305,-3484.2778193367603,-3484.2778193367603,-3484.2778193367603,-95.39128354312768,-95.39128354312768,-95.39128354312768,218.70342790569094,218.70342790569094,218.70342790569094,-554.1841146413899,-554.1841146413899,-554.1841146413899,0.0,0.0,0.0,2059239.252829519
,,2024-09-27,18383.854014598543,1.175182481751825,2473.1094890510944,24993.09489051095,23358393.408759125,1136.3868613138686,1.4744525547445255,61.31386861313869,4,2024-09-27,102016.67202639044,2058120.1718190126,2065068.422460268,101978.37151419267,102042.0506489488,-2562.227936564944,-2562.227936564944,-2562.227936564944,-493.2065140889764,-493.2065140889764,-493.2065140889764,2204704.091813268,2204704.091813268,2204704.091813268,1959736.9844641085,1959736.9844641085,1959736.9844641085,-20731.783436945847,-20731.783436945847,-20731.783436945847,-50982.4565435352,-50982.4565435352,-50982.4565435352,2011465.8593500042,2011465.8593500042,2011465.8593500042,-166640.5453934301,-166640.5453934301,-166640.5453934301,-10.12070239878828,-10.12070239878828,-10.12070239878828,-2753.945921062538,-2753.945921062538,-2753.945921062538,-46.40255877247949,-46.40255877247949,-46.40255877247949,-79.45642856842522,-79.45642856842522,-79.45642856842522,-666.961913792174,-666.961913792174,-666.961913792174,0.0,0.0,0.0,2061753.656490499
,,2024-09-28,12054.744525547445,2.0496350364963507,2222.9014565693433,21887.3299270073,21022564.322627738,1022.7481751824818,0.8145985401459853,122.51821532846716,5,2024-09-28,102025.28075674876,2314400.6670325967,2321449.9000146547,101984.31696852234,102052.50344476769,-2685.229744518932,-2685.229744518932,-2685.229744518932,-367.98821080558344,-367.98821080558344,-367.98821080558344,2487672.3399308263,2487672.3399308263,2487672.3399308263,2215797.4964761185,2215797.4964761185,2215797.4964761185,-25575.46677575455,-25575.46677575455,-25575.46677575455,-50982.4565435352,-50982.4565435352,-50982.4565435352,2267815.6782233547,2267815.6782233547,2267815.6782233547,-188030.01324840562,-188030.01324840562,-188030.01324840562,-8.827713633921146,-8.827713633921146,-8.827713633921146,-3072.438523529233,-3072.438523529233,-3072.438523529233,-116.69749082433026,-116.69749082433026,-116.69749082433026,-262.6115227755944,-262.6115227755944,-262.6115227755944,-773.1136809255402,-773.1136809255402,-773.1136809255402,0.0,0.0,0.0,2317822.777232867
,,2024-09-29,12874.348905109491,4.473722627737227,2502.972262773723,14496.687591240876,21022571.325547446,1022.7481751824818,0.9131386861313868,0.0,6,2024-09-29,102033.88948710708,2314210.3988120807,2320812.6178110843,101991.36785283365,102063.07312573992,-2547.5474520018747,-2547.5474520018747,-2547.5474520018747,-20.868022822154522,-20.868022822154522,-20.868022822154522,2487672.3399308263,2487672.3399308263,2487672.3399308263,2215388.3092351435,2215388.3092351435,2215388.3092351435,-24948.221491948512,-24948.221491948512,-24948.221491948512,-50982.4565435352,-50982.4565435352,-50982.4565435352,2268177.79758908,2268177.79758908,2268177.79758908,-188029.94912182767,-188029.94912182767,-188029.94912182767,-11.416004897744177,-11.416004897744177,-11.416004897744177,-3830.3403413034134,-3830.3403413034134,-3830.3403413034134,-106.19990694490563,-106.19990694490563,-106.19990694490563,-936.3051857272961,-936.3051857272961,-936.3051857272961,-870.7266246739597,-870.7266246739597,-870.7266246739597,0.0,0.0,0.0,2317422.1987222508
,,2024-09-30,24246.291970802922,2.781021897810219,4580.004817518248,25483.051094890514,23358419.87591241,1136.3868613138686,1.0145985401459854,175.18248175182484,0,2024-09-30,102042.4982174654,2064812.2354917426,2071347.2778163105,101997.09826365787,102073.32093284986,-1526.4820734093578,-1526.4820734093578,-1526.4820734093578,-263.2563745034469,-263.2563745034469,-263.2563745034469,2204704.091813268,2204704.091813268,2204704.091813268,1965898.86244427,1965898.86244427,1965898.86244427,-16245.24499067792,-16245.24499067792,-16245.24499067792,-50982.4565435352,-50982.4565435352,-50982.4565435352,2017221.9974406275,2017221.9974406275,2017221.9974406275,-166640.30303052446,-166640.30303052446,-166640.30303052446,-7.715140615013043,-7.715140615013043,-7.715140615013043,-2703.701479367404,-2703.701479367404,-2703.701479367404,-95.39128354312768,-95.39128354312768,-95.39128354312768,617.4124348085381,617.4124348085381,617.4124348085381,-958.0908876308906,-958.0908876308906,-958.0908876308906,0.0,0.0,0.0,2067941.3606617353
,,2024-10-01,25488.737226277375,3.1094890510948905,4554.423357664234,27846.058394160584,23358430.270072997,1136.3868613138686,2.240875912408759,254.014598540146,1,2024-10-01,102051.1069478237,2065437.5777500665,2072161.7775856263,102003.72627051926,102083.11396155591,-1539.0578719596128,-1539.0578719596128,-1539.0578719596128,-216.22111867913404,-216.22111867913404,-216.22111867913404,2204704.091813268,2204704.091813268,2204704.091813268,1966820.565224831,1966820.565224831,1966820.565224831,-15294.398525826227,-15294.398525826227,-15294.398525826227,-50982.4565435352,-50982.4565435352,-50982.4565435352,2018582.0241952976,2018582.0241952976,2018582.0241952976,-166640.2078499459,-166640.2078499459,-166640.2078499459,-6.049751687784034,-6.049751687784034,-6.049751687784034,-2461.377815717305,-2461.377815717305,-2461.377815717305,35.24531584526755,35.24531584526755,35.24531584526755,254.7383691516693,254.7383691516693,254.7383691516693,-1033.7407960832877,-1033.7407960832877,-1033.7407960832877,0.0,0.0,0.0,2068871.6721726547
,,2024-10-02,21422.0,3.656934306569343,3319.1970510948904,24459.598540145984,23358443.430656936,1136.3868613138686,0.8905109489051095,272.99299270073,2,2024-10-02,102059.71567818202,2061403.9005864959,2067834.6943050763,102010.53627197172,102092.99919746672,-2146.2928493236514,-2146.2928493236514,-2146.2928493236514,-137.82902563861262,-137.82902563861262,-137.82902563861262,2204704.091813268,2204704.091813268,2204704.091813268,1962558.8576963972,1962558.8576963972,1962558.8576963972,-18406.682707401684,-18406.682707401684,-18406.682707401684,-50982.4565435352,-50982.4565435352,-50982.4565435352,2014450.2852578731,2014450.2852578731,2014450.2852578731,-166640.08733689605,-166640.08733689605,-166640.08733689605,-5.648818555714357,-5.648818555714357,-5.648818555714357,-2808.6553543361174,-2808.6553543361174,-2808.6553543361174,-108.61046324314387,-108.61046324314387,-108.61046324314387,187.5189052028293,187.5189052028293,187.5189052028293,-1096.4899231434674,-1096.4899231434674,-1096.4899231434674,0.0,0.0,0.0,2064618.5733745792
,,2024-10-03,24621.57664233577,3.1094890510948905,3601.109489051095,24042.934306569343,23358454.11678832,1136.3868613138686,1.1240875912408759,219.4160583941606,3,2024-10-03,102068.32440854034,2063663.0425907464,2070604.4641296824,102016.9221570309,102102.57126280367,-2007.705214029174,-2007.705214029174,-2007.705214029174,-216.22111867913404,-216.22111867913404,-216.22111867913404,2204704.091813268,2204704.091813268,2204704.091813268,1965031.033436434,1965031.033436434,1965031.033436434,-15958.038691915266,-15958.038691915266,-15958.038691915266,-50982.4565435352,-50982.4565435352,-50982.4565435352,2016940.2455428487,2016940.2455428487,2016940.2455428487,-166639.98948270583,-166639.98948270583,-166639.98948270583,-6.7806723836234335,-6.7806723836234335,-6.7806723836234335,-2851.3837892518454,-2851.3837892518454,-2851.3837892518454,-83.72730145487813,-83.72730145487813,-83.72730145487813,218.70342790390546,218.70342790390546,218.70342790390546,-1145.4589907831337,-1145.4589907831337,-1145.4589907831337,0.0,0.0,0.0,2067099.3578449744
,,2024-10-04,15570.394160583943,2.014598540145985,2216.875912408759,16683.19708029197,23358322.489051096,1136.3868613138686,0.8686131386861314,74.45255474452556,4,2024-10-04,102076.93313889865,2054847.7232930362,2061725.613869565,102023.89786758326,102113.4743384807,-2688.191890930888,-2688.191890930888,-2688.191890930888,-373.00530476017695,-373.00530476017695,-373.00530476017695,2204704.091813268,2204704.091813268,2204704.091813268,1956147.8569746243,1956147.8569746243,1956147.8569746243,-22884.93130757003,-22884.93130757003,-22884.93130757003,-50982.4565435352,-50982.4565435352,-50982.4565435352,2008389.8657752266,2008389.8657752266,2008389.8657752266,-166641.1948137255,-166641.1948137255,-166641.1948137255,-9.843137577583445,-9.843137577583445,-9.843137577583445,-3606.1163238167833,-3606.1163238167833,-3606.1163238167833,-110.94325966079379,-110.94325966079379,-110.94325966079379,-79.45642856734008,-79.45642856734008,-79.45642856734008,-1180.0958284996207,-1180.0958284996207,-1180.0958284996207,0.0,0.0,0.0,2058224.790113523
,,2024-10-05,15869.837956204381,3.6262773722627735,2898.499270072993,15392.831386861315,21022626.889051095,1022.7481751824818,0.8014598540145986,59.12408759124088,5,2024-10-05,102085.54186925697,2316853.1195205627,2323818.7884857976,102030.81273252069,102123.9059154183,-2353.1071036649805,-2353.1071036649805,-2353.1071036649805,-142.21898284888184,-142.21898284888184,-142.21898284888184,2487672.3399308263,2487672.3399308263,2487672.3399308263,2218179.8464507265,2218179.8464507265,2218179.8464507265,-22655.766221033693,-22655.766221033693,-22655.766221033693,-50982.4565435352,-50982.4565435352,-50982.4565435352,2270625.10133902,2270625.10133902,2270625.10133902,-188029.44032014254,-188029.44032014254,-188029.44032014254,-10.16696320232242,-10.16696320232242,-10.16696320232242,-3738.4418322386587,-3738.4418322386587,-3738.4418322386587,-118.09716867492018,-118.09716867492018,-118.09716867492018,-262.61152277703457,-262.61152277703457,-262.61152277703457,-1200.186821981706,-1200.186821981706,-1200.186821981706,0.0,0.0,0.0,2320265.3883199836
,,2024-10-06,16346.417518248176,1.8131386861313867,2465.251094890511,21026.15474452555,21022633.786861315,1022.7481751824818,0.8014598540145986,208.9051094890511,6,2024-10-06,102094.1505996153,2316584.655207297,2323497.883384639,102036.75539866362,102134.603334247,-2566.0911086612964,-2566.0911086612964,-2566.0911086612964,-401.85359499908884,-401.85359499908884,-401.85359499908884,2487672.3399308263,2487672.3399308263,2487672.3399308263,2217973.507200069,2217973.507200069,2217973.507200069,-22291.038688940644,-22291.038688940644,-22291.038688940644,-50982.4565435352,-50982.4565435352,-50982.4565435352,2271098.1284474563,2271098.1284474563,2271098.1284474563,-188029.37715606482,-188029.37715606482,-188029.37715606482,-7.002724240587301,-7.002724240587301,-7.002724240587301,-3160.751041788479,-3160.751041788479,-3160.751041788479,-118.09716867492018,-118.09716867492018,-118.09716867492018,-936.3051857266844,-936.3051857266844,-936.3051857266844,-1205.8595181256135,-1205.8595181256135,-1205.8595181256135,0.0,0.0,0.0,2320067.657799684
,,2024-10-07,25548.912408759126,2.014598540145985,4825.678832116789,27488.218978102188,23355939.503649637,1136.3868613138686,1.0145985401459854,137.95620437956205,0,2024-10-07,102102.7593299736,2065614.8810036844,2072366.6980661147,102043.27756802598,102146.70989443964,-1405.7091802963482,-1405.7091802963482,-1405.7091802963482,-373.00530476017695,-373.00530476017695,-373.00530476017695,2204704.091813268,2204704.091813268,2204704.091813268,1966849.4278257291,1966849.4278257291,1966849.4278257291,-15248.346308006192,-15248.346308006192,-15248.346308006192,-50982.4565435352,-50982.4565435352,-50982.4565435352,2018412.048231077,2018412.048231077,2018412.048231077,-166663.01609763107,-166663.01609763107,-166663.01609763107,-8.50157427509341,-8.50157427509341,-8.50157427509341,-2498.073833679022,-2498.073833679022,-2498.073833679022,-95.39128354312768,-95.39128354312768,-95.39128354312768,617.4124348079351,617.4124348079351,617.4124348079351,-1197.5762966208388,-1197.5762966208388,-1197.5762966208388,0.0,0.0,0.0,2068952.1871557026
,,2024-10-08,25087.4598540146,3.591240875912409,4134.671532846715,23672.773722627735,23358503.52554745,1136.3868613138686,1.1240875912408759,648.1751824817519,1,2024-10-08,102111.36806033191,2064615.9806567808,2071070.6867150294,102049.82824555859,102158.3748942946,-1745.4070959730595,-1745.4070959730595,-1745.4070959730595,-147.23607680347516,-147.23607680347516,-147.23607680347516,2204704.091813268,2204704.091813268,2204704.091813268,1965695.7836184923,1965695.7836184923,1965695.7836184923,-15601.497103538075,-15601.497103538075,-15601.497103538075,-50982.4565435352,-50982.4565435352,-50982.4565435352,2017599.6210589707,2017599.6210589707,2017599.6210589707,-166639.53704075646,-166639.53704075646,-166639.53704075646,2.2771929483610167,2.2771929483610167,2.2771929483610167,-2889.3433287197504,-2889.3433287197504,-2889.3433287197504,-83.72730145487813,-83.72730145487813,-83.72730145487813,254.73836915186305,254.73836915186305,254.73836915186305,-1176.1192660950726,-1176.1192660950726,-1176.1192660950726,0.0,0.0,0.0,2067807.1516788243
,,2024-10-09,25341.167883211678,1.5109489051094893,4277.036496350365,27756.328467153286,23358514.86861314,1136.3868613138686,3.664233576642336,94.16058394160585,2,2024-10-09,102119.97679069023,2064847.6925367867,2071732.6324856402,102056.41474425961,102168.43980472448,-1675.4207421115796,-1675.4207421115796,-1675.4207421115796,-445.12603035745656,-445.12603035745656,-445.12603035745656,2204704.091813268,2204704.091813268,2204704.091813268,1966306.1445072654,1966306.1445072654,1966306.1445072654,-15407.333713558844,-15407.333713558844,-15407.333713558844,-50982.4565435352,-50982.4565435352,-50982.4565435352,2018243.6489330668,2018243.6489330668,2018243.6489330668,-166639.4331709398,-166639.4331709398,-166639.4331709398,-9.426790345776192,-9.426790345776192,-9.426790345776192,-2470.5795158805595,-2470.5795158805595,-2470.5795158805595,186.87708299251204,186.87708299251204,186.87708299251204,187.51890520306273,187.51890520306273,187.51890520306273,-1142.5667874689657,-1142.5667874689657,-1142.5667874689657,0.0,0.0,0.0,2068426.1212979557
,,2024-10-10,23850.569343065697,2.6715328467153285,4596.846715328466,29591.240875912405,23358527.211678833,1136.3868613138686,1.1240875912408759,413.86861313868616,3,2024-10-10,102128.58552104855,2064343.705823074,2070969.7687450433,102063.42631198403,102180.82985418034,-1518.2026274639754,-1518.2026274639754,-1518.2026274639754,-278.93479311155113,-278.93479311155113,-278.93479311155113,2204704.091813268,2204704.091813268,2204704.091813268,1965488.7149763405,1965488.7149763405,1965488.7149763405,-16548.092508496382,-16548.092508496382,-16548.092508496382,-50982.4565435352,-50982.4565435352,-50982.4565435352,2017350.7303536613,2017350.7303536613,2017350.7303536613,-166639.32014400282,-166639.32014400282,-166639.32014400282,-2.672713029791875,-2.672713029791875,-2.672713029791875,-2282.411372047535,-2282.411372047535,-2282.411372047535,-83.72730145487813,-83.72730145487813,-83.72730145487813,218.7034279046689,218.7034279046689,218.7034279046689,-1098.2622616902067,-1098.2622616902067,-1098.2622616902067,0.0,0.0,0.0,2067617.3004973892
,,2024-10-11,17436.671532846718,1.905109489051095,2815.6791240875914,23346.63503649635,23358538.459854018,1136.3868613138686,1.0364963503649636,26.277372262773724,4,2024-10-11,102137.19425140687,2057613.5904655368,2064354.7492113789,102070.10042664429,102191.8025069425,-2393.821334899586,-2393.821334899586,-2393.821334899586,-388.68372336828116,-388.68372336828116,-388.68372336828116,2204704.091813268,2204704.091813268,2204704.091813268,1958692.3082054676,1958692.3082054676,1958692.3082054676,-21456.664561788042,-21456.664561788042,-21456.664561788042,-50982.4565435352,-50982.4565435352,-50982.4565435352,2010798.9972142044,2010798.9972142044,2010798.9972142044,-166639.2171431099,-166639.2171431099,-166639.2171431099,-10.860875255334507,-10.860875255334507,-10.860875255334507,-2922.7884735171447,-2922.7884735171447,-2922.7884735171447,-93.05848712547777,-93.05848712547777,-93.05848712547777,-79.45642856604505,-79.45642856604505,-79.45642856604505,-1044.7760366352854,-1044.7760366352854,-1044.7760366352854,0.0,0.0,0.0,2060829.5024568746
,,2024-10-12,18583.318248175183,2.7,3090.547445255475,22580.796350364966,21022693.239416063,1022.7481751824818,1.0116788321167882,331.0948905109489,5,2024-10-12,102145.80298176517,2320166.2715908084,2326664.5479371054,102076.40183159719,102202.82022536625,-2258.6965744449303,-2258.6965744449303,-2258.6965744449303,-274.8584042734441,-274.8584042734441,-274.8584042734441,2487672.3399308263,2487672.3399308263,2487672.3399308263,2221200.4416631176,2221200.4416631176,2221200.4416631176,-20579.132959570667,-20579.132959570667,-20579.132959570667,-50982.4565435352,-50982.4565435352,-50982.4565435352,2273429.3712117816,2273429.3712117816,2273429.3712117816,-188028.83274187104,-188028.83274187104,-188028.83274187104,-4.421371403382335,-4.421371403382335,-4.421371403382335,-3001.324344415919,-3001.324344415919,-3001.324344415919,-95.70232306548102,-95.70232306548102,-95.70232306548102,-262.611522773438,-262.611522773438,-262.611522773438,-983.8614823555313,-983.8614823555313,-983.8614823555313,0.0,0.0,0.0,2323346.2446448826
,,2024-10-13,13552.659854014599,1.5175182481751825,2161.235036496351,21403.826277372264,21022702.5810219,1022.7481751824818,0.9131386861313868,0.0,6,2024-10-13,102154.41171212349,2314984.8674818883,2321592.446241124,102083.16070219986,102213.87924996034,-2715.5448430543133,-2715.5448430543133,-2715.5448430543133,-444.18532524097037,-444.18532524097037,-444.18532524097037,2487672.3399308263,2487672.3399308263,2487672.3399308263,2215978.9487848217,2215978.9487848217,2215978.9487848217,-24429.108424395024,-24429.108424395024,-24429.108424395024,-50982.4565435352,-50982.4565435352,-50982.4565435352,2268815.116963427,2268815.116963427,2268815.116963427,-188028.74719966293,-188028.74719966293,-188028.74719966293,-11.416004897744177,-11.416004897744177,-11.416004897744177,-3122.0212632033536,-3122.0212632033536,-3122.0212632033536,-106.19990694490563,-106.19990694490563,-106.19990694490563,-936.3051857262599,-936.3051857262599,-936.3051857262599,-917.4064493439621,-917.4064493439621,-917.4064493439621,0.0,0.0,0.0,2318133.360496945
,,2024-10-14,20800.16788321168,1.8394160583941608,2807.459854014599,27116.1897810219,23358566.416058395,1136.3868613138686,1.0802919708029197,83.21167883211679,0,2024-10-14,102163.02044248181,2061430.8021777493,2068120.5325061867,102089.45415366754,102225.87997150654,-2397.8619129298454,-2397.8619129298454,-2397.8619129298454,-398.0907745331437,-398.0907745331437,-398.0907745331437,2204704.091813268,2204704.091813268,2204704.091813268,1962539.9040468608,1962539.9040468608,1962539.9040468608,-18882.572383324372,-18882.572383324372,-18882.572383324372,-50982.4565435352,-50982.4565435352,-50982.4565435352,2013752.3296117813,2013752.3296117813,2013752.3296117813,-166638.96114478435,-166638.96114478435,-166638.96114478435,-9.658094363446889,-9.658094363446889,-9.658094363446889,-2536.2249972616087,-2536.2249972616087,-2536.2249972616087,-88.39289429017794,-88.39289429017794,-88.39289429017794,617.4124348092262,617.4124348092262,617.4124348092262,-847.3814561944769,-847.3814561944769,-847.3814561944769,0.0,0.0,0.0,2064702.9244893426
,,2024-10-15,25451.737226277375,3.1094890510948905,5162.800072992701,31238.102189781024,23358576.591240875,1136.3868613138686,0.7956204379562044,8.75912408759124,1,2024-10-15,102171.62917284013,2066376.8959871924,2073233.0185858153,102094.82917650856,102237.4609405504,-1239.980999165898,-1239.980999165898,-1239.980999165898,-216.22111867913404,-216.22111867913404,-216.22111867913404,2204704.091813268,2204704.091813268,2204704.091813268,1967539.3249264052,1967539.3249264052,1967539.3249264052,-15322.714718466908,-15322.714718466908,-15322.714718466908,-50982.4565435352,-50982.4565435352,-50982.4565435352,2019042.829147789,2019042.829147789,2019042.829147789,-166638.86796941466,-166638.86796941466,-166638.86796941466,-11.230961683607621,-11.230961683607621,-11.230961683607621,-2113.5276503495393,-2113.5276503495393,-2113.5276503495393,-118.71924771962684,-118.71924771962684,-118.71924771962684,254.73836915336395,254.73836915336395,254.73836915336395,-775.7860470018255,-775.7860470018255,-775.7860470018255,0.0,0.0,0.0,2069710.9540992454
,,2024-10-16,20057.912408759126,1.686131386861314,3090.944087591241,23379.77372262774,23358588.02189781,1136.3868613138686,1.1240875912408759,0.0,2,2024-10-16,102180.23790319843,2060236.187619863,2066982.4085107269,102100.4438461595,102249.09364357757,-2258.5015858031743,-2258.5015858031743,-2258.5015858031743,-420.0405605844897,-420.0405605844897,-420.0405605844897,2204704.091813268,2204704.091813268,2204704.091813268,1961422.098116457,1961422.098116457,1961422.098116457,-19450.62235638376,-19450.62235638376,-19450.62235638376,-50982.4565435352,-50982.4565435352,-50982.4565435352,2012921.6305670214,2012921.6305670214,2012921.6305670214,-166638.7632975144,-166638.7632975144,-166638.7632975144,-11.416004897744177,-11.416004897744177,-11.416004897744177,-2919.39013960832,-2919.39013960832,-2919.39013960832,-83.72730145487813,-83.72730145487813,-83.72730145487813,187.51890520232521,187.51890520232521,187.51890520232521,-704.5948122316364,-704.5948122316364,-704.5948122316364,0.0,0.0,0.0,2063602.3360196555
,,2024-10-17,22387.562043795624,2.014598540145985,3735.1970802919714,24909.291970802922,23358599.9270073,1136.3868613138686,0.7810218978102189,74.45255474452556,3,2024-10-17,102188.84663355675,2062327.680695005,2069452.2205997403,102106.739820404,102260.27495444157,-1941.7880011274415,-1941.7880011274415,-1941.7880011274415,-373.00530476017695,-373.00530476017695,-373.00530476017695,2204704.091813268,2204704.091813268,2204704.091813268,1963790.793478794,1963790.793478794,1963790.793478794,-17667.735657708577,-17667.735657708577,-17667.735657708577,-50982.4565435352,-50982.4565435352,-50982.4565435352,2015190.2511722809,2015190.2511722809,2015190.2511722809,-166638.6542809951,-166638.6542809951,-166638.6542809951,-9.843137577583445,-9.843137577583445,-9.843137577583445,-2762.539813487034,-2762.539813487034,-2762.539813487034,-120.2744453313935,-120.2744453313935,-120.2744453313935,218.7034279028834,218.7034279028834,218.7034279028834,-635.7045778546034,-635.7045778546034,-635.7045778546034,0.0,0.0,0.0,2065979.6401123507
,,2024-10-18,23767.58394160584,1.686131386861314,4016.7010189781026,30399.642335766424,23358611.204379562,1136.3868613138686,1.1240875912408759,86.86138686131386,4,2024-10-18,102197.45536391507,2063983.617260493,2070923.143849632,102112.52144989703,102270.33102189099,-1803.401183321789,-1803.401183321789,-1803.401183321789,-420.0405605844897,-420.0405605844897,-420.0405605844897,2204704.091813268,2204704.091813268,2204704.091813268,1965304.8813738138,1965304.8813738138,1965304.8813738138,-16611.601444012635,-16611.601444012635,-16611.601444012635,-50982.4565435352,-50982.4565435352,-50982.4565435352,2016937.6785817067,2016937.6785817067,2016937.6785817067,-166638.55101274105,-166638.55101274105,-166638.55101274105,-9.58099148219654,-9.58099148219654,-9.58099148219654,-2199.5107379646756,-2199.5107379646756,-2199.5107379646756,-83.72730145487813,-83.72730145487813,-83.72730145487813,-79.45642856900506,-79.45642856900506,-79.45642856900506,-570.8842357887341,-570.8842357887341,-570.8842357887341,0.0,0.0,0.0,2067502.336737729
,,2024-10-19,17368.370802919708,1.5175182481751825,2363.662773722628,20192.518248175184,21022761.82992701,1022.7481751824818,1.6686131386861316,13.13868613138686,5,2024-10-19,102206.06409427337,2318957.754441759,2325787.3901032275,102119.5815128198,102281.00910692918,-2616.031740249818,-2616.031740249818,-2616.031740249818,-444.18532524097037,-444.18532524097037,-444.18532524097037,2487672.3399308263,2487672.3399308263,2487672.3399308263,2220035.0898821894,2220035.0898821894,2220035.0898821894,-21508.9352814127,-21508.9352814127,-21508.9352814127,-50982.4565435352,-50982.4565435352,-50982.4565435352,2271791.8865633393,2271791.8865633393,2271791.8865633393,-188028.20465031345,-188028.20465031345,-188028.20465031345,-11.138440076539343,-11.138440076539343,-11.138440076539343,-3246.239499657591,-3246.239499657591,-3246.239499657591,-25.718430535983543,-25.718430535983543,-25.718430535983543,-262.61152277230906,-262.61152277230906,-262.61152277230906,-511.7286148422269,-511.7286148422269,-511.7286148422269,0.0,0.0,0.0,2322241.153976463
,,2024-10-20,16239.021897810222,1.9116788321167881,2743.5153284671533,20958.378832116792,21022770.90218978,1022.7481751824818,0.8802919708029198,102.744499270073,6,2024-10-20,102214.67282463169,2317742.5557359518,2324320.742585532,102126.05990414457,102291.43154339626,-2429.2969239208273,-2429.2969239208273,-2429.2969239208273,-387.743018251795,-387.743018251795,-387.743018251795,2487672.3399308263,2487672.3399308263,2487672.3399308263,2218788.924248072,2218788.924248072,2218788.924248072,-22373.2288261592,-22373.2288261592,-22373.2288261592,-50982.4565435352,-50982.4565435352,-50982.4565435352,2271167.3036546963,2271167.3036546963,2271167.3036546963,-188028.1215745122,-188028.1215745122,-188028.1215745122,-9.24544855105201,-9.24544855105201,-9.24544855105201,-3167.701383163722,-3167.701383163722,-3167.701383163722,-109.6991015713805,-109.6991015713805,-109.6991015713805,-936.305185728408,-936.305185728408,-936.305185728408,-459.6176773612896,-459.6176773612896,-459.6176773612896,0.0,0.0,0.0,2321003.5970727038
,,2024-10-21,23449.9197080292,1.686131386861314,3910.1605839416065,28278.4598540146,23358643.671532847,1136.3868613138686,0.9051094890510948,315.62040875912413,0,2024-10-21,102223.28155499003,2064288.9768349938,2071159.5201832978,102133.28882536716,102301.67600112088,-1855.7762649676959,-1855.7762649676959,-1855.7762649676959,-420.0405605844897,-420.0405605844897,-420.0405605844897,2204704.091813268,2204704.091813268,2204704.091813268,1965625.7452250065,1965625.7452250065,1965625.7452250065,-16854.71067733723,-16854.71067733723,-16854.71067733723,-50982.4565435352,-50982.4565435352,-50982.4565435352,2016406.4715094746,2016406.4715094746,2016406.4715094746,-166638.25370711382,-166638.25370711382,-166638.25370711382,-4.748281698500966,-4.748281698500966,-4.748281698500966,-2417.035546460734,-2417.035546460734,-2417.035546460734,-107.05526563137727,-107.05526563137727,-107.05526563137727,617.4124348095702,617.4124348095702,617.4124348095702,-415.6821757424432,-415.6821757424432,-415.6821757424432,0.0,0.0,0.0,2067849.0267799965
,,2024-10-22,22888.109489051098,2.781021897810219,4456.175182481753,32325.131386861318,23358655.518248174,1136.3868613138686,0.8175182481751825,306.56934306569343,1,2024-10-22,102231.89028534833,2064659.3108212964,2070943.7127678902,102140.53343402769,102311.67489912514,-1587.3564939333367,-1587.3564939333367,-1587.3564939333367,-263.2563745034469,-263.2563745034469,-263.2563745034469,2204704.091813268,2204704.091813268,2204704.091813268,1965698.7933734665,1965698.7933734665,1965698.7933734665,-17284.6654445828,-17284.6654445828,-17284.6654445828,-50982.4565435352,-50982.4565435352,-50982.4565435352,2016807.2882669352,2016807.2882669352,2016807.2882669352,-166638.14522531687,-166638.14522531687,-166638.14522531687,-4.939492402964694,-4.939492402964694,-4.939492402964694,-2002.0540642914307,-2002.0540642914307,-2002.0540642914307,-116.3864513019769,-116.3864513019769,-116.3864513019769,254.7383691535577,254.7383691535577,254.7383691535577,-380.7767190870863,-380.7767190870863,-380.7767190870863,0.0,0.0,0.0,2067930.6836588148
,,2024-10-23,21627.94890510949,2.6715328467153285,4105.357700729927,26280.02189781022,23358666.525547445,1136.3868613138686,1.0145985401459854,100.72992700729928,2,2024-10-23,102240.49901570663,2062750.3612532371,2069609.1608495712,102147.29067653022,102321.77150095628,-1759.8177218536957,-1759.8177218536957,-1759.8177218536957,-278.93479311155113,-278.93479311155113,-278.93479311155113,2204704.091813268,2204704.091813268,2204704.091813268,1963901.1744090633,1963901.1744090633,1963901.1744090633,-18249.06949466608,-18249.06949466608,-18249.06949466608,-50982.4565435352,-50982.4565435352,-50982.4565435352,2015051.5730360814,2015051.5730360814,2015051.5730360814,-166638.04443015365,-166638.04443015365,-166638.04443015365,-9.288007935173775,-9.288007935173775,-9.288007935173775,-2621.97304592358,-2621.97304592358,-2621.97304592358,-95.39128354312768,-95.39128354312768,-95.39128354312768,187.51890520405306,187.51890520405306,187.51890520405306,-355.4609886868602,-355.4609886868602,-355.4609886868602,0.0,0.0,0.0,2066141.67342477
,,2024-10-24,16162.07299270073,2.277372262773723,2963.1824817518245,18755.12408759124,23358679.036496352,1136.3868613138686,0.759124087591241,159.12411678832117,3,2024-10-24,102249.10774606495,2057185.962307007,2064171.5942960533,102154.41476586806,102332.838516918,-2321.3089559322652,-2321.3089559322652,-2321.3089559322652,-335.3771001007265,-335.3771001007265,-335.3771001007265,2204704.091813268,2204704.091813268,2204704.091813268,1958349.3109172015,1958349.3109172015,1958349.3109172015,-22432.118015904325,-22432.118015904325,-22432.118015904325,-50982.4565435352,-50982.4565435352,-50982.4565435352,2009453.0536405824,2009453.0536405824,2009453.0536405824,-166637.9298658899,-166637.9298658899,-166637.9298658899,-8.054385890786017,-8.054385890786017,-8.054385890786017,-3393.642607218686,-3393.642607218686,-3393.642607218686,-122.60724174904334,-122.60724174904334,-122.60724174904334,218.70342790364685,218.70342790364685,218.70342790364685,-339.98960774934045,-339.98960774934045,-339.98960774934045,0.0,0.0,0.0,2060598.4186632663
,,2024-10-25,16546.87591240876,3.3284671532846715,3548.905109489051,31252.978102189787,23358684.416058395,1136.3868613138686,1.218978102189781,525.5474452554745,4,2024-10-25,102257.71647642327,2058972.4624126228,2065505.1006292824,102159.5247278485,102343.90511307456,-2033.3687908758363,-2033.3687908758363,-2033.3687908758363,-184.86428146292548,-184.86428146292548,-184.86428146292548,2204704.091813268,2204704.091813268,2204704.091813268,1960128.1927920873,1960128.1927920873,1960128.1927920873,-22137.627377981396,-22137.627377981396,-22137.627377981396,-50982.4565435352,-50982.4565435352,-50982.4565435352,2011524.4166865777,2011524.4166865777,2011524.4166865777,-166637.88060459332,-166637.88060459332,-166637.88060459332,-0.31341204955077767,-0.31341204955077767,-0.31341204955077767,-2112.0021427490583,-2112.0021427490583,-2112.0021427490583,-73.61851697839516,-73.61851697839516,-73.61851697839516,-79.45642856771002,-79.45642856771002,-79.45642856771002,-334.3109223875174,-334.3109223875174,-334.3109223875174,0.0,0.0,0.0,2062385.9092685105
,,2024-10-26,15064.180291970803,1.1233576642335767,2998.2087591240875,15640.968613138688,21022821.893430658,1022.7481751824818,0.8802919708029198,7.883211678832117,5,2024-10-26,102266.32520678159,2316898.0708123036,2323978.235543222,102165.03835358369,102355.37070657514,-2304.0901024847826,-2304.0901024847826,-2304.0901024847826,-500.6276322301457,-500.6276322301457,-500.6276322301457,2487672.3399308263,2487672.3399308263,2487672.3399308263,2218150.542530532,2218150.542530532,2218150.542530532,-23272.338048679034,-23272.338048679034,-23272.338048679034,-50982.4565435352,-50982.4565435352,-50982.4565435352,2269733.6852913965,2269733.6852913965,2269733.6852913965,-188027.6546415871,-188027.6546415871,-188027.6546415871,-11.249466005021274,-11.249466005021274,-11.249466005021274,-3712.9956468722066,-3712.9956468722066,-3712.9956468722066,-109.6991015713805,-109.6991015713805,-109.6991015713805,-262.6115227737492,-262.6115227737492,-262.6115227737492,-338.0746945556191,-338.0746945556191,-338.0746945556191,0.0,0.0,0.0,2320416.8677373137
,,2024-10-27,19483.331386861315,1.6554744525547447,3409.3445255474458,22969.780291970805,21022828.410218976,1022.7481751824818,1.0116788321167882,149.78102189781023,6,2024-10-27,102274.9339371399,2320794.85709175,2327564.7806657813,102172.84672430124,102366.96573725554,-2101.9765169095076,-2101.9765169095076,-2101.9765169095076,-424.4305177947589,-424.4305177947589,-424.4305177947589,2487672.3399308263,2487672.3399308263,2487672.3399308263,2221893.1885181754,2221893.1885181754,2221893.1885181754,-19890.350651079345,-19890.350651079345,-19890.350651079345,-50982.4565435352,-50982.4565435352,-50982.4565435352,2274162.5986980633,2274162.5986980633,2274162.5986980633,-188027.59496657274,-188027.59496657274,-188027.59496657274,-8.25176593600906,-8.25176593600906,-8.25176593600906,-2961.434491405266,-2961.434491405266,-2961.434491405266,-95.70232306548102,-95.70232306548102,-95.70232306548102,-936.3051857279835,-936.3051857279835,-936.3051857279835,-350.64845062462246,-350.64845062462246,-350.64845062462246,0.0,0.0,0.0,2324168.122455315
,,2024-10-28,21428.24817518248,2.343065693430657,3672.467153284672,22661.430656934306,23358709.262773726,1136.3868613138686,0.8686131386861314,50.36496350364964,0,2024-10-28,102283.54266749822,2062219.9294875702,2069304.567457691,102176.86640114503,102378.35424480059,-1972.6259177130423,-1972.6259177130423,-1972.6259177130423,-325.970048935864,-325.970048935864,-325.970048935864,2204704.091813268,2204704.091813268,2204704.091813268,1963515.405059587,1963515.405059587,1963515.405059587,-18401.900963290336,-18401.900963290336,-18401.900963290336,-50982.4565435352,-50982.4565435352,-50982.4565435352,2014251.5911474172,2014251.5911474172,2014251.5911474172,-166637.65308023288,-166637.65308023288,-166637.65308023288,-10.352006416458977,-10.352006416458977,-10.352006416458977,-2993.0553896015163,-2993.0553896015163,-2993.0553896015163,-110.94325966079379,-110.94325966079379,-110.94325966079379,617.4124348108611,617.4124348108611,617.4124348108611,-371.14197910569214,-371.14197910569214,-371.14197910569214,0.0,0.0,0.0,2065798.947727085
,,2024-10-29,20442.379562043796,2.781021897810219,3366.4376642335765,23344.510948905114,23358719.321167886,1136.3868613138686,0.9051094890510948,52.55474452554745,1,2024-10-29,102292.15139785653,2061226.1638085488,2068035.4865636313,102180.51165059788,102389.66417378008,-2123.0694509088257,-2123.0694509088257,-2123.0694509088257,-263.2563745034469,-263.2563745034469,-263.2563745034469,2204704.091813268,2204704.091813268,2204704.091813268,1962357.291615479,1962357.291615479,1962357.291615479,-19156.38868134532,-19156.38868134532,-19156.38868134532,-50982.4565435352,-50982.4565435352,-50982.4565435352,2013483.449024717,2013483.449024717,2013483.449024717,-166637.56097430794,-166637.56097430794,-166637.56097430794,-10.305745612924838,-10.305745612924838,-10.305745612924838,-2923.006296241256,-2923.006296241256,-2923.006296241256,-107.05526563137727,-107.05526563137727,-107.05526563137727,254.73836915375145,254.73836915375145,254.73836915375145,-398.43923485685065,-398.43923485685065,-398.43923485685065,0.0,0.0,0.0,2064649.4430133356
,,2024-10-30,21129.934306569343,2.014598540145985,3128.919708029197,23180.07299270073,23358729.795620438,1136.3868613138686,1.5620437956204378,43.79562043795621,2,2024-10-30,102300.76012821485,2061677.4863781182,2068067.2853808156,102185.75411197486,102398.62862613815,-2239.832840736471,-2239.832840736471,-2239.832840736471,-373.00530476017695,-373.00530476017695,-373.00530476017695,2204704.091813268,2204704.091813268,2204704.091813268,1962609.9815849958,1962609.9815849958,1962609.9815849958,-18630.201313858874,-18630.201313858874,-18630.201313858874,-50982.4565435352,-50982.4565435352,-50982.4565435352,2013836.1559151644,2013836.1559151644,2013836.1559151644,-166637.46505848624,-166637.46505848624,-166637.46505848624,-10.490788827061396,-10.490788827061396,-10.490788827061396,-2939.869218333325,-2939.869218333325,-2939.869218333325,-37.07137310187983,-37.07137310187983,-37.07137310187983,187.51890520085,187.51890520085,187.51890520085,-431.2366918341506,-431.2366918341506,-431.2366918341506,0.0,0.0,0.0,2064910.7417132107
,,2024-10-31,16720.48175182482,3.18978102189781,3065.4014598540152,18975.401459854016,23358740.656934306,1136.3868613138686,1.4525547445255473,262.77372262773724,3,2024-10-31,102309.36885857316,2057853.8476648629,2064452.389623152,102193.23945497064,102411.56813055332,-2271.0582945563333,-2271.0582945563333,-2271.0582945563333,-204.72361169985757,-204.72361169985757,-204.72361169985757,2204704.091813268,2204704.091813268,2204704.091813268,1958928.6843171783,1958928.6843171783,1958928.6843171783,-22004.76639440161,-22004.76639440161,-22004.76639440161,-50982.4565435352,-50982.4565435352,-50982.4565435352,2010160.5244311807,2010160.5244311807,2010160.5244311807,-166637.36560012892,-166637.36560012892,-166637.36560012892,-5.864708473647478,-5.864708473647478,-5.864708473647478,-3371.0534176370784,-3371.0534176370784,-3371.0534176370784,-48.735355190129404,-48.735355190129404,-48.735355190129404,218.70342790340138,218.70342790340138,218.70342790340138,-468.086998370712,-468.086998370712,-468.086998370712,0.0,0.0,0.0,2061238.0531757516
