transaction_branch_id,branch_type,transaction_type_id,member_card,Number_of_Months,amount_paid,Coupon_Discount,magazine_fee_paid,payable_amount,reading_fee_paid,security_deposit,reward_points,num_books,num_magazine,display_name,adjustment_amount,Percentage_Share,member_branch_id,Transaction_Month,Transaction_Year,TAX_TYPE,Renewal_Amount,taxable_amount,TAX_AMOUNT,Membership_expiry_date,created_name,hierarchical_cluster
810,Company Owned,1.0,M223402,6,3784,354.0,0.0,3784,3186.0,598,0,3,0,Online Package,0,100,1008,8,2024,GST,41,2700,486.0,2025-02-26,PRIYA SURESH,2
810,Company Owned,1.0,M223401,6,2548,283.2,0.0,3146,2548.8,598,0,2,0,Online Package,598,100,1008,8,2024,GST,74,1653,297.46,2025-02-22,PRIYA SURESH,2
810,Company Owned,1.0,M223400,6,2548,283.2,0.0,3146,2548.8,598,0,2,0,Online Package,598,100,1008,8,2024,GST,82,1653,297.46,2025-02-21,PRIYA SURESH,2
810,Company Owned,1.0,M223397,6,2000,283.2,0.0,3146,2548.8,598,0,2,0,Online Package,1146,100,1008,8,2024,GST,221,1188,213.86,2025-02-04,PRIYA SURESH,2
810,Company Owned,1.0,M223396,6,2548,283.2,0.0,3146,2548.8,598,0,2,0,Online Package,598,100,1008,7,2024,GST,8,1653,297.46,2025-01-30,PRIYA SURESH,2
810,Company Owned,1.0,M223393,6,2548,283.2,0.0,3146,2548.8,598,0,2,0,Online Package,598,100,1008,7,2024,GST,90,1653,297.46,2025-01-20,PRIYA SURESH,2
810,Company Owned,1.0,M223392,6,2548,283.2,0.0,3146,2548.8,598,0,2,0,Online Package,598,100,1008,7,2024,GST,147,1653,297.46,2025-01-13,PRIYA SURESH,2
810,Company Owned,1.0,M223390,6,2548,283.2,0.0,3146,2548.8,598,0,2,0,Online Package,598,100,1008,7,2024,GST,188,1653,297.46,2025-01-08,PRIYA SURESH,2
810,Company Owned,1.0,M223389,6,2548,283.2,0.0,3146,2548.8,598,0,2,0,Online Package,598,100,1008,7,2024,GST,221,1653,297.46,2025-01-04,PRIYA SURESH,2
810,Company Owned,1.0,M223386,6,2548,283.2,0.0,3146,2548.8,598,0,2,0,Online Package,598,100,1008,6,2024,GST,98,1653,297.46,2024-12-18,PRIYA SURESH,2
810,Company Owned,1.0,M223385,6,2548,283.2,0.0,3146,2548.8,598,0,2,0,Online Package,598,100,1008,6,2024,GST,156,1653,297.46,2024-12-11,PRIYA SURESH,2
810,Company Owned,1.0,M223384,6,2548,283.2,0.0,3146,2548.8,598,0,2,0,Online Package,598,100,1008,5,2024,GST,0,1653,297.46,2024-11-30,PRIYA SURESH,2
810,Company Owned,1.0,M223383,6,2548,283.2,0.0,3146,2548.8,598,0,2,0,Online Package,598,100,1008,5,2024,GST,33,1653,297.46,2024-11-27,PRIYA SURESH,2
810,Company Owned,1.0,M223381,6,2548,283.2,0.0,3146,2548.8,598,0,2,0,Online Package,598,100,1008,5,2024,GST,66,1653,297.46,2024-11-23,PRIYA SURESH,2
810,Company Owned,1.0,M223382,6,3146,283.2,0.0,3146,2548.8,598,0,2,0,Online Package,0,100,1008,5,2024,GST,66,2159,388.68,2024-11-23,PRIYA SURESH,2
129,Company Owned,1.0,M227911,6,2758,0.0,0.0,2758,2160.0,598,0,2,0,Offer SEP PACKAGE,0,100,129,5,2024,GST,123,1831,329.49,2024-11-16,PRIYA SURESH,2
810,Company Owned,1.0,M223380,6,3146,283.2,0.0,3146,2548.8,598,0,2,0,Online Package,0,100,1008,5,2024,GST,147,2159,388.68,2024-11-13,PRIYA SURESH,2
810,Company Owned,1.0,M223379,6,3146,283.2,0.0,3146,2548.8,598,0,2,0,Online Package,0,100,1008,4,2024,GST,82,2159,388.68,2024-10-20,PRIYA SURESH,2
810,Company Owned,1.0,M227760,6,3146,283.2,0.0,3146,2548.8,598,0,2,0,Online Package,0,100,1008,4,2024,GST,156,2159,388.68,2024-10-11,PRIYA SURESH,2
810,Company Owned,1.0,M223378,6,3146,283.2,0.0,3146,2548.8,598,0,2,0,Online Package,0,100,1008,4,2024,GST,164,2159,388.68,2024-10-10,PRIYA SURESH,2
810,Company Owned,1.0,M223376,6,2548,283.2,0.0,3146,2548.8,598,0,2,0,Online Package,598,100,1008,4,2024,GST,213,1653,297.46,2024-10-04,PRIYA SURESH,2
810,Company Owned,1.0,M223373,6,2548,283.2,0.0,3146,2548.8,598,0,2,0,Online Package,598,100,1008,4,2024,GST,221,1653,297.46,2024-10-03,PRIYA SURESH,2
810,Company Owned,1.0,M223371,6,3146,283.2,0.0,3146,2548.8,598,0,2,0,Online Package,0,100,1015,4,2024,GST,238,2159,388.68,2024-10-15,PRIYA SURESH,2
810,Company Owned,1.0,M223364,6,3146,283.2,0.0,3146,2548.8,598,0,2,0,Online Package,0,100,1008,3,2024,GST,106,2159,388.68,2024-09-18,PRIYA SURESH,2
810,Company Owned,1.0,M223360,6,2548,283.2,0.0,3146,2548.8,598,0,2,0,Online Package,598,100,1008,3,2024,GST,238,1653,297.46,2024-09-02,PRIYA SURESH,2
810,Company Owned,1.0,M223359,6,2548,283.2,0.0,3146,2548.8,598,0,2,0,Online Package,598,100,1008,2,2024,GST,41,1653,297.46,2024-08-24,PRIYA SURESH,2
810,Company Owned,1.0,M223357,6,2549,283.2,0.0,3146,2548.8,598,0,2,0,Online Package,597,100,1008,2,2024,GST,98,1653,297.61,2025-08-17,PRIYA SURESH,2
137,Active User Branch,1.0,M227346,6,2548,283.2,0.0,3146,2548.8,598,0,2,0,Default package,598,30,137,1,2024,IGST,0,1653,297.46,2024-07-31,PRIYA SUNDARARAJAN,2
137,Active User Branch,1.0,M227347,6,2548,283.2,0.0,3146,2548.8,598,0,2,0,Default package,598,30,137,1,2024,IGST,0,1653,297.46,2024-07-31,PRIYA SUNDARARAJAN,2
137,Active User Branch,1.0,M227348,6,3186,354.0,0.0,3784,3186.0,598,0,3,0,Default package,598,30,137,1,2024,IGST,0,2193,394.78,2024-07-31,PRIYA SUNDARARAJAN,2
137,Active User Branch,1.0,M227349,6,2548,283.2,0.0,3146,2548.8,598,0,2,0,Default package,598,30,137,1,2024,IGST,0,1653,297.46,2024-07-31,PRIYA SUNDARARAJAN,2
137,Active User Branch,1.0,M227350,6,2548,283.2,0.0,3146,2548.8,598,0,2,0,Default package,598,30,137,1,2024,IGST,0,1653,297.46,2024-07-31,PRIYA SUNDARARAJAN,2
137,Active User Branch,1.0,M227456,6,3186,354.0,0.0,3784,3186.0,598,0,3,0,Default package,598,30,137,1,2024,IGST,0,2193,394.78,2024-07-31,PRIYA SUNDARARAJAN,2
26,Profit share,1.0,M227307,6,3784,354.0,0.0,3784,3186.0,598,0,3,0,Default package,0,50,26,1,2024,GST,0,2700,486.0,2025-02-20,FRONTOFFICE VBL,2
810,Company Owned,1.0,M223334,6,2440,283.2,0.0,3146,2548.8,598,0,2,0,Online Package,706,100,1008,11,2023,GST,16,1561,280.98,2024-05-28,PRIYA SURESH,2
810,Company Owned,1.0,M223331,6,2549,283.2,0.0,3146,2548.8,598,0,2,0,Online Package,597,100,1008,11,2023,GST,74,1653,297.61,2024-08-21,PRIYA SURESH,2
810,Company Owned,1.0,M223329,6,3146,283.2,0.0,3146,2548.8,598,0,2,0,Online Package,0,100,1008,11,2023,GST,229,2159,388.68,2024-05-02,PRIYA SURESH,2
810,Company Owned,1.0,M223327,6,2549,283.2,0.0,3146,2548.8,598,0,2,0,Online Package,597,100,1008,10,2023,GST,41,1653,297.61,2024-11-07,LAVANYA,2
810,Company Owned,1.0,M223325,6,2548,283.2,0.0,3146,2548.8,598,0,2,0,Online Package,598,100,1008,10,2023,GST,90,1653,297.46,2024-04-20,PRIYA SURESH,2
810,Company Owned,1.0,M223324,6,3146,283.2,0.0,3146,2548.8,598,0,2,0,Online Package,0,100,1015,10,2023,GST,98,2159,388.68,2024-04-19,PRIYA SURESH,2
810,Company Owned,1.0,M223323,6,2548,283.2,0.0,3146,2548.8,598,0,2,0,Online Package,598,100,1008,10,2023,GST,180,1653,297.46,2024-04-09,PRIYA SURESH,2
810,Company Owned,1.0,M223321,6,3146,283.2,0.0,3146,2548.8,598,0,2,0,Online Package,0,100,1008,10,2023,GST,229,2159,388.68,2024-04-03,PRIYA SURESH,2
810,Company Owned,1.0,M223320,6,2548,283.2,0.0,3146,2548.8,598,0,2,0,Online Package,598,100,1013,10,2023,GST,238,1653,297.46,2024-04-02,PRIYA SURESH,2
810,Company Owned,1.0,M221560,6,2014,0.0,0.0,2014,1416.0,598,0,2,0,Default package,0,20,1008,9,2023,GST,57,1200,216.0,2024-12-29,SYSTEM,2
324,,1.0,M227041,6,2549,283.2,0.0,3146,2548.8,598,0,2,0,Default package,597,100,324,9,2023,GST,115,1653,297.61,2024-03-16,MANTRI LITHOUS,2
45,Company Owned,2.0,M2202092,12,1770,0.0,0.0,1770,1770.0,598,0,3,0,Primus OnlinePackage,0,100,1013,9,2023,GST,115,993,178.78,2024-10-04,FRONTOFFICE BANASHANKARI,2
810,Company Owned,1.0,M223314,6,3146,283.2,0.0,3146,2548.8,598,0,2,0,Online Package,0,100,1008,9,2023,GST,180,2159,388.68,2025-03-08,PRIYA SURESH,2
810,Company Owned,1.0,M223313,6,2548,283.2,0.0,3146,2548.8,598,0,2,0,Online Package,598,100,1008,9,2023,GST,197,1653,297.46,2024-03-06,PRIYA SURESH,2
810,Company Owned,1.0,M223312,6,3186,354.0,0.0,3784,3186.0,598,0,3,0,Online Package,598,100,1013,9,2023,GST,229,2193,394.78,2024-03-02,PRIYA SURESH,2
810,Company Owned,1.0,M223307,6,2549,283.2,0.0,3146,2548.8,598,0,2,0,Online Package,597,100,1008,8,2023,GST,156,1653,297.61,2024-02-12,LAVANYA,2
810,Company Owned,1.0,M223304,6,3146,283.2,0.0,3146,2548.8,598,0,2,0,Online Package,0,100,1008,8,2023,GST,246,2159,388.68,2024-02-01,PRIYA SURESH,2
810,Company Owned,1.0,M223295,6,3146,283.2,0.0,3146,2548.8,598,0,2,0,Online Package,0,100,1008,6,2023,GST,106,2159,388.68,2023-12-17,PRIYA SURESH,2
810,Company Owned,2.0,M222497,3,3399,0.0,0.0,3399,3399.0,598,0,2,0,Default package,0,100,62,6,2023,GST,106,2374,427.27,2024-06-27,SYSTEM,2
810,Company Owned,1.0,M223290,6,3146,283.2,0.0,3146,2548.8,598,0,2,0,Online Package,0,100,1008,5,2023,GST,0,2159,388.68,2025-04-06,PRIYA SURESH,2
810,Company Owned,1.0,M223289,6,3146,283.2,0.0,3146,2548.8,598,0,2,0,Online Package,0,100,1008,5,2023,GST,16,2159,388.68,2024-12-30,PRIYA SURESH,2
810,Company Owned,1.0,M223286,6,3098,283.2,0.0,3146,2548.8,598,0,2,0,Online Package,48,100,1008,5,2023,GST,90,2119,381.36,2023-11-20,PRIYA SURESH,2
810,Company Owned,1.0,M223283,6,2548,283.2,0.0,3146,2548.8,598,0,2,0,Online Package,598,100,1008,5,2023,GST,98,1653,297.46,2024-12-06,LAVANYA,2
810,Company Owned,1.0,M223277,6,3146,283.2,0.0,3146,2548.8,598,0,2,0,Online Package,0,100,1008,4,2023,GST,16,2159,388.68,2024-10-28,PRIYA SURESH,2
810,Company Owned,1.0,M2202601,6,2758,240.0,0.0,2758,2160.0,598,0,3,0,Online Package,0,100,1008,3,2023,GST,33,1831,329.49,2024-07-18,SYSTEM,2
810,Company Owned,1.0,M223264,6,3240,360.0,0.0,3838,3240.0,598,0,4,0,Online Package,598,100,1008,3,2023,GST,172,2239,403.02,2023-09-10,LAVANYA,2
810,Company Owned,1.0,M223262,6,2160,240.0,0.0,2758,2160.0,598,0,2,0,Online Package,598,100,1008,3,2023,GST,229,1324,238.27,2024-10-09,LAVANYA,2
810,Company Owned,1.0,M223261,6,2160,240.0,0.0,2758,2160.0,598,0,2,0,Online Package,598,100,1008,1,2023,GST,49,1324,238.27,2023-07-25,SREELAKSHMI,2
810,Company Owned,1.0,M2202566,6,2758,240.0,0.0,2758,2160.0,598,0,2,0,Online Package,0,100,1008,1,2023,GST,49,1831,329.49,2023-07-25,SYSTEM,2
810,Company Owned,1.0,M223258,6,2160,240.0,0.0,2758,2160.0,598,0,2,0,Online Package,598,100,1008,1,2023,GST,82,1324,238.27,2023-07-21,SREELAKSHMI,2
810,Company Owned,1.0,M2202560,6,2758,240.0,0.0,2758,2160.0,598,0,2,0,Online Package,0,100,1008,1,2023,GST,82,1831,329.49,2023-07-21,SYSTEM,2
810,Company Owned,1.0,M223257,6,2160,240.0,0.0,2758,2160.0,598,0,2,0,Online Package,598,100,1008,1,2023,GST,139,1324,238.27,2023-07-14,SREELAKSHMI,2
810,Company Owned,1.0,M223254,6,2160,240.0,0.0,2758,2160.0,598,0,2,0,Online Package,598,100,1008,1,2023,GST,197,1324,238.27,2023-07-07,SREELAKSHMI,2
810,Company Owned,1.0,M223251,6,2160,240.0,0.0,2758,2160.0,598,0,2,0,Online Package,598,100,1008,1,2023,GST,229,1324,238.27,2023-07-03,LAVANYA,2
810,Company Owned,1.0,M223252,6,2160,240.0,0.0,2758,2160.0,598,0,2,0,Online Package,598,100,1008,1,2023,GST,229,1324,238.27,2023-10-08,SREELAKSHMI,2
810,Company Owned,1.0,M223250,6,2160,240.0,0.0,2758,2160.0,598,0,2,0,Online Package,598,100,1008,12,2022,GST,25,1324,238.27,2024-06-28,SREELAKSHMI,2
810,Company Owned,1.0,M2202530,3,4438,0.0,0.0,4438,4438.0,598,0,2,0,Online Package,0,100,1008,12,2022,GST,197,3254,585.76,2024-03-07,SYSTEM,2
810,Company Owned,1.0,M2202518,6,2758,240.0,0.0,2758,2160.0,598,0,2,0,Online Package,0,100,1008,11,2022,GST,41,1831,329.49,2023-05-25,SYSTEM,2
810,Company Owned,1.0,M223242,6,3240,360.0,0.0,3838,3240.0,598,0,4,0,Online Package,598,100,1008,11,2022,GST,90,2239,403.02,2023-05-19,LAVANYA,2
810,Company Owned,1.0,M2202505,6,2758,240.0,0.0,2758,2160.0,598,0,2,0,Online Package,0,100,1008,11,2022,GST,98,1831,329.49,2023-05-18,SYSTEM,2
810,Company Owned,1.0,M223239,6,2700,300.0,0.0,3298,2700.0,598,0,3,0,Online Package,598,100,1008,11,2022,GST,188,1781,320.64,2023-06-07,SREELAKSHMI,2
810,Company Owned,1.0,M2202483,6,2758,240.0,0.0,2758,2160.0,598,0,2,0,Online Package,0,100,1008,11,2022,GST,213,1831,329.49,2023-05-04,SYSTEM,2
810,Company Owned,1.0,M2202484,6,3298,300.0,0.0,3298,2700.0,598,0,3,0,Online Package,0,100,1008,11,2022,GST,213,2288,411.86,2023-05-04,SYSTEM,2
810,Company Owned,1.0,M223232,6,2000,240.0,0.0,2758,2160.0,598,0,2,0,Online Package,758,100,1008,11,2022,GST,229,1188,213.86,2023-05-02,LAVANYA,2
810,Company Owned,1.0,M223228,6,2160,240.0,0.0,2758,2160.0,598,0,2,0,Online Package,598,100,1013,10,2022,GST,16,1324,238.27,2023-04-29,SREELAKSHMI,2
810,Company Owned,1.0,M223225,6,2160,240.0,0.0,2758,2160.0,598,0,2,0,Online Package,598,100,1003,10,2022,GST,57,1324,238.27,2023-04-24,SREELAKSHMI,2
810,Company Owned,1.0,M223226,6,2160,240.0,0.0,2758,2160.0,598,0,2,0,Online Package,598,100,1008,10,2022,GST,57,1324,238.27,2023-04-24,SREELAKSHMI,2
810,Company Owned,1.0,M2202477,6,2758,240.0,0.0,2758,2160.0,598,0,2,0,Primus OnlinePackage,0,100,1013,10,2022,GST,66,1831,329.49,2023-04-23,SYSTEM,2
810,Company Owned,1.0,M2202473,6,2758,240.0,0.0,2758,2160.0,598,0,2,0,Online Package,0,100,1008,10,2022,GST,115,1831,329.49,2024-04-17,SYSTEM,2
810,Company Owned,1.0,M2202469,6,2758,240.0,0.0,2758,2160.0,598,0,2,0,Primus OnlinePackage,0,100,1008,10,2022,GST,131,1831,329.49,2023-04-15,SYSTEM,2
810,Company Owned,1.0,M2202467,6,2758,240.0,0.0,2758,2160.0,598,0,2,0,Primus OnlinePackage,0,100,1008,10,2022,GST,172,1831,329.49,2023-04-10,SYSTEM,2
810,Company Owned,1.0,M2202461,6,2758,240.0,0.0,2758,2160.0,598,0,2,0,Online Package,0,100,1008,10,2022,GST,213,1831,329.49,2024-04-27,SYSTEM,2
810,Company Owned,1.0,M223221,6,2160,240.0,0.0,2758,2160.0,598,0,2,0,Online Package,598,100,1008,9,2022,GST,41,1324,238.27,2023-04-01,LAVANYA,2
810,Company Owned,1.0,M2202455,6,2758,240.0,0.0,2758,2160.0,598,0,2,0,Online Package,0,100,1008,9,2022,GST,41,1831,329.49,2023-03-25,SYSTEM,2
810,Company Owned,1.0,M223220,6,3780,420.0,0.0,4378,3780.0,598,0,5,0,Online Package,598,100,1008,9,2022,GST,57,2697,485.39,2024-04-23,LAVANYA,2
810,Company Owned,1.0,M223219,6,2160,240.0,0.0,2758,2160.0,598,0,2,0,Online Package,598,100,1008,9,2022,GST,74,1324,238.27,2023-03-21,LAVANYA,2
810,Company Owned,1.0,M2202450,6,2758,240.0,0.0,2758,2160.0,598,0,2,0,Primus OnlinePackage,0,100,1008,9,2022,GST,90,1831,329.49,2023-03-19,SYSTEM,2
810,Company Owned,1.0,M2202444,6,2758,240.0,0.0,2758,2160.0,598,0,2,0,Primus OnlinePackage,0,100,1008,9,2022,GST,131,1831,329.49,2023-04-11,SYSTEM,2
810,Company Owned,1.0,M2202445,6,3838,360.0,0.0,3838,3240.0,598,0,4,0,Online Package,0,100,1015,9,2022,GST,131,2746,494.24,2023-03-14,SYSTEM,2
810,Company Owned,1.0,M2202432,6,2758,240.0,0.0,2758,2160.0,598,0,2,0,Primus OnlinePackage,0,100,1008,9,2022,GST,147,1831,329.49,2024-09-19,SYSTEM,2
810,Company Owned,1.0,M2202433,6,3298,300.0,0.0,3298,2700.0,598,0,3,0,Online Package,0,100,1013,9,2022,GST,147,2288,411.86,2023-03-12,SYSTEM,2
810,Company Owned,1.0,M2202434,6,2758,240.0,0.0,2758,2160.0,598,0,2,0,Primus OnlinePackage,0,100,1008,9,2022,GST,147,1831,329.49,2023-03-12,SYSTEM,2
810,Company Owned,1.0,M2202428,6,2758,240.0,0.0,2758,2160.0,598,0,2,0,Primus OnlinePackage,0,100,1003,9,2022,GST,156,1831,329.49,2023-03-11,SYSTEM,2
810,Company Owned,1.0,M2202422,6,2758,240.0,0.0,2758,2160.0,598,0,2,0,Primus OnlinePackage,0,100,1008,9,2022,GST,213,1831,329.49,2023-03-04,SYSTEM,2
810,Company Owned,1.0,M2202418,6,2758,240.0,0.0,2758,2160.0,598,0,2,0,Primus OnlinePackage,0,100,1003,8,2022,GST,0,1831,329.49,2024-03-02,SYSTEM,2
810,Company Owned,1.0,M223213,6,2160,240.0,0.0,2758,2160.0,598,0,2,0,Online Package,598,100,1003,8,2022,GST,16,1324,238.27,2023-02-28,SREELAKSHMI,2
810,Company Owned,1.0,M2202411,6,2758,240.0,0.0,2758,2160.0,598,0,2,0,Primus OnlinePackage,0,100,1008,8,2022,GST,33,1831,329.49,2024-03-04,SYSTEM,2
810,Company Owned,1.0,M2202410,6,2758,240.0,0.0,2758,2160.0,598,0,2,0,Primus OnlinePackage,0,100,1008,8,2022,GST,49,1831,329.49,2023-02-25,SYSTEM,2
810,Company Owned,1.0,M2202406,6,2758,240.0,0.0,2758,2160.0,598,0,2,0,Primus OnlinePackage,0,100,1008,8,2022,GST,74,1831,329.49,2023-02-22,SYSTEM,2
810,Company Owned,1.0,M2202405,6,2758,240.0,0.0,2758,2160.0,598,0,2,0,Online Package,0,100,1008,8,2022,GST,82,1831,329.49,2023-02-21,SYSTEM,2
810,Company Owned,1.0,M2202404,6,2758,240.0,0.0,2758,2160.0,598,0,2,0,Primus OnlinePackage,0,100,1008,8,2022,GST,90,1831,329.49,2023-02-20,SYSTEM,2
810,Company Owned,1.0,M223210,6,2160,240.0,0.0,2758,2160.0,598,0,2,0,Online Package,598,100,1008,8,2022,GST,106,1324,238.27,2023-02-18,SREELAKSHMI,2
810,Company Owned,1.0,M223209,6,2160,240.0,0.0,2758,2160.0,598,0,2,0,Online Package,598,100,1008,8,2022,GST,115,1324,238.27,2023-02-17,LAVANYA,2
810,Company Owned,1.0,M223208,6,2160,240.0,0.0,2758,2160.0,598,0,2,0,Online Package,598,100,1003,8,2022,GST,123,1324,238.27,2023-02-16,SREELAKSHMI,2
810,Company Owned,1.0,M2202403,6,2758,240.0,0.0,2758,2160.0,598,0,2,0,Primus OnlinePackage,0,100,1003,8,2022,GST,131,1831,329.49,2023-02-15,SYSTEM,2
810,Company Owned,1.0,M223206,6,2160,240.0,0.0,2758,2160.0,598,0,2,0,Online Package,598,100,1008,8,2022,GST,172,1324,238.27,2023-02-10,SREELAKSHMI,2
810,Company Owned,1.0,M2202399,6,2758,240.0,0.0,2758,2160.0,598,0,2,0,Primus OnlinePackage,0,100,1008,8,2022,GST,197,1831,329.49,2025-03-05,SYSTEM,2
810,Company Owned,1.0,M2202395,6,2758,240.0,0.0,2758,2160.0,598,0,2,0,Primus OnlinePackage,0,100,1008,8,2022,GST,205,1831,329.49,2023-02-06,SYSTEM,2
810,Company Owned,1.0,M2202381,6,2758,240.0,0.0,2758,2160.0,598,0,2,0,Primus OnlinePackage,0,100,1008,7,2022,GST,74,1831,329.49,2023-04-22,SYSTEM,2
810,Company Owned,1.0,M2202380,6,2758,240.0,0.0,2758,2160.0,598,0,2,0,Online Package,0,100,1008,7,2022,GST,82,1831,329.49,2023-01-21,SYSTEM,2
810,Company Owned,1.0,M2202370,6,2758,240.0,0.0,2758,2160.0,598,0,2,0,Online Package,0,100,1008,7,2022,GST,197,1831,329.49,2023-01-08,SYSTEM,2
810,Company Owned,1.0,M2202366,6,2758,240.0,0.0,2758,2160.0,598,0,2,0,Primus OnlinePackage,0,100,1008,7,2022,GST,246,1831,329.49,2023-01-01,SYSTEM,2
810,Company Owned,1.0,M2202357,6,2758,240.0,0.0,2758,2160.0,598,0,2,0,Primus OnlinePackage,0,100,1008,6,2022,GST,66,1831,329.49,2022-12-22,SYSTEM,2
810,Company Owned,1.0,M2202350,6,2758,240.0,0.0,2758,2160.0,598,0,2,0,Online Package,0,100,1008,6,2022,GST,90,1831,329.49,2022-12-19,SYSTEM,2
810,Company Owned,1.0,M2202347,6,2758,240.0,0.0,2758,2160.0,598,0,2,0,Primus OnlinePackage,0,100,1008,6,2022,GST,123,1831,329.49,2022-12-15,SYSTEM,2
810,Company Owned,1.0,M223189,6,2160,240.0,0.0,2758,2160.0,598,0,2,0,Online Package,598,100,1008,6,2022,GST,131,1324,238.27,2022-12-14,LAVANYA,2
810,Company Owned,1.0,M2202341,6,3298,300.0,0.0,3298,2700.0,598,0,3,0,Online Package,0,100,1008,6,2022,GST,156,2288,411.86,2022-12-11,SYSTEM,2
810,Company Owned,1.0,M2202338,6,2758,240.0,0.0,2758,2160.0,598,0,2,0,Online Package,0,100,1008,6,2022,GST,164,1831,329.49,2025-03-03,SYSTEM,2
810,Company Owned,1.0,M2202334,6,2758,240.0,0.0,2758,2160.0,598,0,2,0,Online Package,0,100,1008,6,2022,GST,180,1831,329.49,2023-12-09,SYSTEM,2
810,Company Owned,1.0,M2202326,6,2758,240.0,0.0,2758,2160.0,598,0,2,0,Online Package,0,100,1008,6,2022,GST,188,1831,329.49,2025-01-05,SYSTEM,2
810,Company Owned,1.0,M223186,6,2100,898.0,0.0,2100,2160.0,598,0,2,0,Online Package,0,100,1008,6,2022,GST,188,1273,229.12,2023-12-19,LAVANYA,2
810,Company Owned,1.0,M223184,6,2160,240.0,0.0,2758,2160.0,598,0,2,0,Online Package,598,100,1008,6,2022,GST,213,1324,238.27,2022-12-04,LAVANYA,2
810,Company Owned,1.0,M223177,6,2160,240.0,0.0,2758,2160.0,598,0,2,0,Online Package,598,100,1008,5,2022,GST,49,1324,238.27,2022-11-25,SREELAKSHMI,2
810,Company Owned,1.0,M2202316,6,2758,240.0,0.0,2758,2160.0,598,0,2,0,Primus OnlinePackage,0,100,1008,5,2022,GST,66,1831,329.49,2022-11-23,SYSTEM,2
810,Company Owned,1.0,M2202310,6,2758,240.0,0.0,2758,2160.0,598,0,2,0,Primus OnlinePackage,0,100,1015,5,2022,GST,115,1831,329.49,2022-11-17,SYSTEM,2
810,Company Owned,1.0,M223173,6,2160,240.0,0.0,2758,2160.0,598,0,2,0,Online Package,598,100,1008,5,2022,GST,156,1324,238.27,2022-11-23,LAVANYA,2
810,Company Owned,1.0,M2202300,6,2758,240.0,0.0,2758,2160.0,598,0,2,0,Primus OnlinePackage,0,100,1008,5,2022,GST,180,1831,329.49,2022-11-09,SYSTEM,2
810,Company Owned,1.0,M223172,6,2160,240.0,0.0,2758,2160.0,598,0,2,0,Online Package,598,100,1003,5,2022,GST,238,1324,238.27,2023-05-02,SREELAKSHMI,2
810,Company Owned,1.0,M2202289,6,3298,300.0,0.0,3298,2700.0,598,0,3,0,Primus OnlinePackage,0,100,1008,4,2022,GST,25,2288,411.86,2022-10-27,SYSTEM,2
810,Company Owned,1.0,M2202271,6,2758,240.0,0.0,2758,2160.0,598,0,2,0,Primus OnlinePackage,0,100,1013,4,2022,GST,66,1831,329.49,2022-10-22,SYSTEM,2
810,Company Owned,1.0,M2202273,6,3298,300.0,0.0,3298,2700.0,598,0,3,0,Primus OnlinePackage,0,100,1003,4,2022,GST,66,2288,411.86,2022-10-22,SYSTEM,2
810,Company Owned,1.0,M2202256,6,2758,240.0,0.0,2758,2160.0,598,0,2,0,Online Package,0,100,1015,4,2022,GST,98,1831,329.49,2022-10-18,SYSTEM,2
810,Company Owned,1.0,M2202252,6,3298,300.0,0.0,3298,2700.0,598,0,3,0,Online Package,0,100,1008,4,2022,GST,115,2288,411.86,2022-11-17,SYSTEM,2
810,Company Owned,1.0,M2202254,6,2758,240.0,0.0,2758,2160.0,598,0,2,0,Online Package,0,100,1008,4,2022,GST,115,1831,329.49,2022-10-16,SYSTEM,2
810,Company Owned,1.0,M2202250,6,2758,240.0,0.0,2758,2160.0,598,0,2,0,Online Package,0,100,1015,4,2022,GST,123,1831,329.49,2022-10-15,SYSTEM,2
810,Company Owned,1.0,M2202246,6,2758,240.0,0.0,2758,2160.0,598,0,2,0,Primus OnlinePackage,0,100,1008,4,2022,GST,131,1831,329.49,2022-10-14,SYSTEM,2
810,Company Owned,1.0,M2202236,6,2758,240.0,0.0,2758,2160.0,598,0,2,0,Online Package,0,100,1008,4,2022,GST,156,1831,329.49,2022-10-11,SYSTEM,2
810,Company Owned,1.0,M2202237,6,2758,240.0,0.0,2758,2160.0,598,0,2,0,Primus OnlinePackage,0,100,1015,4,2022,GST,156,1831,329.49,2022-10-11,SYSTEM,2
810,Company Owned,1.0,M223163,6,2160,240.0,0.0,2758,2160.0,598,0,2,0,Online Package,598,100,1003,4,2022,GST,156,1324,238.27,2022-10-11,SREELAKSHMI,2
810,Company Owned,1.0,M2202229,6,2758,240.0,0.0,2758,2160.0,598,0,2,0,Primus OnlinePackage,0,100,1001,4,2022,GST,188,1831,329.49,2022-10-07,SYSTEM,2
810,Company Owned,1.0,M2202220,6,2758,240.0,0.0,2758,2160.0,598,0,2,0,Primus OnlinePackage,0,100,1008,4,2022,GST,213,1831,329.49,2023-10-06,SYSTEM,2
810,Company Owned,1.0,M2202218,6,2758,240.0,0.0,2758,2160.0,598,0,2,0,Online Package,0,100,1008,4,2022,GST,229,1831,329.49,2022-10-02,SYSTEM,2
810,Company Owned,1.0,M2202210,6,3298,300.0,0.0,3298,2700.0,598,0,2,0,Online Package,0,100,1003,3,2022,GST,25,2288,411.86,2024-10-28,SYSTEM,2
810,Company Owned,1.0,M2202201,6,3838,360.0,0.0,3838,3240.0,598,0,4,0,Online Package,0,100,1008,3,2022,GST,66,2746,494.24,2023-09-23,SYSTEM,2
810,Company Owned,1.0,M223161,6,2160,240.0,0.0,2758,2160.0,598,0,2,0,Online Package,598,100,1008,3,2022,GST,82,1324,238.27,2022-09-21,SREELAKSHMI,2
810,Company Owned,1.0,M2202196,6,2758,240.0,0.0,2758,2160.0,598,0,2,0,Online Package,0,100,1008,3,2022,GST,90,1831,329.49,2024-09-26,SYSTEM,2
810,Company Owned,1.0,M2202195,6,2758,240.0,0.0,2758,2160.0,598,0,2,0,Online Package,0,100,1008,3,2022,GST,123,1831,329.49,2023-04-03,SYSTEM,2
810,Company Owned,1.0,M2202190,6,2758,240.0,0.0,2758,2160.0,598,0,2,0,Primus OnlinePackage,0,100,1015,3,2022,GST,147,1831,329.49,2022-09-13,SYSTEM,2
810,Company Owned,1.0,M223159,6,3298,300.0,0.0,3298,2700.0,598,0,3,0,Online Package,0,100,1008,3,2022,GST,188,2288,411.86,2022-09-08,LAVANYA,2
810,Company Owned,1.0,M2202184,6,2758,240.0,0.0,2758,2160.0,598,0,2,0,Online Package,0,100,1008,3,2022,GST,213,1831,329.49,2022-09-05,SYSTEM,2
810,Company Owned,1.0,M223158,6,2700,300.0,0.0,3298,2700.0,598,0,3,0,Online Package,598,100,1008,3,2022,GST,213,1781,320.64,2022-09-05,SREELAKSHMI,2
810,Company Owned,1.0,M2202183,6,2758,240.0,0.0,2758,2160.0,598,0,2,0,Online Package,0,100,1008,3,2022,GST,229,1831,329.49,2022-09-03,SYSTEM,2
810,Company Owned,1.0,M2202182,6,2758,240.0,0.0,2758,2160.0,598,0,2,0,Primus OnlinePackage,0,100,1015,3,2022,GST,238,1831,329.49,2022-09-02,SYSTEM,2
810,Company Owned,1.0,M2202181,6,2758,240.0,0.0,2758,2160.0,598,0,2,0,Primus OnlinePackage,0,100,1008,3,2022,GST,246,1831,329.49,2022-09-01,SYSTEM,2
810,Company Owned,1.0,M223155,6,2758,240.0,0.0,2758,2160.0,598,0,2,0,Online Package,0,100,1003,2,2022,GST,0,1831,329.49,2022-11-02,SREELAKSHMI,2
810,Company Owned,1.0,M223156,6,3298,300.0,0.0,3298,2700.0,598,0,3,0,Online Package,0,100,1008,2,2022,GST,0,2288,411.86,2022-08-28,SREELAKSHMI,2
810,Company Owned,1.0,M2202174,6,3298,300.0,0.0,3298,2700.0,598,0,4,0,Online Package,0,100,1008,2,2022,GST,74,2288,411.86,2024-02-01,SYSTEM,2
810,Company Owned,1.0,M2202175,6,2758,240.0,0.0,2758,2160.0,598,0,2,0,Online Package,0,100,1008,2,2022,GST,74,1831,329.49,2022-09-26,SYSTEM,2
810,Company Owned,1.0,M223147,6,2160,240.0,0.0,2758,2160.0,598,0,2,0,Online Package,598,100,1015,2,2022,GST,139,1324,238.27,2022-08-11,SREELAKSHMI,2
810,Company Owned,1.0,M2202168,6,2758,240.0,0.0,2758,2160.0,598,0,2,0,Online Package,0,100,1008,2,2022,GST,139,1831,329.49,2022-08-11,SYSTEM,2
810,Company Owned,1.0,M2202164,6,2758,240.0,0.0,2758,2160.0,598,0,2,0,Online Package,0,100,1008,2,2022,GST,147,1831,329.49,2023-08-16,SYSTEM,2
810,Company Owned,1.0,M2202166,6,2758,240.0,0.0,2758,2160.0,598,0,2,0,Online Package,0,100,1008,2,2022,GST,147,1831,329.49,2022-08-10,SYSTEM,2
810,Company Owned,1.0,M2202167,6,2758,240.0,0.0,2758,2160.0,598,0,2,0,Primus OnlinePackage,0,100,1008,2,2022,GST,147,1831,329.49,2022-08-10,SYSTEM,2
810,Company Owned,1.0,M2202157,6,2758,240.0,0.0,2758,2160.0,598,0,2,0,Online Package,0,100,1003,2,2022,GST,205,1831,329.49,2022-08-03,SYSTEM,2
810,Company Owned,1.0,M223145,6,2700,300.0,0.0,3298,2700.0,598,0,3,0,Online Package,598,100,1013,2,2022,GST,205,1781,320.64,2022-08-18,LAVANYA,2
810,Company Owned,1.0,M2202159,6,2758,240.0,0.0,2758,2160.0,598,0,2,0,Primus OnlinePackage,0,100,1008,2,2022,GST,205,1831,329.49,2022-08-03,SYSTEM,2
810,Company Owned,1.0,M2202154,6,3298,300.0,0.0,3298,2700.0,598,0,3,0,Primus OnlinePackage,0,100,1008,1,2022,GST,8,2288,411.86,2022-12-26,SYSTEM,2
810,Company Owned,1.0,M223144,6,2160,240.0,0.0,2758,2160.0,598,0,2,0,Online Package,598,100,1008,1,2022,GST,16,1324,238.27,2024-09-25,SREELAKSHMI,2
810,Company Owned,1.0,M223143,6,2160,240.0,0.0,2758,2160.0,598,0,2,0,Online Package,598,100,1008,1,2022,GST,25,1324,238.27,2022-07-28,SREELAKSHMI,2
810,Company Owned,1.0,M2202148,6,2758,240.0,0.0,2758,2160.0,598,0,2,0,Online Package,0,100,1008,1,2022,GST,66,1831,329.49,2022-07-23,SYSTEM,2
810,Company Owned,1.0,M2202149,6,3658,240.0,0.0,3658,2160.0,598,0,2,0,Primus OnlinePackage,0,100,1008,1,2022,GST,66,2593,466.78,2023-07-23,SYSTEM,2
810,Company Owned,1.0,M2202146,6,2758,240.0,0.0,2758,2160.0,598,0,2,0,Online Package,0,100,1008,1,2022,GST,74,1831,329.49,2022-07-22,SYSTEM,2
810,Company Owned,1.0,M223139,6,2160,240.0,0.0,2758,2160.0,598,0,2,0,Online Package,598,100,1008,1,2022,GST,106,1324,238.27,2022-07-18,SREELAKSHMI,2
810,Company Owned,1.0,M2202137,6,2758,240.0,0.0,2758,2160.0,598,0,2,0,Primus OnlinePackage,0,100,1008,1,2022,GST,123,1831,329.49,2022-11-04,SYSTEM,2
810,Company Owned,1.0,M223136,6,2160,240.0,0.0,2758,2160.0,598,0,2,0,Online Package,598,100,1008,1,2022,GST,139,1324,238.27,2022-07-14,SREELAKSHMI,2
810,Company Owned,1.0,M223137,6,2400,240.0,0.0,2758,2160.0,598,0,2,0,Online Package,358,100,1015,1,2022,GST,139,1527,274.88,2022-07-14,SREELAKSHMI,2
810,Company Owned,1.0,M2202132,6,3298,300.0,0.0,3298,2700.0,598,0,3,0,Primus OnlinePackage,0,100,1008,1,2022,GST,156,2288,411.86,2022-07-12,SYSTEM,2
810,Company Owned,1.0,M2202124,6,2758,240.0,0.0,2758,2160.0,598,0,2,0,Online Package,0,100,1003,1,2022,GST,180,1831,329.49,2022-07-09,SYSTEM,2
810,Company Owned,1.0,M2202123,6,2758,240.0,0.0,2758,2160.0,598,0,2,0,Online Package,0,100,1008,1,2022,GST,188,1831,329.49,2022-07-08,SYSTEM,2
810,Company Owned,1.0,M223134,6,2160,240.0,0.0,2758,2160.0,598,0,2,0,Online Package,598,100,1015,1,2022,GST,197,1324,238.27,2022-07-07,SREELAKSHMI,2
810,Company Owned,1.0,M2202115,6,3838,360.0,0.0,3838,3240.0,598,0,4,0,Primus OnlinePackage,0,100,1008,1,2022,GST,205,2746,494.24,2022-07-06,SYSTEM,2
810,Company Owned,1.0,M2202118,6,2758,240.0,0.0,2758,2160.0,598,0,2,0,Online Package,0,100,1008,1,2022,GST,205,1831,329.49,2022-07-06,SYSTEM,2
810,Company Owned,1.0,M2202111,6,2758,240.0,0.0,2758,2160.0,598,0,2,0,Primus OnlinePackage,0,100,1008,1,2022,GST,229,1831,329.49,2022-07-03,SYSTEM,2
810,Company Owned,1.0,M2202095,6,2758,240.0,0.0,2758,2160.0,598,0,2,0,Primus OnlinePackage,0,100,1003,12,2021,GST,33,1831,329.49,2022-06-27,SYSTEM,2
810,Company Owned,1.0,M223125,6,2160,240.0,0.0,2758,2160.0,598,0,2,0,Online Package,598,100,1003,12,2021,GST,49,1324,238.27,2022-06-25,SREELAKSHMI,2
810,Company Owned,1.0,M2202091,6,2758,240.0,0.0,2758,2160.0,598,0,2,0,Online Package,0,100,1008,12,2021,GST,57,1831,329.49,2022-06-24,SYSTEM,2
810,Company Owned,1.0,M2202089,6,3838,360.0,0.0,3838,3240.0,598,0,2,0,Online Package,0,100,1001,12,2021,GST,74,2746,494.24,2025-02-19,SYSTEM,2
810,Company Owned,1.0,M2202085,6,2758,240.0,0.0,2758,2160.0,598,0,2,0,Online Package,0,100,1013,12,2021,GST,98,1831,329.49,2022-06-19,SYSTEM,2
810,Company Owned,1.0,M2202084,6,3658,240.0,0.0,3658,2160.0,598,0,2,0,Primus OnlinePackage,0,100,1008,12,2021,GST,106,2593,466.78,2022-06-18,SYSTEM,2
810,Company Owned,1.0,M2202078,6,3838,360.0,0.0,3838,3240.0,598,0,4,0,Primus OnlinePackage,0,100,1013,12,2021,GST,139,2746,494.24,2022-06-14,SYSTEM,2
810,Company Owned,1.0,M2202071,6,2758,240.0,0.0,2758,2160.0,598,0,2,0,Online Package,0,100,1015,12,2021,GST,164,1831,329.49,2022-06-11,SYSTEM,2
810,Company Owned,1.0,M2202062,6,3298,300.0,0.0,3298,2700.0,598,0,3,0,Online Package,0,100,1008,12,2021,GST,246,2288,411.86,2022-06-01,SYSTEM,2
810,Company Owned,1.0,M2202061,6,2758,240.0,0.0,2758,2160.0,598,0,2,0,Online Package,0,100,1008,11,2021,GST,0,1831,329.49,2022-05-30,SYSTEM,2
810,Company Owned,1.0,M223113,6,2758,240.0,0.0,2758,2160.0,598,0,2,0,Online Package,0,100,1008,11,2021,GST,0,1831,329.49,2023-05-30,LAVANYA,2
810,Company Owned,1.0,M223109,6,2160,240.0,0.0,2758,2160.0,598,0,2,0,Online Package,598,100,1003,11,2021,GST,49,1324,238.27,2022-12-09,PRIYA SURESH,2
810,Company Owned,1.0,M2202055,6,2758,240.0,0.0,2758,2160.0,598,0,2,0,Primus OnlinePackage,0,100,1003,11,2021,GST,74,1831,329.49,2022-05-21,SYSTEM,2
810,Company Owned,1.0,M2202038,6,2758,240.0,0.0,2758,2160.0,598,0,2,0,Primus OnlinePackage,0,100,1015,11,2021,GST,213,1831,329.49,2022-05-04,SYSTEM,2
131,Active User Branch,1.0,M224085,6,2758,240.0,0.0,2758,2160.0,598,0,2,0,Default package,0,30,131,10,2021,GST,0,1831,329.49,2022-04-30,FRONTOFFICE ELC,2
810,Company Owned,1.0,M2202033,6,3298,300.0,0.0,3298,2700.0,598,0,3,0,Online Package,0,100,1008,10,2021,GST,8,2288,411.86,2022-04-30,SYSTEM,2
810,Company Owned,1.0,M2202032,6,2758,240.0,0.0,2758,2160.0,598,0,2,0,Online Package,0,100,1003,10,2021,GST,16,1831,329.49,2022-04-29,SYSTEM,2
810,Company Owned,1.0,M223103,6,2160,240.0,0.0,2758,2160.0,598,0,2,0,Online Package,598,100,1013,10,2021,GST,41,1324,238.27,2022-04-26,LAVANYA,2
810,Company Owned,1.0,M2202026,6,2758,240.0,0.0,2758,2160.0,598,0,2,0,Online Package,0,100,1013,10,2021,GST,49,1831,329.49,2023-05-16,SYSTEM,2
810,Company Owned,1.0,M2202025,6,2758,240.0,0.0,2758,2160.0,598,0,2,0,Online Package,0,100,1008,10,2021,GST,66,1831,329.49,2022-10-19,SYSTEM,2
810,Company Owned,1.0,M2202022,6,2758,240.0,0.0,2758,2160.0,598,0,2,0,Online Package,0,100,1003,10,2021,GST,74,1831,329.49,2022-04-22,SYSTEM,2
810,Company Owned,1.0,M223100,6,2160,240.0,0.0,2758,2160.0,598,0,2,0,Online Package,598,100,1008,10,2021,GST,90,1324,238.27,2022-04-20,LAVANYA,2
122,Profit share,1.0,M223099,6,3298,300.0,0.0,2700,2700.0,598,0,3,0,Default package,0,50,122,10,2021,GST,98,2288,411.86,2022-07-07,PRIYA SURESH,2
810,Company Owned,1.0,M2202013,6,2758,240.0,0.0,2758,2160.0,598,0,2,0,Online Package,0,100,1008,10,2021,GST,106,1831,329.49,2022-04-18,SYSTEM,2
810,Company Owned,1.0,M2202008,6,2758,240.0,0.0,2758,2160.0,598,0,2,0,Primus OnlinePackage,0,100,1008,10,2021,GST,123,1831,329.49,2024-04-27,SYSTEM,2
810,Company Owned,1.0,M2202000,6,2758,240.0,0.0,2758,2160.0,598,0,2,0,Primus OnlinePackage,0,100,1013,10,2021,GST,131,1831,329.49,2022-10-15,SYSTEM,2
810,Company Owned,1.0,M2202002,6,3838,360.0,0.0,3838,3240.0,598,0,4,0,Online Package,0,100,1008,10,2021,GST,131,2746,494.24,2023-04-15,SYSTEM,2
810,Company Owned,1.0,M2201997,6,4378,420.0,0.0,4378,3780.0,598,0,5,0,Primus OnlinePackage,0,100,1008,10,2021,GST,147,3203,576.61,2022-04-13,SYSTEM,2
810,Company Owned,1.0,M223096,6,2160,240.0,0.0,2758,2160.0,598,0,2,0,Online Package,598,100,1013,10,2021,GST,180,1324,238.27,2022-04-09,SREELAKSHMI,2
810,Company Owned,1.0,M2201991,6,2758,240.0,0.0,2758,2160.0,598,0,2,0,Primus OnlinePackage,0,100,1008,10,2021,GST,188,1831,329.49,2023-04-11,SYSTEM,2
810,Company Owned,1.0,M2201990,6,2758,240.0,0.0,2758,2160.0,598,0,2,0,Primus OnlinePackage,0,100,1015,10,2021,GST,197,1831,329.49,2022-04-07,SYSTEM,2
810,Company Owned,1.0,M2201985,6,2758,240.0,0.0,2758,2160.0,598,0,2,0,Online Package,0,100,1008,10,2021,GST,221,1831,329.49,2022-04-04,SYSTEM,2
810,Company Owned,1.0,M2201987,6,2758,240.0,0.0,2758,2160.0,598,0,2,0,Primus OnlinePackage,0,100,1008,10,2021,GST,221,1831,329.49,2022-04-04,SYSTEM,2
810,Company Owned,1.0,M2201978,6,2758,240.0,0.0,2758,2160.0,598,0,2,0,Online Package,0,100,1008,10,2021,GST,238,1831,329.49,2025-04-11,SYSTEM,2
810,Company Owned,1.0,M2201976,6,2758,240.0,0.0,2758,2160.0,598,0,2,0,Primus OnlinePackage,0,100,1008,10,2021,GST,246,1831,329.49,2022-04-01,SYSTEM,2
810,Company Owned,1.0,M223093,6,2160,240.0,0.0,2758,2160.0,598,0,2,0,Online Package,598,100,1015,10,2021,GST,246,1324,238.27,2022-05-03,SREELAKSHMI,2
810,Company Owned,1.0,M2201977,6,2758,240.0,0.0,2758,2160.0,598,0,2,0,Online Package,0,100,1008,10,2021,GST,246,1831,329.49,2022-04-01,SYSTEM,2
810,Company Owned,1.0,M223089,6,2160,240.0,0.0,2758,2160.0,598,0,2,0,Online Package,598,100,1008,9,2021,GST,25,1324,238.27,2022-05-02,SREELAKSHMI,2
810,Company Owned,1.0,M2201971,6,2758,240.0,0.0,2758,2160.0,598,0,2,0,Primus OnlinePackage,0,100,1008,9,2021,GST,25,1831,329.49,2022-03-27,SYSTEM,2
810,Company Owned,1.0,M2201970,6,2758,240.0,0.0,2758,2160.0,598,0,2,0,Primus OnlinePackage,0,100,1003,9,2021,GST,33,1831,329.49,2022-03-26,SYSTEM,2
810,Company Owned,1.0,M2201966,6,2758,240.0,0.0,2758,2160.0,598,0,2,0,Online Package,0,100,1013,9,2021,GST,57,1831,329.49,2022-03-31,SYSTEM,2
810,Company Owned,1.0,M2201962,6,2758,240.0,0.0,2758,2160.0,598,0,2,0,Online Package,0,100,1015,9,2021,GST,90,1831,329.49,2024-06-24,SYSTEM,2
810,Company Owned,1.0,M2201961,6,2758,240.0,0.0,2758,2160.0,598,0,2,0,Online Package,0,100,1008,9,2021,GST,98,1831,329.49,2022-03-18,SYSTEM,2
810,Company Owned,1.0,M2201957,6,2758,240.0,0.0,2758,2160.0,598,0,2,0,Primus OnlinePackage,0,100,1015,9,2021,GST,106,1831,329.49,2022-04-17,SYSTEM,2
810,Company Owned,1.0,M2201958,6,2758,240.0,0.0,2758,2160.0,598,0,2,0,Primus OnlinePackage,0,100,1008,9,2021,GST,106,1831,329.49,2023-07-30,SYSTEM,2
810,Company Owned,1.0,M2201960,6,2758,240.0,0.0,2758,2160.0,598,0,2,0,Primus OnlinePackage,0,100,1008,9,2021,GST,106,1831,329.49,2022-03-17,SYSTEM,2
810,Company Owned,1.0,M2201953,6,2758,240.0,0.0,2758,2160.0,598,0,2,0,Primus OnlinePackage,0,100,1008,9,2021,GST,139,1831,329.49,2022-03-13,SYSTEM,2
810,Company Owned,1.0,M223079,6,2160,240.0,0.0,2758,2160.0,598,0,2,0,Online Package,598,100,1008,9,2021,GST,139,1324,238.27,2022-03-13,SREELAKSHMI,2
810,Company Owned,1.0,M2201950,6,2758,240.0,0.0,2758,2160.0,598,0,2,0,Primus OnlinePackage,0,100,1008,9,2021,GST,147,1831,329.49,2022-03-12,SYSTEM,2
810,Company Owned,1.0,M2201952,6,2758,240.0,0.0,2758,2160.0,598,0,2,0,Online Package,0,100,1008,9,2021,GST,147,1831,329.49,2024-05-16,SYSTEM,2
810,Company Owned,1.0,M2201949,6,4918,480.0,0.0,4918,4320.0,598,0,4,0,Online Package,0,100,1008,9,2021,GST,156,3661,658.98,2023-06-29,SYSTEM,2
810,Company Owned,1.0,M223076,6,2160,240.0,0.0,2758,2160.0,598,0,2,0,Online Package,598,100,1008,9,2021,GST,180,1324,238.27,2022-03-16,SREELAKSHMI,2
810,Company Owned,1.0,M2201944,6,2758,240.0,0.0,2758,2160.0,598,0,2,0,Online Package,0,100,1015,9,2021,GST,180,1831,329.49,2022-09-23,SYSTEM,2
810,Company Owned,1.0,M2201940,6,2758,240.0,0.0,2758,2160.0,598,0,2,0,Primus OnlinePackage,0,100,1008,9,2021,GST,188,1831,329.49,2022-09-11,SYSTEM,2
810,Company Owned,1.0,M2201941,6,3298,300.0,0.0,3298,2700.0,598,0,3,0,Online Package,0,100,1003,9,2021,GST,188,2288,411.86,2022-03-07,SYSTEM,2
810,Company Owned,1.0,M2201942,6,2758,240.0,0.0,2758,2160.0,598,0,2,0,Primus OnlinePackage,0,100,1008,9,2021,GST,188,1831,329.49,2024-08-05,SYSTEM,2
810,Company Owned,1.0,M2201938,6,2758,240.0,0.0,2758,2160.0,598,0,2,0,Primus OnlinePackage,0,100,1008,9,2021,GST,205,1831,329.49,2022-03-05,SYSTEM,2
810,Company Owned,1.0,M2201933,6,2758,240.0,0.0,2758,2160.0,598,0,2,0,Primus OnlinePackage,0,100,1008,9,2021,GST,229,1831,329.49,2023-03-07,SYSTEM,2
810,Company Owned,1.0,M223070,6,2160,240.0,0.0,2758,2160.0,598,0,2,0,Online Package,598,100,1008,9,2021,GST,238,1324,238.27,2022-03-01,LAVANYA,2
810,Company Owned,1.0,M2201930,6,2758,240.0,0.0,2758,2160.0,598,0,2,0,Primus OnlinePackage,0,100,1013,8,2021,GST,16,1831,329.49,2022-02-28,SYSTEM,2
810,Company Owned,1.0,M2201921,6,2758,240.0,0.0,2758,2160.0,598,0,2,0,Primus OnlinePackage,0,100,1008,8,2021,GST,49,1831,329.49,2022-02-25,SYSTEM,2
810,Company Owned,1.0,M2201920,6,2758,240.0,0.0,2758,2160.0,598,0,2,0,Online Package,0,100,1008,8,2021,GST,57,1831,329.49,2022-02-24,SYSTEM,2
810,Company Owned,1.0,M2201916,6,4738,360.0,0.0,4738,3240.0,598,0,4,0,Primus OnlinePackage,0,100,1008,8,2021,GST,66,3508,631.53,2022-02-23,SYSTEM,2
810,Company Owned,1.0,M2201915,6,2758,240.0,0.0,2758,2160.0,598,0,2,0,Online Package,0,100,1015,8,2021,GST,74,1831,329.49,2022-02-22,SYSTEM,2
810,Company Owned,1.0,M2201911,6,3298,300.0,0.0,3298,2700.0,598,0,3,0,Online Package,0,100,1008,8,2021,GST,90,2288,411.86,2024-02-28,SYSTEM,2
810,Company Owned,1.0,M223065,6,2160,240.0,0.0,2758,2160.0,598,0,2,0,Online Package,598,100,1001,8,2021,GST,98,1324,238.27,2022-02-19,LAVANYA,2
810,Company Owned,1.0,M2201910,6,3298,300.0,0.0,3298,2700.0,598,0,3,0,Online Package,0,100,1008,8,2021,GST,98,2288,411.86,2022-02-19,SYSTEM,2
810,Company Owned,1.0,M2201905,6,2758,240.0,0.0,2758,2160.0,598,0,2,0,Primus OnlinePackage,0,100,1008,8,2021,GST,131,1831,329.49,2022-02-15,SYSTEM,2
810,Company Owned,1.0,M2201903,6,2758,240.0,0.0,2758,2160.0,598,0,2,0,Online Package,0,100,1015,8,2021,GST,139,1831,329.49,2022-02-14,SYSTEM,2
810,Company Owned,1.0,M223063,6,2160,240.0,0.0,2758,2160.0,598,0,2,0,Online Package,598,100,1013,8,2021,GST,164,1324,238.27,2023-06-09,SREELAKSHMI,2
810,Company Owned,1.0,M2201898,6,2758,240.0,0.0,2758,2160.0,598,0,2,0,Online Package,0,100,1008,8,2021,GST,180,1831,329.49,2022-02-09,SYSTEM,2
810,Company Owned,1.0,M2201899,6,2758,240.0,0.0,2758,2160.0,598,0,2,0,Primus OnlinePackage,0,100,1013,8,2021,GST,180,1831,329.49,2022-02-09,SYSTEM,2
810,Company Owned,1.0,M2201896,6,2758,240.0,0.0,2758,2160.0,598,0,2,0,Online Package,0,100,1013,8,2021,GST,188,1831,329.49,2023-05-05,SYSTEM,2
810,Company Owned,1.0,M2201897,6,2758,240.0,0.0,2758,2160.0,598,0,2,0,Primus OnlinePackage,0,100,1008,8,2021,GST,188,1831,329.49,2023-02-12,SYSTEM,2
810,Company Owned,1.0,M2201893,6,2758,240.0,0.0,2758,2160.0,598,0,2,0,Online Package,0,100,1015,8,2021,GST,197,1831,329.49,2022-02-07,SYSTEM,2
810,Company Owned,1.0,M2201894,6,2758,240.0,0.0,2758,2160.0,598,0,2,0,Primus OnlinePackage,0,100,1008,8,2021,GST,197,1831,329.49,2022-02-07,SYSTEM,2
810,Company Owned,1.0,M2201889,6,2758,240.0,0.0,2758,2160.0,598,0,2,0,Primus OnlinePackage,0,100,1003,8,2021,GST,205,1831,329.49,2022-02-06,SYSTEM,2
810,Company Owned,1.0,M2201891,6,2758,240.0,0.0,2758,2160.0,598,0,2,0,Primus OnlinePackage,0,100,1008,8,2021,GST,205,1831,329.49,2022-02-06,SYSTEM,2
810,Company Owned,1.0,M2201886,6,2758,240.0,0.0,2758,2160.0,598,0,2,0,Primus OnlinePackage,0,100,1015,8,2021,GST,221,1831,329.49,2022-08-04,SYSTEM,2
810,Company Owned,1.0,M223061,6,2160,240.0,0.0,2758,2160.0,598,0,2,0,Online Package,598,100,1008,8,2021,GST,229,1324,238.27,2022-02-03,SREELAKSHMI,2
810,Company Owned,1.0,M2201880,6,2758,240.0,0.0,2758,2160.0,598,0,2,0,Primus OnlinePackage,0,100,1015,8,2021,GST,246,1831,329.49,2023-02-05,SYSTEM,2
810,Company Owned,1.0,M2201881,6,2758,240.0,0.0,2758,2160.0,598,0,2,0,Online Package,0,100,1008,8,2021,GST,246,1831,329.49,2022-03-01,SYSTEM,2
810,Company Owned,1.0,M223057,6,2160,240.0,0.0,2758,2160.0,598,0,2,0,Online Package,598,100,1015,7,2021,GST,41,1324,238.27,2022-01-26,SREELAKSHMI,2
810,Company Owned,1.0,M2201870,6,2758,240.0,0.0,2758,2160.0,598,0,2,0,Online Package,0,100,1008,7,2021,GST,49,1831,329.49,2023-02-13,SYSTEM,2
810,Company Owned,1.0,M2201867,6,2758,240.0,0.0,2758,2160.0,598,0,2,0,Online Package,0,100,1008,7,2021,GST,66,1831,329.49,2022-01-23,SYSTEM,2
810,Company Owned,1.0,M2201862,6,3838,360.0,0.0,3838,3240.0,598,0,4,0,Primus OnlinePackage,0,100,1003,7,2021,GST,74,2746,494.24,2022-01-22,SYSTEM,2
810,Company Owned,1.0,M2201860,6,2758,240.0,0.0,2758,2160.0,598,0,2,0,Primus OnlinePackage,0,100,1013,7,2021,GST,82,1831,329.49,2022-01-21,SYSTEM,2
810,Company Owned,1.0,M223053,6,3000,360.0,0.0,3838,3240.0,598,0,4,0,Online Package,838,100,1003,7,2021,GST,98,2036,366.41,2022-01-19,SREELAKSHMI,2
810,Company Owned,1.0,M2201855,6,3838,360.0,0.0,3838,3240.0,598,0,4,0,Online Package,0,100,1015,7,2021,GST,106,2746,494.24,2022-01-18,SYSTEM,2
810,Company Owned,1.0,M2201856,6,2758,240.0,0.0,2758,2160.0,598,0,2,0,Primus OnlinePackage,0,100,1015,7,2021,GST,106,1831,329.49,2023-01-26,SYSTEM,2
810,Company Owned,1.0,M2201858,6,2758,240.0,0.0,2758,2160.0,598,0,2,0,Primus OnlinePackage,0,100,1008,7,2021,GST,106,1831,329.49,2022-01-18,SYSTEM,2
810,Company Owned,1.0,M2201852,6,2758,240.0,0.0,2758,2160.0,598,0,2,0,Primus OnlinePackage,0,100,1008,7,2021,GST,115,1831,329.49,2022-01-17,SYSTEM,2
810,Company Owned,1.0,M2201850,6,2758,240.0,0.0,2758,2160.0,598,0,3,0,Online Package,0,100,1008,7,2021,GST,123,1831,329.49,2024-01-16,SYSTEM,2
810,Company Owned,1.0,M2201851,6,2758,240.0,0.0,2758,2160.0,598,0,2,0,Online Package,0,100,1008,7,2021,GST,123,1831,329.49,2022-01-16,SYSTEM,2
810,Company Owned,1.0,M2201849,6,2758,240.0,0.0,2758,2160.0,598,0,2,0,Online Package,0,100,1008,7,2021,GST,131,1831,329.49,2022-01-15,SYSTEM,2
131,Active User Branch,1.0,M222433,6,2758,240.0,0.0,2758,2160.0,598,0,2,0,Default package,0,30,131,7,2021,GST,238,1831,329.49,2024-03-17,FRONTOFFICE ELC,2
810,Company Owned,1.0,M223046,6,3838,360.0,0.0,3838,3240.0,598,0,4,0,Online Package,0,100,1008,6,2021,GST,0,2746,494.24,2022-01-30,PRIYA SURESH,2
810,Company Owned,1.0,M2201828,6,2758,240.0,0.0,2758,2160.0,598,0,2,0,Primus OnlinePackage,0,100,1003,6,2021,GST,0,1831,329.49,2021-12-30,SYSTEM,2
810,Company Owned,1.0,M223045,6,2500,300.0,0.0,3298,2700.0,598,0,3,0,Online Package,798,100,1015,6,2021,GST,8,1612,290.14,2021-12-29,SREELAKSHMI,2
810,Company Owned,1.0,M223044,6,2160,240.0,0.0,2758,2160.0,598,0,2,0,Online Package,598,100,1003,6,2021,GST,16,1324,238.27,2021-12-28,SREELAKSHMI,2
810,Company Owned,1.0,M2201824,6,2758,240.0,0.0,2758,2160.0,598,0,2,0,Online Package,0,100,1013,6,2021,GST,25,1831,329.49,2023-02-13,SYSTEM,2
810,Company Owned,1.0,M2201825,6,2758,240.0,0.0,2758,2160.0,598,0,2,0,Online Package,0,100,1008,6,2021,GST,25,1831,329.49,2021-12-27,SYSTEM,2
810,Company Owned,1.0,M2201818,6,2758,240.0,0.0,2758,2160.0,598,0,2,0,Primus OnlinePackage,0,100,1008,6,2021,GST,66,1831,329.49,2023-10-03,SYSTEM,2
810,Company Owned,1.0,M223042,6,2160,240.0,0.0,2758,2160.0,598,0,2,0,Online Package,598,100,1008,6,2021,GST,90,1324,238.27,2021-12-19,SREELAKSHMI,2
810,Company Owned,1.0,M2201807,6,2758,240.0,0.0,2758,2160.0,598,0,2,0,Primus OnlinePackage,0,100,1008,6,2021,GST,131,1831,329.49,2022-12-17,SYSTEM,2
810,Company Owned,1.0,M2201809,6,2758,240.0,0.0,2758,2160.0,598,0,2,0,Primus OnlinePackage,0,100,1008,6,2021,GST,131,1831,329.49,2022-07-13,SYSTEM,2
810,Company Owned,1.0,M2201806,6,2758,240.0,0.0,2758,2160.0,598,0,2,0,Primus OnlinePackage,0,100,1013,6,2021,GST,139,1831,329.49,2021-12-13,SYSTEM,2
810,Company Owned,1.0,M2201804,6,2758,240.0,0.0,2758,2160.0,598,0,2,0,Primus OnlinePackage,0,100,1013,6,2021,GST,147,1831,329.49,2022-02-12,SYSTEM,2
810,Company Owned,1.0,M2201801,6,2758,240.0,0.0,2758,2160.0,598,0,2,0,Online Package,0,100,1013,6,2021,GST,188,1831,329.49,2021-12-07,SYSTEM,2
810,Company Owned,1.0,M2201799,6,3838,360.0,0.0,3838,3240.0,598,0,4,0,Primus OnlinePackage,0,100,1003,5,2021,GST,41,2746,494.24,2021-11-26,SYSTEM,2
810,Company Owned,1.0,M2201798,6,2758,240.0,0.0,2758,2160.0,598,0,2,0,Primus OnlinePackage,0,100,1008,5,2021,GST,49,1831,329.49,2021-11-25,SYSTEM,2
810,Company Owned,1.0,M2201797,6,2758,240.0,0.0,2758,2160.0,598,0,2,0,Online Package,0,100,1013,5,2021,GST,57,1831,329.49,2021-11-24,SYSTEM,2
810,Company Owned,1.0,M223032,6,2160,240.0,0.0,2758,2160.0,598,0,2,0,Online Package,598,100,1008,5,2021,GST,82,1324,238.27,2021-11-21,SREELAKSHMI,2
810,Company Owned,1.0,M223031,6,2040,240.0,0.0,2758,2160.0,598,0,2,0,Online Package,718,100,1008,5,2021,GST,131,1222,219.97,2021-12-16,SREELAKSHMI,2
810,Company Owned,1.0,M223028,6,2160,240.0,0.0,2758,2160.0,598,0,2,0,Online Package,598,100,1008,5,2021,GST,164,1324,238.27,2021-12-12,SREELAKSHMI,2
810,Company Owned,1.0,M223029,6,2758,240.0,0.0,2758,2160.0,598,0,2,0,Online Package,0,100,1013,5,2021,GST,164,1831,329.49,2023-01-23,PRIYA SURESH,2
810,Company Owned,1.0,M2201790,6,2758,240.0,0.0,2758,2160.0,598,0,2,0,Primus OnlinePackage,0,100,1008,5,2021,GST,213,1831,329.49,2021-11-05,SYSTEM,2
810,Company Owned,1.0,M223025,6,2160,240.0,0.0,2758,2160.0,598,0,2,0,Online Package,598,100,1008,5,2021,GST,229,1324,238.27,2021-12-12,SREELAKSHMI,2
810,Company Owned,1.0,M2201787,6,2758,240.0,0.0,2758,2160.0,598,0,2,0,Primus OnlinePackage,0,100,1003,5,2021,GST,238,1831,329.49,2021-11-02,SYSTEM,2
810,Company Owned,1.0,M223023,6,2160,240.0,0.0,2758,2160.0,598,0,2,0,Online Package,598,100,1008,4,2021,GST,16,1324,238.27,2021-10-28,SREELAKSHMI,2
810,Company Owned,1.0,M2201783,6,2758,240.0,0.0,2758,2160.0,598,0,2,0,Primus OnlinePackage,0,100,1008,4,2021,GST,16,1831,329.49,2023-07-09,SYSTEM,2
810,Company Owned,1.0,M2201780,6,2758,240.0,0.0,2758,2160.0,598,0,2,0,Online Package,0,100,1008,4,2021,GST,33,1831,329.49,2021-10-26,SYSTEM,2
810,Company Owned,1.0,M2201781,6,2758,240.0,0.0,2758,2160.0,598,0,2,0,Online Package,0,100,1008,4,2021,GST,33,1831,329.49,2021-10-26,SYSTEM,2
810,Company Owned,1.0,M2201774,6,2758,240.0,0.0,2758,2160.0,598,0,2,0,Primus OnlinePackage,0,100,1003,4,2021,GST,49,1831,329.49,2021-10-24,SYSTEM,2
810,Company Owned,1.0,M2201775,6,3838,360.0,0.0,3838,3240.0,598,0,4,0,Online Package,0,100,1008,4,2021,GST,49,2746,494.24,2021-10-24,SYSTEM,2
810,Company Owned,1.0,M2201777,6,3838,360.0,0.0,3838,3240.0,598,0,4,0,Online Package,0,100,1008,4,2021,GST,49,2746,494.24,2021-10-24,SYSTEM,2
810,Company Owned,1.0,M223022,6,2160,240.0,0.0,2758,2160.0,598,0,2,0,Online Package,598,100,1008,4,2021,GST,57,1324,238.27,2021-10-23,SREELAKSHMI,2
810,Company Owned,1.0,M216000,6,2160,240.0,0.0,2758,2160.0,598,0,2,0,Online Package,598,100,1008,4,2021,GST,74,1324,238.27,2021-10-21,SREELAKSHMI,2
810,Company Owned,1.0,M2201766,6,3838,360.0,0.0,3838,3240.0,598,0,4,0,Primus OnlinePackage,0,100,1008,4,2021,GST,74,2746,494.24,2021-10-21,SYSTEM,2
810,Company Owned,1.0,M2201763,6,2758,240.0,0.0,2758,2160.0,598,0,2,0,Primus OnlinePackage,0,100,1008,4,2021,GST,98,1831,329.49,2022-10-23,SYSTEM,2
810,Company Owned,1.0,M2201754,6,2758,240.0,0.0,2758,2160.0,598,0,2,0,Online Package,0,100,1008,4,2021,GST,115,1831,329.49,2021-10-16,SYSTEM,2
1008,Company Owned,1.0,M215997,6,2758,240.0,0.0,2758,2160.0,598,0,2,0,Online Package,0,100,1008,4,2021,GST,115,1831,329.49,2021-10-16,SANTHOSH B,2
810,Company Owned,1.0,M2201755,6,2758,240.0,0.0,2758,2160.0,598,0,2,0,Primus OnlinePackage,0,100,1008,4,2021,GST,115,1831,329.49,2021-10-16,SYSTEM,2
810,Company Owned,1.0,M2201749,6,3298,300.0,0.0,3298,2700.0,598,0,3,0,Primus OnlinePackage,0,100,1008,4,2021,GST,123,2288,411.86,2023-10-22,SYSTEM,2
810,Company Owned,1.0,M2201748,6,2758,240.0,0.0,2758,2160.0,598,0,2,0,Primus OnlinePackage,0,100,1008,4,2021,GST,131,1831,329.49,2021-10-14,SYSTEM,2
810,Company Owned,1.0,M215995,6,2160,240.0,0.0,2758,2160.0,598,0,2,0,Online Package,598,100,1008,4,2021,GST,147,1324,238.27,2021-10-12,SREELAKSHMI,2
810,Company Owned,1.0,M2201737,6,2758,240.0,0.0,2758,2160.0,598,0,2,0,Primus OnlinePackage,0,100,1008,4,2021,GST,164,1831,329.49,2023-10-27,SYSTEM,2
810,Company Owned,1.0,M2201738,6,2758,240.0,0.0,2758,2160.0,598,0,2,0,Online Package,0,100,1013,4,2021,GST,164,1831,329.49,2021-10-10,SYSTEM,2
810,Company Owned,1.0,M215992,6,2758,240.0,0.0,2758,2160.0,598,0,2,0,Online Package,0,100,1008,4,2021,GST,172,1831,329.49,2021-10-09,LAVANYA,2
810,Company Owned,1.0,M215993,6,2700,300.0,0.0,3298,2700.0,598,0,3,0,Online Package,598,100,1008,4,2021,GST,172,1781,320.64,2022-11-09,SREELAKSHMI,2
810,Company Owned,1.0,M2201731,6,3298,300.0,0.0,3298,2700.0,598,0,3,0,Online Package,0,100,1008,4,2021,GST,180,2288,411.86,2021-10-08,SYSTEM,2
810,Company Owned,1.0,M215988,6,2040,240.0,0.0,2758,2160.0,598,0,2,0,Online Package,718,100,1008,4,2021,GST,180,1222,219.97,2021-10-08,SREELAKSHMI,2
810,Company Owned,1.0,M215986,6,2160,240.0,0.0,2758,2160.0,598,0,2,0,Online Package,598,100,1008,4,2021,GST,188,1324,238.27,2021-10-07,SREELAKSHMI,2
810,Company Owned,1.0,M215987,6,2160,240.0,0.0,2758,2160.0,598,0,2,0,Online Package,598,100,1015,4,2021,GST,188,1324,238.27,2021-11-08,SREELAKSHMI,2
810,Company Owned,1.0,M2201719,6,3298,300.0,0.0,3298,2700.0,598,0,3,0,Online Package,0,100,1008,4,2021,GST,205,2288,411.86,2021-10-05,SYSTEM,2
810,Company Owned,1.0,M215984,6,2160,240.0,0.0,2758,2160.0,598,0,2,0,Online Package,598,100,1008,4,2021,GST,205,1324,238.27,2021-10-05,LAVANYA,2
810,Company Owned,1.0,M2201723,6,2758,240.0,0.0,2758,2160.0,598,0,2,0,Online Package,0,100,1008,4,2021,GST,205,1831,329.49,2021-10-05,SYSTEM,2
810,Company Owned,1.0,M2201709,6,3298,300.0,0.0,3298,2700.0,598,0,3,0,Primus OnlinePackage,0,100,1008,4,2021,GST,213,2288,411.86,2023-10-06,SYSTEM,2
810,Company Owned,1.0,M2201697,6,3298,300.0,0.0,3298,2700.0,598,0,3,0,Primus OnlinePackage,0,100,1008,4,2021,GST,229,2288,411.86,2022-10-05,SYSTEM,2
810,Company Owned,1.0,M2201700,6,3298,300.0,0.0,3298,2700.0,598,0,2,0,Primus OnlinePackage,0,100,1008,4,2021,GST,229,2288,411.86,2022-07-22,SYSTEM,2
810,Company Owned,1.0,M2201702,6,2758,240.0,0.0,2758,2160.0,598,0,2,0,Primus OnlinePackage,0,100,1008,4,2021,GST,229,1831,329.49,2021-10-02,SYSTEM,2
131,Active User Branch,1.0,M222418,6,2758,240.0,0.0,2758,2160.0,598,0,2,0,Default package,0,30,131,3,2021,GST,0,1831,329.49,2021-09-30,FRONTOFFICE ELC,2
810,Company Owned,1.0,M2201689,6,3838,360.0,0.0,3838,3240.0,598,0,4,0,Primus OnlinePackage,0,100,1003,3,2021,GST,8,2746,494.24,2021-09-30,SYSTEM,2
114,Revenue Share,1.0,M221676,6,3298,300.0,0.0,3298,2700.0,598,0,3,0,Default package,0,20,114,3,2021,GST,8,2288,411.86,2022-04-09,FRONTOFFICE SARJAPURATOWN,2
137,Active User Branch,1.0,M222534,6,3298,300.0,0.0,3298,2700.0,598,0,4,0,Default package,0,30,137,3,2021,IGST,8,2288,411.86,2022-10-01,PRIYA SUNDARARAJAN,2
37,Company Owned,1.0,M221611,6,2160,240.0,0.0,2758,2160.0,598,0,2,0,Default package,598,100,37,3,2021,GST,8,1324,238.27,2021-09-30,BHANUMATHI MP,2
810,Company Owned,1.0,M2201685,6,2758,240.0,0.0,2758,2160.0,598,0,2,0,Primus OnlinePackage,0,100,1008,3,2021,GST,25,1831,329.49,2021-11-28,SYSTEM,2
62,Company Owned,1.0,m222489,6,2160,240.0,0.0,2758,2160.0,598,0,2,0,Default package,598,100,62,3,2021,GST,25,1324,238.27,2021-09-28,FRONTOFFICE BUGLE ROCK,2
810,Company Owned,1.0,M2201686,6,3298,300.0,0.0,3298,2700.0,598,0,3,0,Online Package,0,100,1008,3,2021,GST,25,2288,411.86,2021-09-28,SYSTEM,2
810,Company Owned,1.0,M2201687,6,2758,240.0,0.0,2758,2160.0,598,0,2,0,Online Package,0,100,1008,3,2021,GST,25,1831,329.49,2021-12-28,SYSTEM,2
37,Company Owned,1.0,M221610,6,2160,240.0,0.0,2758,2160.0,598,0,1,0,Default package,598,100,37,3,2021,GST,33,1324,238.27,2024-09-09,BHANUMATHI MP,2
43,Company Owned,1.0,m222512,6,2160,240.0,0.0,2758,2160.0,598,0,2,0,Default package,598,100,43,3,2021,IGST,41,1324,238.27,2021-09-26,FRONTOFFICE KUKATPALLI,2
62,Company Owned,1.0,m222476,6,2758,240.0,0.0,2758,2160.0,598,0,2,0,Default package,0,100,62,3,2021,GST,57,1831,329.49,2021-09-24,FRONTOFFICE BUGLE ROCK,2
810,Company Owned,1.0,M2201670,6,2758,240.0,0.0,2758,2160.0,598,0,2,0,Online Package,0,100,1008,3,2021,GST,66,1831,329.49,2021-09-23,SYSTEM,2
45,Company Owned,1.0,M222251,6,1620,180.0,0.0,2218,1620.0,598,0,2,0,Default package,598,100,45,3,2021,GST,66,866,155.9,2025-03-23,FRONTOFFICE BANASHANKARI,2
62,Company Owned,1.0,M222474,6,2160,240.0,0.0,2758,2160.0,598,0,2,0,Default package,598,100,62,3,2021,GST,74,1324,238.27,2021-11-23,SANTHOSH B,2
810,Company Owned,1.0,M2201668,6,2758,240.0,0.0,2758,2160.0,598,0,2,0,Primus OnlinePackage,0,100,1008,3,2021,GST,74,1831,329.49,2021-10-22,SYSTEM,2
45,Company Owned,1.0,M222250,6,2160,240.0,0.0,2758,2160.0,598,0,2,0,Default package,598,100,45,3,2021,GST,82,1324,238.27,2022-09-23,FRONTOFFICE BANASHANKARI,2
137,Active User Branch,1.0,M222177,6,2758,240.0,0.0,2758,2160.0,598,0,2,0,Default package,0,30,137,3,2021,IGST,82,1831,329.49,2021-09-21,PRIYA SUNDARARAJAN,2
810,Company Owned,1.0,M2201661,6,3298,300.0,0.0,3298,2700.0,598,0,3,0,Online Package,0,100,1013,3,2021,GST,90,2288,411.86,2021-09-20,SYSTEM,2
134,Active User Branch,1.0,m222205,6,3838,360.0,0.0,3838,3240.0,598,0,4,0,Default package,0,30,134,3,2021,IGST,90,2746,494.24,2021-09-20,FRONTOFFICE WAKAD,2
26,Profit share,1.0,M221817,6,2758,240.0,0.0,2758,2160.0,598,0,3,0,Default package,0,50,26,3,2021,GST,98,1831,329.49,2023-12-19,FRONTOFFICE VBL,2
45,Company Owned,1.0,M222247,6,2758,240.0,0.0,2758,2160.0,598,0,2,0,Default package,0,100,45,3,2021,GST,106,1831,329.49,2023-11-18,FRONTOFFICE BANASHANKARI,2
810,Company Owned,1.0,M215975,6,2758,240.0,0.0,2758,2160.0,598,0,2,0,Online Package,0,100,1003,3,2021,GST,115,1831,329.49,2022-03-23,SREELAKSHMI,2
810,Company Owned,1.0,M2201657,6,2758,240.0,0.0,2758,2160.0,598,0,2,0,Online Package,0,100,1015,3,2021,GST,123,1831,329.49,2021-09-16,SYSTEM,2
810,Company Owned,1.0,M2201652,6,3838,360.0,0.0,3838,3240.0,598,0,4,0,Online Package,0,100,1008,3,2021,GST,139,2746,494.24,2021-09-14,SYSTEM,2
810,Company Owned,1.0,M2201647,6,3298,300.0,0.0,3298,2700.0,598,0,3,0,Online Package,0,100,1008,3,2021,GST,156,2288,411.86,2022-09-09,SYSTEM,2
32,Company Owned,1.0,M221467,6,2758,300.0,0.0,3298,2700.0,598,0,3,0,Default package,540,100,32,3,2021,GST,156,1831,329.49,2021-09-12,FRONTOFFICE,2
77,Active User Branch,1.0,M219749,6,3298,300.0,0.0,3298,2700.0,598,0,2,0,Default package,0,30,77,3,2021,GST,156,2288,411.86,2024-05-04,FRONTOFFICE,2
131,Active User Branch,1.0,M222065,6,2758,240.0,0.0,2758,2160.0,598,0,2,0,Default package,0,30,131,3,2021,GST,164,1831,329.49,2021-09-11,FRONTOFFICE ELC,2
131,Active User Branch,1.0,M222064,6,2758,240.0,0.0,2758,2160.0,598,0,2,0,Default package,0,30,131,3,2021,GST,180,1831,329.49,2021-09-09,FRONTOFFICE ELC,2
810,Company Owned,1.0,M2201641,6,2758,240.0,0.0,2758,2160.0,598,0,2,0,Online Package,0,100,1013,3,2021,GST,180,1831,329.49,2021-09-09,SYSTEM,2
810,Company Owned,1.0,M2201637,6,3298,300.0,0.0,3298,2700.0,598,0,2,0,Online Package,0,100,1003,3,2021,GST,197,2288,411.86,2022-09-18,SYSTEM,2
62,Company Owned,1.0,M222467,6,3298,300.0,0.0,3298,2700.0,598,0,3,0,Default package,0,100,62,3,2021,GST,197,2288,411.86,2021-09-07,FRONTOFFICE BUGLE ROCK,2
43,Company Owned,1.0,m222506,6,2160,240.0,0.0,2758,2160.0,598,0,2,0,Default package,598,100,43,3,2021,IGST,197,1324,238.27,2021-12-09,FRONTOFFICE KUKATPALLI,2
137,Active User Branch,1.0,M222171,6,2758,240.0,0.0,2758,2160.0,598,0,2,0,Default package,0,30,137,3,2021,IGST,197,1831,329.49,2021-09-07,PRIYA SUNDARARAJAN,2
114,Revenue Share,1.0,M221671,6,3298,300.0,0.0,3298,2700.0,598,0,4,0,Default package,0,20,114,3,2021,GST,197,2288,411.86,2022-05-30,FRONTOFFICE SARJAPURATOWN,2
126,Active User Branch,1.0,M221380,6,3298,300.0,0.0,3298,2700.0,598,0,3,0,Default package,0,35,126,3,2021,GST,205,2288,411.86,2025-03-10,FRONT OFFICE HSR,2
131,Active User Branch,1.0,M222063,6,3838,360.0,0.0,3838,3240.0,598,0,3,0,Default package,0,30,131,3,2021,GST,205,2746,494.24,2022-03-09,FRONTOFFICE ELC,2
810,Company Owned,1.0,M2201634,6,3298,300.0,0.0,3298,2700.0,598,0,3,0,Online Package,0,100,1008,3,2021,GST,205,2288,411.86,2021-09-06,SYSTEM,2
32,Company Owned,1.0,M221462,6,2758,240.0,0.0,2758,2160.0,598,0,2,0,Default package,0,100,32,3,2021,GST,221,1831,329.49,2021-09-04,FRONTOFFICE,2
810,Company Owned,1.0,M2201628,6,3298,300.0,0.0,3298,2700.0,598,0,3,0,Primus OnlinePackage,0,100,1008,3,2021,GST,229,2288,411.86,2021-09-03,SYSTEM,2
4,Company Owned,1.0,M222582,6,3298,300.0,0.0,3298,2700.0,598,0,3,0,Default package,0,100,4,3,2021,GST,229,2288,411.86,2021-09-03,FRONTOFFICE INDIRANAGAR,2
123,Profit share,1.0,M221930,6,2758,240.0,0.0,2758,2160.0,598,0,2,0,Default package,0,50,123,3,2021,IGST,238,1831,329.49,2022-01-06,FRONT OFFICE,2
4,Company Owned,1.0,M222581,6,2758,240.0,0.0,2758,2160.0,598,0,2,0,Default package,0,100,4,3,2021,GST,238,1831,329.49,2021-09-02,FRONTOFFICE INDIRANAGAR,2
43,Company Owned,1.0,M222502,6,3838,360.0,0.0,3838,3240.0,598,0,4,0,Default package,0,100,43,2,2021,IGST,0,2746,494.24,2021-08-28,FRONTOFFICE KUKATPALLI,2
137,Active User Branch,1.0,M222170,6,2758,240.0,0.0,2758,2160.0,598,0,2,0,Default package,0,30,137,2,2021,IGST,8,1831,329.49,2025-02-28,PRIYA SUNDARARAJAN,2
810,Company Owned,1.0,M2201619,6,3298,300.0,0.0,3298,2700.0,598,0,3,0,Online Package,0,100,1008,2,2021,GST,16,2288,411.86,2021-08-26,SYSTEM,2
123,Profit share,1.0,M221927,6,3298,300.0,0.0,3298,2700.0,598,0,3,0,Default package,0,50,123,2,2021,IGST,33,2288,411.86,2022-10-17,FRONT OFFICE,2
810,Company Owned,1.0,M2201618,6,2758,240.0,0.0,2758,2160.0,598,0,2,0,Online Package,0,100,1003,2,2021,GST,33,1831,329.49,2021-08-24,SYSTEM,2
810,Company Owned,1.0,M215966,6,2638,240.0,0.0,2758,2160.0,598,0,2,0,Online Package,120,100,1003,2,2021,GST,57,1729,311.19,2022-09-22,PRIYANKA,2
2,Revenue Share,1.0,M222195,6,2758,240.0,0.0,2758,2160.0,598,0,2,0,Default package,0,20,2,2,2021,GST,57,1831,329.49,2021-08-21,SHEKAR JP NAGAR,2
134,Active User Branch,1.0,M220800,6,2758,240.0,0.0,2758,2160.0,598,0,2,0,Default package,0,30,134,2,2021,IGST,57,1831,329.49,2021-08-21,FRONTOFFICE WAKAD,2
26,Profit share,1.0,M221815,6,2758,240.0,0.0,2758,2160.0,598,0,2,0,Default package,0,50,26,2,2021,GST,57,1831,329.49,2022-04-30,FRONTOFFICE VBL,2
43,Company Owned,1.0,M221585,6,2758,240.0,0.0,2758,2160.0,598,0,2,0,Default package,0,100,43,2,2021,IGST,66,1831,329.49,2021-08-20,FRONTOFFICE KUKATPALLI,2
123,Profit share,1.0,M221924,6,2758,240.0,0.0,2758,2160.0,598,0,2,0,Default package,0,50,123,2,2021,IGST,74,1831,329.49,2021-09-20,FRONT OFFICE,2
45,Company Owned,1.0,M222238,6,2758,240.0,0.0,2758,2160.0,598,0,2,0,Default package,0,100,45,2,2021,GST,82,1831,329.49,2023-07-03,FRONTOFFICE BANASHANKARI,2
2,Revenue Share,1.0,M222194,6,2758,240.0,0.0,2758,2160.0,598,0,2,0,Default package,0,20,2,2,2021,GST,115,1831,329.49,2023-04-15,SHEKAR JP NAGAR,2
810,Company Owned,1.0,M215962,6,2638,240.0,0.0,2758,2160.0,598,0,2,0,Online Package,120,100,1008,2,2021,GST,115,1729,311.19,2021-08-14,BHAVYA,2
102,Revenue Share,1.0,M221546,6,2758,240.0,0.0,2758,2160.0,598,0,2,0,Default package,0,20,102,2,2021,GST,115,1831,329.49,2021-08-14,FRONTOFFICE KOTHNUR,2
810,Company Owned,1.0,M2201604,6,3298,300.0,0.0,3298,2700.0,598,0,3,0,Online Package,0,100,1008,2,2021,GST,115,2288,411.86,2021-08-14,SYSTEM,2
114,Revenue Share,1.0,M221661,6,2758,240.0,0.0,2758,2160.0,598,0,2,0,Default package,0,20,114,2,2021,GST,123,1831,329.49,2022-04-07,FRONTOFFICE SARJAPURATOWN,2
131,Active User Branch,1.0,M222052,6,2758,240.0,0.0,2758,2160.0,598,0,2,0,Default package,0,30,131,2,2021,GST,123,1831,329.49,2021-08-13,FRONTOFFICE ELC,2
137,Active User Branch,1.0,M222159,6,2758,240.0,0.0,2758,2160.0,598,0,2,0,Default package,0,30,137,2,2021,IGST,123,1831,329.49,2025-02-13,PRIYA SUNDARARAJAN,2
131,Active User Branch,1.0,M222057,6,2758,240.0,0.0,2758,2160.0,598,0,2,0,Default package,0,30,131,2,2021,GST,123,1831,329.49,2021-08-13,FRONTOFFICE ELC,2
131,Active User Branch,1.0,M222058,6,2758,240.0,0.0,2758,2160.0,598,0,3,0,Default package,0,30,131,2,2021,GST,123,1831,329.49,2024-06-30,FRONTOFFICE ELC,2
810,Company Owned,1.0,M2201602,6,3298,300.0,0.0,3298,2700.0,598,0,3,0,Online Package,0,100,1013,2,2021,GST,131,2288,411.86,2021-08-12,SYSTEM,2
810,Company Owned,1.0,M2201603,6,2758,240.0,0.0,2758,2160.0,598,0,2,0,Online Package,0,100,1008,2,2021,GST,131,1831,329.49,2021-08-12,SYSTEM,2
810,Company Owned,1.0,M2201598,6,2758,240.0,0.0,2758,2160.0,598,0,2,0,Online Package,0,100,1013,2,2021,GST,147,1831,329.49,2022-08-07,SYSTEM,2
810,Company Owned,1.0,M2201593,6,2758,240.0,0.0,2758,2160.0,598,0,2,0,Online Package,0,100,1008,2,2021,GST,156,1831,329.49,2022-10-01,SYSTEM,2
110,Active User Branch,1.0,M218325,6,3298,300.0,0.0,3298,2700.0,598,0,3,0,Default package,0,30,110,2,2021,GST,172,2288,411.86,2022-02-28,RTN USER,2
810,Company Owned,1.0,M215959,6,2638,240.0,0.0,2758,2160.0,598,0,2,0,Online Package,120,100,1003,2,2021,GST,172,1729,311.19,2022-10-08,PRIYANKA,2
4,Company Owned,1.0,M219221,6,3298,300.0,0.0,3298,2700.0,598,0,3,0,Default package,0,100,4,2,2021,GST,172,2288,411.86,2021-08-07,FRONTOFFICE,2
62,Company Owned,1.0,M215960,6,2758,240.0,0.0,2758,2160.0,598,0,2,0,Default package,0,100,62,2,2021,GST,172,1831,329.49,2021-08-07,FRONTOFFICE BUGLE ROCK,2
108,Profit share,1.0,M222106,6,2758,240.0,0.0,2758,2160.0,598,0,2,0,Default package,0,40,108,2,2021,GST,180,1831,329.49,2023-09-25,SRIVALLI HN,2
123,Profit share,1.0,M221919,6,2758,240.0,0.0,2758,2160.0,598,0,2,0,Default package,0,50,123,2,2021,IGST,188,1831,329.49,2021-12-19,FRONT OFFICE,2
135,Active User Branch,1.0,M222078,6,3298,300.0,0.0,3298,2700.0,598,0,3,0,Default package,0,30,135,2,2021,GST,188,2288,411.86,2021-08-05,FRONTOFFICE VIJAYNAGAR,2
810,Company Owned,1.0,M2201589,6,3298,300.0,0.0,3298,2700.0,598,0,3,0,Online Package,0,100,1008,2,2021,GST,188,2288,411.86,2021-08-21,SYSTEM,2
810,Company Owned,1.0,M215957,6,3148,300.0,0.0,3298,2700.0,598,0,3,0,Online Package,150,100,1008,2,2021,GST,197,2161,388.98,2022-03-09,BHAVYA,2
810,Company Owned,1.0,M2201585,6,2758,240.0,0.0,2758,2160.0,598,0,2,0,Online Package,0,100,1003,2,2021,GST,197,1831,329.49,2021-08-04,SYSTEM,2
77,Active User Branch,1.0,m219744,6,2758,240.0,0.0,2758,2160.0,598,0,2,0,Default package,0,30,77,2,2021,GST,213,1831,329.49,2023-07-17,FRONTOFFICE,2
118,Profit share,1.0,m221974,6,3298,300.0,0.0,3298,2700.0,598,0,3,0,Default package,0,50,118,1,2021,GST,0,2288,411.86,2021-07-31,FRONTOFFICE,2
43,Company Owned,1.0,M221587,6,2160,240.0,0.0,2758,2160.0,598,0,2,0,Default package,598,100,43,1,2021,IGST,0,1324,238.27,2021-08-18,FRONTOFFICE KUKATPALLI,2
131,Active User Branch,1.0,M222038,6,2758,240.0,0.0,2758,2160.0,598,0,2,0,Default package,0,30,131,1,2021,GST,0,1831,329.49,2021-08-31,FRONTOFFICE ELC,2
135,Active User Branch,1.0,M222077,6,2758,240.0,0.0,2758,2160.0,598,0,2,0,Default package,0,30,135,1,2021,GST,8,1831,329.49,2022-09-21,FRONTOFFICE VIJAYNAGAR,2
131,Active User Branch,1.0,M222041,6,2758,240.0,0.0,2758,2160.0,598,0,2,0,Default package,0,30,131,1,2021,GST,8,1831,329.49,2022-03-30,FRONTOFFICE ELC,2
114,Revenue Share,1.0,M221658,6,2758,240.0,0.0,2758,2160.0,598,0,2,0,Default package,0,20,114,1,2021,GST,8,1831,329.49,2021-07-30,FRONTOFFICE SARJAPURATOWN,2
126,Active User Branch,1.0,M221368,6,3658,360.0,0.0,3838,3240.0,598,0,4,0,Default package,180,35,126,1,2021,GST,16,2593,466.78,2023-02-21,FRONT OFFICE HSR,2
810,Company Owned,1.0,M2201572,6,2758,240.0,0.0,2758,2160.0,598,0,2,0,Online Package,0,100,1008,1,2021,GST,25,1831,329.49,2021-07-28,SYSTEM,2
108,Profit share,1.0,M222102,6,2758,240.0,0.0,2758,2160.0,598,0,2,0,Default package,0,40,108,1,2021,GST,33,1831,329.49,2021-07-27,SRIVALLI HN,2
810,Company Owned,1.0,M2201566,6,2758,240.0,0.0,2758,2160.0,598,0,2,0,Online Package,0,100,1013,1,2021,GST,41,1831,329.49,2021-12-25,SYSTEM,2
134,Active User Branch,1.0,M220795,6,2518,240.0,0.0,2758,2160.0,598,0,2,0,Default package,240,30,134,1,2021,IGST,57,1627,292.88,2021-07-24,FRONTOFFICE WAKAD,2
1,Revenue Share,1.0,M219352,6,2758,240.0,0.0,2758,2160.0,598,0,2,0,Default package,0,20,1,1,2021,GST,57,1831,329.49,2021-07-24,SUJATHA K,2
131,Active User Branch,1.0,M221797,6,2758,240.0,0.0,2758,2160.0,598,0,2,0,Default package,0,30,131,1,2021,GST,66,1831,329.49,2022-06-10,FRONTOFFICE ELC,2
810,Company Owned,1.0,M215947,6,3000,300.0,0.0,3298,2700.0,598,0,3,0,Online Package,298,100,1008,1,2021,GST,74,2036,366.41,2021-10-22,BHAVYA,2
810,Company Owned,1.0,M2201554,6,2758,240.0,0.0,2758,2160.0,598,0,2,0,Online Package,0,100,1008,1,2021,GST,82,1831,329.49,2024-02-11,SYSTEM,2
810,Company Owned,1.0,M2201551,6,2758,240.0,0.0,2758,2160.0,598,0,2,0,Online Package,0,100,1008,1,2021,GST,90,1831,329.49,2021-08-21,SYSTEM,2
810,Company Owned,1.0,M2201548,6,2758,240.0,0.0,2758,2160.0,598,0,2,0,Online Package,0,100,1008,1,2021,GST,106,1831,329.49,2021-09-14,SYSTEM,2
18,Revenue Share,1.0,m220960,6,2218,180.0,0.0,2218,1620.0,598,0,1,0,Default package,0,20,18,1,2021,GST,123,1373,247.12,2021-10-19,FRONTOFFICE SARJAPUR,2
810,Company Owned,1.0,M2201546,6,2758,240.0,0.0,2758,2160.0,598,0,2,0,Online Package,0,100,1003,1,2021,GST,123,1831,329.49,2021-07-16,SYSTEM,2
1,Revenue Share,1.0,M219350,6,2758,240.0,0.0,2758,2160.0,598,0,2,0,Default package,0,20,1,1,2021,GST,131,1831,329.49,2021-07-15,SUJATHA K,2
77,Active User Branch,1.0,m219741,6,2758,240.0,0.0,2758,2160.0,598,0,2,0,Default package,0,30,77,1,2021,GST,139,1831,329.49,2021-07-14,FRONTOFFICE,2
1,Revenue Share,1.0,M219349,6,2758,240.0,0.0,2758,2160.0,598,0,2,0,Default package,0,20,1,1,2021,GST,139,1831,329.49,2021-07-14,SUJATHA K,2
810,Company Owned,1.0,M2201543,6,2758,240.0,0.0,2758,2160.0,598,0,2,0,Online Package,0,100,1008,1,2021,GST,139,1831,329.49,2021-07-25,SYSTEM,2
137,Active User Branch,1.0,M222131,6,2758,240.0,0.0,2758,2160.0,598,0,2,0,Default package,0,30,137,1,2021,IGST,147,1831,329.49,2022-04-15,PRIYA SUNDARARAJAN,2
135,Active User Branch,1.0,m222076,6,2758,240.0,0.0,2758,2160.0,598,0,2,0,Default package,0,30,135,1,2021,GST,164,1831,329.49,2021-07-11,FRONTOFFICE VIJAYNAGAR,2
25,Profit share,1.0,M221406,6,2758,240.0,0.0,2758,2160.0,598,0,2,0,Default package,0,50,25,1,2021,GST,172,1831,329.49,2023-09-27,AISHWARAYA L,2
810,Company Owned,1.0,M2201526,6,2758,240.0,0.0,2758,2160.0,598,0,2,0,Online Package,0,100,1013,1,2021,GST,197,1831,329.49,2021-07-07,SYSTEM,2
77,Active User Branch,1.0,M219740,6,2758,240.0,0.0,2758,2160.0,598,0,2,0,Default package,0,30,77,1,2021,GST,197,1831,329.49,2022-08-30,FRONTOFFICE,2
122,Profit share,1.0,M221632,6,2758,240.0,0.0,2758,2160.0,598,0,2,0,Default package,0,50,122,1,2021,GST,197,1831,329.49,2023-07-15,FRONTOFFICE,2
810,Company Owned,1.0,M2201525,6,2758,240.0,0.0,2758,2160.0,598,0,2,0,Online Package,0,100,1013,1,2021,GST,205,1831,329.49,2021-07-06,SYSTEM,2
137,Active User Branch,1.0,M221905,6,3298,300.0,0.0,3298,2700.0,598,0,3,0,Default package,0,30,137,1,2021,IGST,213,2288,411.86,2021-07-05,PRIYA SUNDARARAJAN,2
108,Profit share,1.0,M222101,6,2758,240.0,0.0,2758,2160.0,598,0,2,0,Default package,0,40,108,1,2021,GST,213,1831,329.49,2022-07-08,SRIVALLI HN,2
810,Company Owned,1.0,M2201520,6,2758,240.0,0.0,2758,2160.0,598,0,4,0,Online Package,0,100,1008,1,2021,GST,221,1831,329.49,2023-07-24,SYSTEM,2
810,Company Owned,1.0,M2201518,6,3838,360.0,0.0,3838,3240.0,598,0,4,0,Online Package,0,100,1008,1,2021,GST,229,2746,494.24,2021-07-03,SYSTEM,2
135,Active User Branch,1.0,M222073,6,2758,240.0,0.0,2758,2160.0,598,0,2,0,Default package,0,30,135,1,2021,GST,229,1831,329.49,2021-07-03,FRONTOFFICE VIJAYNAGAR,2
810,Company Owned,1.0,M2201519,6,2758,240.0,0.0,2758,2160.0,598,0,2,0,Online Package,0,100,1013,1,2021,GST,229,1831,329.49,2021-07-19,SYSTEM,2
134,Active User Branch,1.0,M220791,6,3298,300.0,0.0,3298,2700.0,598,0,3,0,Default package,0,30,134,1,2021,IGST,238,2288,411.86,2021-07-02,FRONTOFFICE WAKAD,2
